2025-12-05 14:14:30 INFO  o.h.validator.internal.util.Version - HV000001: Hibernate Validator 8.0.2.Final
2025-12-05 14:14:32 INFO  c.P.U.n.NormalizerServiceApplication - Starting NormalizerServiceApplication using Java 17.0.17 with PID 57 (/app/target/classes started by root in /app)
2025-12-05 14:14:32 INFO  c.P.U.n.NormalizerServiceApplication - No active profile set, falling back to 1 default profile: "default"
2025-12-05 14:14:33 INFO  o.s.b.d.e.DevToolsPropertyDefaultsPostProcessor - Devtools property defaults active! Set 'spring.devtools.add-properties' to 'false' to disable
2025-12-05 14:14:33 INFO  o.s.b.d.e.DevToolsPropertyDefaultsPostProcessor - For additional web related logging consider setting the 'logging.level.web' property to 'DEBUG'
2025-12-05 14:15:26 INFO  o.s.d.r.c.RepositoryConfigurationDelegate - Bootstrapping Spring Data JPA repositories in DEFAULT mode.
2025-12-05 14:15:28 INFO  o.s.d.r.c.RepositoryConfigurationDelegate - Finished Spring Data repository scanning in 1912 ms. Found 1 JPA repository interface.
2025-12-05 14:15:44 INFO  o.s.b.w.e.tomcat.TomcatWebServer - Tomcat initialized with port 8083 (http)
2025-12-05 14:15:44 INFO  o.a.coyote.http11.Http11NioProtocol - Initializing ProtocolHandler ["http-nio-8083"]
2025-12-05 14:15:44 INFO  o.a.catalina.core.StandardService - Starting service [Tomcat]
2025-12-05 14:15:44 INFO  o.a.catalina.core.StandardEngine - Starting Servlet engine: [Apache Tomcat/10.1.42]
2025-12-05 14:15:45 INFO  o.a.c.c.C.[Tomcat].[localhost].[/] - Initializing Spring embedded WebApplicationContext
2025-12-05 14:15:45 INFO  o.s.b.w.s.c.ServletWebServerApplicationContext - Root WebApplicationContext: initialization completed in 72436 ms
2025-12-05 14:15:49 INFO  o.h.jpa.internal.util.LogHelper - HHH000204: Processing PersistenceUnitInfo [name: default]
2025-12-05 14:15:51 INFO  org.hibernate.Version - HHH000412: Hibernate ORM core version 6.6.18.Final
2025-12-05 14:15:52 INFO  o.h.c.i.RegionFactoryInitiator - HHH000026: Second-level cache disabled
2025-12-05 14:16:03 INFO  o.s.o.j.p.SpringPersistenceUnitInfo - No LoadTimeWeaver setup: ignoring JPA class transformer
2025-12-05 14:16:04 INFO  com.zaxxer.hikari.HikariDataSource - HikariPool-1 - Starting...
2025-12-05 14:16:07 INFO  com.zaxxer.hikari.pool.HikariPool - HikariPool-1 - Added connection org.postgresql.jdbc.PgConnection@9ce092a
2025-12-05 14:16:07 INFO  com.zaxxer.hikari.HikariDataSource - HikariPool-1 - Start completed.
2025-12-05 14:16:10 WARN  org.hibernate.orm.deprecation - HHH90000025: PostgreSQLDialect does not need to be specified explicitly using 'hibernate.dialect' (remove the property setting and it will be selected by default)
2025-12-05 14:16:10 INFO  o.hibernate.orm.connections.pooling - HHH10001005: Database info:
	Database JDBC URL [Connecting through datasource 'HikariDataSource (HikariPool-1)']
	Database driver: undefined/unknown
	Database version: 15.13
	Autocommit mode: undefined/unknown
	Isolation level: undefined/unknown
	Minimum pool size: undefined/unknown
	Maximum pool size: undefined/unknown
2025-12-05 14:16:33 INFO  o.h.e.t.j.p.i.JtaPlatformInitiator - HHH000489: No JTA platform available (set 'hibernate.transaction.jta.platform' to enable JTA platform integration)
2025-12-05 14:16:34 WARN  o.h.t.s.i.ExceptionHandlerLoggedImpl - GenerationTarget encountered exception accepting command : Error executing DDL "alter table if exists normalized_upi_transactions add column source varchar(255) not null" via JDBC [ERROR: column "source" of relation "normalized_upi_transactions" contains null values]
org.hibernate.tool.schema.spi.CommandAcceptanceException: Error executing DDL "alter table if exists normalized_upi_transactions add column source varchar(255) not null" via JDBC [ERROR: column "source" of relation "normalized_upi_transactions" contains null values]
	at org.hibernate.tool.schema.internal.exec.GenerationTargetToDatabase.accept(GenerationTargetToDatabase.java:94)
	at org.hibernate.tool.schema.internal.AbstractSchemaMigrator.applySqlString(AbstractSchemaMigrator.java:576)
	at org.hibernate.tool.schema.internal.AbstractSchemaMigrator.applySqlStrings(AbstractSchemaMigrator.java:516)
	at org.hibernate.tool.schema.internal.AbstractSchemaMigrator.migrateTable(AbstractSchemaMigrator.java:334)
	at org.hibernate.tool.schema.internal.GroupedSchemaMigratorImpl.performTablesMigration(GroupedSchemaMigratorImpl.java:84)
	at org.hibernate.tool.schema.internal.AbstractSchemaMigrator.performMigration(AbstractSchemaMigrator.java:233)
	at org.hibernate.tool.schema.internal.AbstractSchemaMigrator.doMigration(AbstractSchemaMigrator.java:112)
	at org.hibernate.tool.schema.spi.SchemaManagementToolCoordinator.performDatabaseAction(SchemaManagementToolCoordinator.java:280)
	at org.hibernate.tool.schema.spi.SchemaManagementToolCoordinator.lambda$process$5(SchemaManagementToolCoordinator.java:144)
	at java.base/java.util.HashMap.forEach(HashMap.java:1421)
	at org.hibernate.tool.schema.spi.SchemaManagementToolCoordinator.process(SchemaManagementToolCoordinator.java:141)
	at org.hibernate.boot.internal.SessionFactoryObserverForSchemaExport.sessionFactoryCreated(SessionFactoryObserverForSchemaExport.java:37)
	at org.hibernate.internal.SessionFactoryObserverChain.sessionFactoryCreated(SessionFactoryObserverChain.java:35)
	at org.hibernate.internal.SessionFactoryImpl.<init>(SessionFactoryImpl.java:324)
	at org.hibernate.boot.internal.SessionFactoryBuilderImpl.build(SessionFactoryBuilderImpl.java:463)
	at org.hibernate.jpa.boot.internal.EntityManagerFactoryBuilderImpl.build(EntityManagerFactoryBuilderImpl.java:1517)
	at org.springframework.orm.jpa.vendor.SpringHibernateJpaPersistenceProvider.createContainerEntityManagerFactory(SpringHibernateJpaPersistenceProvider.java:66)
	at org.springframework.orm.jpa.LocalContainerEntityManagerFactoryBean.createNativeEntityManagerFactory(LocalContainerEntityManagerFactoryBean.java:390)
	at org.springframework.orm.jpa.AbstractEntityManagerFactoryBean.buildNativeEntityManagerFactory(AbstractEntityManagerFactoryBean.java:419)
	at org.springframework.orm.jpa.AbstractEntityManagerFactoryBean.afterPropertiesSet(AbstractEntityManagerFactoryBean.java:400)
	at org.springframework.orm.jpa.LocalContainerEntityManagerFactoryBean.afterPropertiesSet(LocalContainerEntityManagerFactoryBean.java:366)
	at org.springframework.beans.factory.support.AbstractAutowireCapableBeanFactory.invokeInitMethods(AbstractAutowireCapableBeanFactory.java:1873)
	at org.springframework.beans.factory.support.AbstractAutowireCapableBeanFactory.initializeBean(AbstractAutowireCapableBeanFactory.java:1822)
	at org.springframework.beans.factory.support.AbstractAutowireCapableBeanFactory.doCreateBean(AbstractAutowireCapableBeanFactory.java:607)
	at org.springframework.beans.factory.support.AbstractAutowireCapableBeanFactory.createBean(AbstractAutowireCapableBeanFactory.java:529)
	at org.springframework.beans.factory.support.AbstractBeanFactory.lambda$doGetBean$0(AbstractBeanFactory.java:339)
	at org.springframework.beans.factory.support.DefaultSingletonBeanRegistry.getSingleton(DefaultSingletonBeanRegistry.java:373)
	at org.springframework.beans.factory.support.AbstractBeanFactory.doGetBean(AbstractBeanFactory.java:337)
	at org.springframework.beans.factory.support.AbstractBeanFactory.getBean(AbstractBeanFactory.java:207)
	at org.springframework.context.support.AbstractApplicationContext.finishBeanFactoryInitialization(AbstractApplicationContext.java:970)
	at org.springframework.context.support.AbstractApplicationContext.refresh(AbstractApplicationContext.java:627)
	at org.springframework.boot.web.servlet.context.ServletWebServerApplicationContext.refresh(ServletWebServerApplicationContext.java:146)
	at org.springframework.boot.SpringApplication.refresh(SpringApplication.java:752)
	at org.springframework.boot.SpringApplication.refreshContext(SpringApplication.java:439)
	at org.springframework.boot.SpringApplication.run(SpringApplication.java:318)
	at org.springframework.boot.SpringApplication.run(SpringApplication.java:1361)
	at org.springframework.boot.SpringApplication.run(SpringApplication.java:1350)
	at com.Project.UPIRecon.normalizer.NormalizerServiceApplication.main(NormalizerServiceApplication.java:9)
	at java.base/jdk.internal.reflect.NativeMethodAccessorImpl.invoke0(Native Method)
	at java.base/jdk.internal.reflect.NativeMethodAccessorImpl.invoke(NativeMethodAccessorImpl.java:77)
	at java.base/jdk.internal.reflect.DelegatingMethodAccessorImpl.invoke(DelegatingMethodAccessorImpl.java:43)
	at java.base/java.lang.reflect.Method.invoke(Method.java:569)
	at org.springframework.boot.devtools.restart.RestartLauncher.run(RestartLauncher.java:50)
Caused by: org.postgresql.util.PSQLException: ERROR: column "source" of relation "normalized_upi_transactions" contains null values
	at org.postgresql.core.v3.QueryExecutorImpl.receiveErrorResponse(QueryExecutorImpl.java:2725)
	at org.postgresql.core.v3.QueryExecutorImpl.processResults(QueryExecutorImpl.java:2412)
	at org.postgresql.core.v3.QueryExecutorImpl.execute(QueryExecutorImpl.java:371)
	at org.postgresql.jdbc.PgStatement.executeInternal(PgStatement.java:502)
	at org.postgresql.jdbc.PgStatement.execute(PgStatement.java:419)
	at org.postgresql.jdbc.PgStatement.executeWithFlags(PgStatement.java:341)
	at org.postgresql.jdbc.PgStatement.executeCachedSql(PgStatement.java:326)
	at org.postgresql.jdbc.PgStatement.executeWithFlags(PgStatement.java:302)
	at org.postgresql.jdbc.PgStatement.execute(PgStatement.java:297)
	at com.zaxxer.hikari.pool.ProxyStatement.execute(ProxyStatement.java:95)
	at com.zaxxer.hikari.pool.HikariProxyStatement.execute(HikariProxyStatement.java)
	at org.hibernate.tool.schema.internal.exec.GenerationTargetToDatabase.accept(GenerationTargetToDatabase.java:80)
	... 42 common frames omitted
2025-12-05 14:16:34 INFO  o.s.o.j.LocalContainerEntityManagerFactoryBean - Initialized JPA EntityManagerFactory for persistence unit 'default'
2025-12-05 14:16:43 WARN  o.s.b.a.o.j.JpaBaseConfiguration$JpaWebConfiguration - spring.jpa.open-in-view is enabled by default. Therefore, database queries may be performed during view rendering. Explicitly configure spring.jpa.open-in-view to disable this warning
2025-12-05 14:17:02 INFO  o.s.b.d.a.OptionalLiveReloadServer - LiveReload server is running on port 35729
2025-12-05 14:17:03 INFO  o.a.coyote.http11.Http11NioProtocol - Starting ProtocolHandler ["http-nio-8083"]
2025-12-05 14:17:03 INFO  o.s.b.w.e.tomcat.TomcatWebServer - Tomcat started on port 8083 (http) with context path '/'
2025-12-05 14:17:03 INFO  o.a.k.c.consumer.ConsumerConfig - ConsumerConfig values: 
	allow.auto.create.topics = true
	auto.commit.interval.ms = 5000
	auto.include.jmx.reporter = true
	auto.offset.reset = latest
	bootstrap.servers = [kafka:9092]
	check.crcs = true
	client.dns.lookup = use_all_dns_ips
	client.id = consumer-normalizer-group-1
	client.rack = 
	connections.max.idle.ms = 540000
	default.api.timeout.ms = 60000
	enable.auto.commit = false
	enable.metrics.push = true
	exclude.internal.topics = true
	fetch.max.bytes = 52428800
	fetch.max.wait.ms = 500
	fetch.min.bytes = 1
	group.id = normalizer-group
	group.instance.id = null
	group.protocol = classic
	group.remote.assignor = null
	heartbeat.interval.ms = 3000
	interceptor.classes = []
	internal.leave.group.on.close = true
	internal.throw.on.fetch.stable.offset.unsupported = false
	isolation.level = read_uncommitted
	key.deserializer = class org.apache.kafka.common.serialization.StringDeserializer
	max.partition.fetch.bytes = 1048576
	max.poll.interval.ms = 300000
	max.poll.records = 500
	metadata.max.age.ms = 300000
	metadata.recovery.strategy = none
	metric.reporters = []
	metrics.num.samples = 2
	metrics.recording.level = INFO
	metrics.sample.window.ms = 30000
	partition.assignment.strategy = [class org.apache.kafka.clients.consumer.RangeAssignor, class org.apache.kafka.clients.consumer.CooperativeStickyAssignor]
	receive.buffer.bytes = 65536
	reconnect.backoff.max.ms = 1000
	reconnect.backoff.ms = 50
	request.timeout.ms = 30000
	retry.backoff.max.ms = 1000
	retry.backoff.ms = 100
	sasl.client.callback.handler.class = null
	sasl.jaas.config = null
	sasl.kerberos.kinit.cmd = /usr/bin/kinit
	sasl.kerberos.min.time.before.relogin = 60000
	sasl.kerberos.service.name = null
	sasl.kerberos.ticket.renew.jitter = 0.05
	sasl.kerberos.ticket.renew.window.factor = 0.8
	sasl.login.callback.handler.class = null
	sasl.login.class = null
	sasl.login.connect.timeout.ms = null
	sasl.login.read.timeout.ms = null
	sasl.login.refresh.buffer.seconds = 300
	sasl.login.refresh.min.period.seconds = 60
	sasl.login.refresh.window.factor = 0.8
	sasl.login.refresh.window.jitter = 0.05
	sasl.login.retry.backoff.max.ms = 10000
	sasl.login.retry.backoff.ms = 100
	sasl.mechanism = GSSAPI
	sasl.oauthbearer.clock.skew.seconds = 30
	sasl.oauthbearer.expected.audience = null
	sasl.oauthbearer.expected.issuer = null
	sasl.oauthbearer.header.urlencode = false
	sasl.oauthbearer.jwks.endpoint.refresh.ms = 3600000
	sasl.oauthbearer.jwks.endpoint.retry.backoff.max.ms = 10000
	sasl.oauthbearer.jwks.endpoint.retry.backoff.ms = 100
	sasl.oauthbearer.jwks.endpoint.url = null
	sasl.oauthbearer.scope.claim.name = scope
	sasl.oauthbearer.sub.claim.name = sub
	sasl.oauthbearer.token.endpoint.url = null
	security.protocol = PLAINTEXT
	security.providers = null
	send.buffer.bytes = 131072
	session.timeout.ms = 45000
	socket.connection.setup.timeout.max.ms = 30000
	socket.connection.setup.timeout.ms = 10000
	ssl.cipher.suites = null
	ssl.enabled.protocols = [TLSv1.2, TLSv1.3]
	ssl.endpoint.identification.algorithm = https
	ssl.engine.factory.class = null
	ssl.key.password = null
	ssl.keymanager.algorithm = SunX509
	ssl.keystore.certificate.chain = null
	ssl.keystore.key = null
	ssl.keystore.location = null
	ssl.keystore.password = null
	ssl.keystore.type = JKS
	ssl.protocol = TLSv1.3
	ssl.provider = null
	ssl.secure.random.implementation = null
	ssl.trustmanager.algorithm = PKIX
	ssl.truststore.certificates = null
	ssl.truststore.location = null
	ssl.truststore.password = null
	ssl.truststore.type = JKS
	value.deserializer = class org.springframework.kafka.support.serializer.JsonDeserializer

2025-12-05 14:17:04 INFO  o.a.k.c.t.i.KafkaMetricsCollector - initializing Kafka metrics collector
2025-12-05 14:17:06 INFO  o.a.kafka.common.utils.AppInfoParser - Kafka version: 3.9.1
2025-12-05 14:17:06 INFO  o.a.kafka.common.utils.AppInfoParser - Kafka commitId: f745dfdcee2b9851
2025-12-05 14:17:06 INFO  o.a.kafka.common.utils.AppInfoParser - Kafka startTimeMs: 1764944226178
2025-12-05 14:17:06 INFO  o.a.k.c.c.i.ClassicKafkaConsumer - [Consumer clientId=consumer-normalizer-group-1, groupId=normalizer-group] Subscribed to topic(s): transactions
2025-12-05 14:17:06 INFO  o.a.k.c.consumer.ConsumerConfig - ConsumerConfig values: 
	allow.auto.create.topics = true
	auto.commit.interval.ms = 5000
	auto.include.jmx.reporter = true
	auto.offset.reset = latest
	bootstrap.servers = [kafka:9092]
	check.crcs = true
	client.dns.lookup = use_all_dns_ips
	client.id = consumer-normalizer-group-2
	client.rack = 
	connections.max.idle.ms = 540000
	default.api.timeout.ms = 60000
	enable.auto.commit = false
	enable.metrics.push = true
	exclude.internal.topics = true
	fetch.max.bytes = 52428800
	fetch.max.wait.ms = 500
	fetch.min.bytes = 1
	group.id = normalizer-group
	group.instance.id = null
	group.protocol = classic
	group.remote.assignor = null
	heartbeat.interval.ms = 3000
	interceptor.classes = []
	internal.leave.group.on.close = true
	internal.throw.on.fetch.stable.offset.unsupported = false
	isolation.level = read_uncommitted
	key.deserializer = class org.apache.kafka.common.serialization.StringDeserializer
	max.partition.fetch.bytes = 1048576
	max.poll.interval.ms = 300000
	max.poll.records = 500
	metadata.max.age.ms = 300000
	metadata.recovery.strategy = none
	metric.reporters = []
	metrics.num.samples = 2
	metrics.recording.level = INFO
	metrics.sample.window.ms = 30000
	partition.assignment.strategy = [class org.apache.kafka.clients.consumer.RangeAssignor, class org.apache.kafka.clients.consumer.CooperativeStickyAssignor]
	receive.buffer.bytes = 65536
	reconnect.backoff.max.ms = 1000
	reconnect.backoff.ms = 50
	request.timeout.ms = 30000
	retry.backoff.max.ms = 1000
	retry.backoff.ms = 100
	sasl.client.callback.handler.class = null
	sasl.jaas.config = null
	sasl.kerberos.kinit.cmd = /usr/bin/kinit
	sasl.kerberos.min.time.before.relogin = 60000
	sasl.kerberos.service.name = null
	sasl.kerberos.ticket.renew.jitter = 0.05
	sasl.kerberos.ticket.renew.window.factor = 0.8
	sasl.login.callback.handler.class = null
	sasl.login.class = null
	sasl.login.connect.timeout.ms = null
	sasl.login.read.timeout.ms = null
	sasl.login.refresh.buffer.seconds = 300
	sasl.login.refresh.min.period.seconds = 60
	sasl.login.refresh.window.factor = 0.8
	sasl.login.refresh.window.jitter = 0.05
	sasl.login.retry.backoff.max.ms = 10000
	sasl.login.retry.backoff.ms = 100
	sasl.mechanism = GSSAPI
	sasl.oauthbearer.clock.skew.seconds = 30
	sasl.oauthbearer.expected.audience = null
	sasl.oauthbearer.expected.issuer = null
	sasl.oauthbearer.header.urlencode = false
	sasl.oauthbearer.jwks.endpoint.refresh.ms = 3600000
	sasl.oauthbearer.jwks.endpoint.retry.backoff.max.ms = 10000
	sasl.oauthbearer.jwks.endpoint.retry.backoff.ms = 100
	sasl.oauthbearer.jwks.endpoint.url = null
	sasl.oauthbearer.scope.claim.name = scope
	sasl.oauthbearer.sub.claim.name = sub
	sasl.oauthbearer.token.endpoint.url = null
	security.protocol = PLAINTEXT
	security.providers = null
	send.buffer.bytes = 131072
	session.timeout.ms = 45000
	socket.connection.setup.timeout.max.ms = 30000
	socket.connection.setup.timeout.ms = 10000
	ssl.cipher.suites = null
	ssl.enabled.protocols = [TLSv1.2, TLSv1.3]
	ssl.endpoint.identification.algorithm = https
	ssl.engine.factory.class = null
	ssl.key.password = null
	ssl.keymanager.algorithm = SunX509
	ssl.keystore.certificate.chain = null
	ssl.keystore.key = null
	ssl.keystore.location = null
	ssl.keystore.password = null
	ssl.keystore.type = JKS
	ssl.protocol = TLSv1.3
	ssl.provider = null
	ssl.secure.random.implementation = null
	ssl.trustmanager.algorithm = PKIX
	ssl.truststore.certificates = null
	ssl.truststore.location = null
	ssl.truststore.password = null
	ssl.truststore.type = JKS
	value.deserializer = class org.springframework.kafka.support.serializer.JsonDeserializer

2025-12-05 14:17:06 INFO  o.a.k.c.t.i.KafkaMetricsCollector - initializing Kafka metrics collector
2025-12-05 14:17:06 INFO  o.a.kafka.common.utils.AppInfoParser - Kafka version: 3.9.1
2025-12-05 14:17:06 INFO  o.a.kafka.common.utils.AppInfoParser - Kafka commitId: f745dfdcee2b9851
2025-12-05 14:17:06 INFO  o.a.kafka.common.utils.AppInfoParser - Kafka startTimeMs: 1764944226561
2025-12-05 14:17:06 INFO  o.a.k.c.c.i.ClassicKafkaConsumer - [Consumer clientId=consumer-normalizer-group-2, groupId=normalizer-group] Subscribed to topic(s): raw-transactions
2025-12-05 14:17:06 INFO  c.P.U.n.NormalizerServiceApplication - Started NormalizerServiceApplication in 185.362 seconds (process running for 193.427)
2025-12-05 14:17:14 INFO  org.apache.kafka.clients.Metadata - [Consumer clientId=consumer-normalizer-group-2, groupId=normalizer-group] Cluster ID: w3TIzYtNT-qnAsjURzk2gQ
2025-12-05 14:17:14 INFO  org.apache.kafka.clients.Metadata - [Consumer clientId=consumer-normalizer-group-1, groupId=normalizer-group] Cluster ID: w3TIzYtNT-qnAsjURzk2gQ
2025-12-05 14:17:14 INFO  o.a.k.c.c.i.ConsumerCoordinator - [Consumer clientId=consumer-normalizer-group-2, groupId=normalizer-group] Discovered group coordinator kafka:9092 (id: 2147483646 rack: null)
2025-12-05 14:17:14 INFO  o.a.k.c.c.i.ConsumerCoordinator - [Consumer clientId=consumer-normalizer-group-1, groupId=normalizer-group] Discovered group coordinator kafka:9092 (id: 2147483646 rack: null)
2025-12-05 14:17:14 INFO  o.a.k.c.c.i.ConsumerCoordinator - [Consumer clientId=consumer-normalizer-group-2, groupId=normalizer-group] (Re-)joining group
2025-12-05 14:17:14 INFO  o.a.k.c.c.i.ConsumerCoordinator - [Consumer clientId=consumer-normalizer-group-1, groupId=normalizer-group] (Re-)joining group
2025-12-05 14:17:14 INFO  o.a.k.c.c.i.ConsumerCoordinator - [Consumer clientId=consumer-normalizer-group-2, groupId=normalizer-group] Request joining group due to: need to re-join with the given member-id: consumer-normalizer-group-2-3fe9ff38-a8c4-4f4c-b170-56b999d2b3e4
2025-12-05 14:17:14 INFO  o.a.k.c.c.i.ConsumerCoordinator - [Consumer clientId=consumer-normalizer-group-1, groupId=normalizer-group] Request joining group due to: need to re-join with the given member-id: consumer-normalizer-group-1-a5d4bc71-ed5a-400a-9ea8-02ce9dae0287
2025-12-05 14:17:14 INFO  o.a.k.c.c.i.ConsumerCoordinator - [Consumer clientId=consumer-normalizer-group-2, groupId=normalizer-group] (Re-)joining group
2025-12-05 14:17:14 INFO  o.a.k.c.c.i.ConsumerCoordinator - [Consumer clientId=consumer-normalizer-group-1, groupId=normalizer-group] (Re-)joining group
2025-12-05 14:17:17 INFO  o.a.k.c.c.i.ConsumerCoordinator - [Consumer clientId=consumer-normalizer-group-1, groupId=normalizer-group] Successfully joined group with generation Generation{generationId=7, memberId='consumer-normalizer-group-1-a5d4bc71-ed5a-400a-9ea8-02ce9dae0287', protocol='range'}
2025-12-05 14:17:17 INFO  o.a.k.c.c.i.ConsumerCoordinator - [Consumer clientId=consumer-normalizer-group-2, groupId=normalizer-group] Successfully joined group with generation Generation{generationId=7, memberId='consumer-normalizer-group-2-3fe9ff38-a8c4-4f4c-b170-56b999d2b3e4', protocol='range'}
2025-12-05 14:17:17 INFO  o.a.k.c.c.i.ConsumerCoordinator - [Consumer clientId=consumer-normalizer-group-2, groupId=normalizer-group] Finished assignment for group at generation 7: {consumer-normalizer-group-1-a5d4bc71-ed5a-400a-9ea8-02ce9dae0287=Assignment(partitions=[transactions-0]), consumer-normalizer-group-2-3fe9ff38-a8c4-4f4c-b170-56b999d2b3e4=Assignment(partitions=[raw-transactions-0])}
2025-12-05 14:17:18 INFO  o.a.k.c.c.i.ConsumerCoordinator - [Consumer clientId=consumer-normalizer-group-1, groupId=normalizer-group] Successfully synced group in generation Generation{generationId=7, memberId='consumer-normalizer-group-1-a5d4bc71-ed5a-400a-9ea8-02ce9dae0287', protocol='range'}
2025-12-05 14:17:18 INFO  o.a.k.c.c.i.ConsumerCoordinator - [Consumer clientId=consumer-normalizer-group-2, groupId=normalizer-group] Successfully synced group in generation Generation{generationId=7, memberId='consumer-normalizer-group-2-3fe9ff38-a8c4-4f4c-b170-56b999d2b3e4', protocol='range'}
2025-12-05 14:17:18 INFO  o.a.k.c.c.i.ConsumerCoordinator - [Consumer clientId=consumer-normalizer-group-2, groupId=normalizer-group] Notifying assignor about the new Assignment(partitions=[raw-transactions-0])
2025-12-05 14:17:18 INFO  o.a.k.c.c.i.ConsumerCoordinator - [Consumer clientId=consumer-normalizer-group-1, groupId=normalizer-group] Notifying assignor about the new Assignment(partitions=[transactions-0])
2025-12-05 14:17:18 INFO  o.a.k.c.c.i.ConsumerRebalanceListenerInvoker - [Consumer clientId=consumer-normalizer-group-2, groupId=normalizer-group] Adding newly assigned partitions: raw-transactions-0
2025-12-05 14:17:18 INFO  o.a.k.c.c.i.ConsumerRebalanceListenerInvoker - [Consumer clientId=consumer-normalizer-group-1, groupId=normalizer-group] Adding newly assigned partitions: transactions-0
2025-12-05 14:17:18 INFO  o.a.k.c.c.internals.ConsumerUtils - Setting offset for partition transactions-0 to the committed offset FetchPosition{offset=0, offsetEpoch=Optional.empty, currentLeader=LeaderAndEpoch{leader=Optional[kafka:9092 (id: 1 rack: null)], epoch=0}}
2025-12-05 14:17:18 INFO  o.a.k.c.c.internals.ConsumerUtils - Setting offset for partition raw-transactions-0 to the committed offset FetchPosition{offset=1, offsetEpoch=Optional.empty, currentLeader=LeaderAndEpoch{leader=Optional[kafka:9092 (id: 1 rack: null)], epoch=0}}
2025-12-05 14:17:18 INFO  o.s.k.l.KafkaMessageListenerContainer - normalizer-group: partitions assigned: [raw-transactions-0]
2025-12-05 14:17:18 INFO  o.s.k.l.KafkaMessageListenerContainer - normalizer-group: partitions assigned: [transactions-0]
2025-12-05 14:22:40 WARN  com.zaxxer.hikari.pool.PoolBase - HikariPool-1 - Failed to validate connection org.postgresql.jdbc.PgConnection@9ce092a (This connection has been closed.). Possibly consider using a shorter maxLifetime value.
2025-12-05 14:22:49 WARN  com.zaxxer.hikari.pool.PoolBase - HikariPool-1 - Failed to validate connection org.postgresql.jdbc.PgConnection@73d1ed7a (This connection has been closed.). Possibly consider using a shorter maxLifetime value.
2025-12-05 14:22:50 WARN  com.zaxxer.hikari.pool.PoolBase - HikariPool-1 - Failed to validate connection org.postgresql.jdbc.PgConnection@722a2ad7 (This connection has been closed.). Possibly consider using a shorter maxLifetime value.
2025-12-05 14:22:57 WARN  com.zaxxer.hikari.pool.PoolBase - HikariPool-1 - Failed to validate connection org.postgresql.jdbc.PgConnection@bd97436 (This connection has been closed.). Possibly consider using a shorter maxLifetime value.
2025-12-05 14:22:58 WARN  com.zaxxer.hikari.pool.PoolBase - HikariPool-1 - Failed to validate connection org.postgresql.jdbc.PgConnection@13def750 (This connection has been closed.). Possibly consider using a shorter maxLifetime value.
2025-12-05 14:23:11 WARN  com.zaxxer.hikari.pool.PoolBase - HikariPool-1 - Failed to validate connection org.postgresql.jdbc.PgConnection@30010b6e (This connection has been closed.). Possibly consider using a shorter maxLifetime value.
2025-12-05 14:23:22 WARN  com.zaxxer.hikari.pool.PoolBase - HikariPool-1 - Failed to validate connection org.postgresql.jdbc.PgConnection@78be0223 (This connection has been closed.). Possibly consider using a shorter maxLifetime value.
2025-12-05 14:23:25 WARN  com.zaxxer.hikari.pool.PoolBase - HikariPool-1 - Failed to validate connection org.postgresql.jdbc.PgConnection@24dc3c91 (This connection has been closed.). Possibly consider using a shorter maxLifetime value.
2025-12-05 14:23:35 WARN  com.zaxxer.hikari.pool.PoolBase - HikariPool-1 - Failed to validate connection org.postgresql.jdbc.PgConnection@19d44cc7 (This connection has been closed.). Possibly consider using a shorter maxLifetime value.
2025-12-05 14:23:53 WARN  com.zaxxer.hikari.pool.PoolBase - HikariPool-1 - Failed to validate connection org.postgresql.jdbc.PgConnection@7dd1a06f (This connection has been closed.). Possibly consider using a shorter maxLifetime value.
2025-12-05 14:24:04 INFO  o.a.c.c.C.[Tomcat].[localhost].[/] - Initializing Spring DispatcherServlet 'dispatcherServlet'
2025-12-05 14:24:04 INFO  o.s.web.servlet.DispatcherServlet - Initializing Servlet 'dispatcherServlet'
2025-12-05 14:24:04 INFO  o.s.web.servlet.DispatcherServlet - Completed initialization in 239 ms
2025-12-05 14:24:10 INFO  o.s.api.AbstractOpenApiResource - Init duration for springdoc-openapi is: 2181 ms
2025-12-05 14:33:06 INFO  o.s.b.d.a.LocalDevToolsAutoConfiguration$RestartingClassPathChangeChangedEventListener - Restarting due to 3 class path changes (0 additions, 0 deletions, 3 modifications)
2025-12-05 14:33:07 INFO  o.a.k.c.c.i.ConsumerRebalanceListenerInvoker - [Consumer clientId=consumer-normalizer-group-2, groupId=normalizer-group] Revoke previously assigned partitions raw-transactions-0
2025-12-05 14:33:07 INFO  o.a.k.c.c.i.ConsumerRebalanceListenerInvoker - [Consumer clientId=consumer-normalizer-group-1, groupId=normalizer-group] Revoke previously assigned partitions transactions-0
2025-12-05 14:33:07 INFO  o.s.k.l.KafkaMessageListenerContainer - normalizer-group: partitions revoked: [raw-transactions-0]
2025-12-05 14:33:07 INFO  o.s.k.l.KafkaMessageListenerContainer - normalizer-group: partitions revoked: [transactions-0]
2025-12-05 14:33:07 INFO  o.a.k.c.c.i.ConsumerCoordinator - [Consumer clientId=consumer-normalizer-group-2, groupId=normalizer-group] Member consumer-normalizer-group-2-3fe9ff38-a8c4-4f4c-b170-56b999d2b3e4 sending LeaveGroup request to coordinator kafka:9092 (id: 2147483646 rack: null) due to the consumer unsubscribed from all topics
2025-12-05 14:33:07 INFO  o.a.k.c.c.i.ConsumerCoordinator - [Consumer clientId=consumer-normalizer-group-1, groupId=normalizer-group] Member consumer-normalizer-group-1-a5d4bc71-ed5a-400a-9ea8-02ce9dae0287 sending LeaveGroup request to coordinator kafka:9092 (id: 2147483646 rack: null) due to the consumer unsubscribed from all topics
2025-12-05 14:33:07 INFO  o.a.k.c.c.i.ConsumerCoordinator - [Consumer clientId=consumer-normalizer-group-1, groupId=normalizer-group] Resetting generation and member id due to: consumer pro-actively leaving the group
2025-12-05 14:33:07 INFO  o.a.k.c.c.i.ConsumerCoordinator - [Consumer clientId=consumer-normalizer-group-2, groupId=normalizer-group] Resetting generation and member id due to: consumer pro-actively leaving the group
2025-12-05 14:33:07 INFO  o.a.k.c.c.i.ConsumerCoordinator - [Consumer clientId=consumer-normalizer-group-2, groupId=normalizer-group] Request joining group due to: consumer pro-actively leaving the group
2025-12-05 14:33:07 INFO  o.a.k.c.c.i.ConsumerCoordinator - [Consumer clientId=consumer-normalizer-group-1, groupId=normalizer-group] Request joining group due to: consumer pro-actively leaving the group
2025-12-05 14:33:07 INFO  o.a.k.c.c.i.ClassicKafkaConsumer - [Consumer clientId=consumer-normalizer-group-2, groupId=normalizer-group] Unsubscribed all topics or patterns and assigned partitions
2025-12-05 14:33:07 INFO  o.a.k.c.c.i.ClassicKafkaConsumer - [Consumer clientId=consumer-normalizer-group-1, groupId=normalizer-group] Unsubscribed all topics or patterns and assigned partitions
2025-12-05 14:33:08 INFO  o.a.k.c.c.i.ConsumerCoordinator - [Consumer clientId=consumer-normalizer-group-1, groupId=normalizer-group] Resetting generation and member id due to: consumer pro-actively leaving the group
2025-12-05 14:33:08 INFO  o.a.k.c.c.i.ConsumerCoordinator - [Consumer clientId=consumer-normalizer-group-2, groupId=normalizer-group] Resetting generation and member id due to: consumer pro-actively leaving the group
2025-12-05 14:33:08 INFO  o.a.k.c.c.i.ConsumerCoordinator - [Consumer clientId=consumer-normalizer-group-1, groupId=normalizer-group] Request joining group due to: consumer pro-actively leaving the group
2025-12-05 14:33:08 INFO  o.a.k.c.c.i.ConsumerCoordinator - [Consumer clientId=consumer-normalizer-group-2, groupId=normalizer-group] Request joining group due to: consumer pro-actively leaving the group
2025-12-05 14:33:08 INFO  o.a.kafka.common.metrics.Metrics - Metrics scheduler closed
2025-12-05 14:33:08 INFO  o.a.kafka.common.metrics.Metrics - Metrics scheduler closed
2025-12-05 14:33:08 INFO  o.a.kafka.common.metrics.Metrics - Closing reporter org.apache.kafka.common.metrics.JmxReporter
2025-12-05 14:33:08 INFO  o.a.kafka.common.metrics.Metrics - Closing reporter org.apache.kafka.common.metrics.JmxReporter
2025-12-05 14:33:08 INFO  o.a.kafka.common.metrics.Metrics - Closing reporter org.apache.kafka.common.telemetry.internals.ClientTelemetryReporter
2025-12-05 14:33:08 INFO  o.a.kafka.common.metrics.Metrics - Metrics reporters closed
2025-12-05 14:33:08 INFO  o.a.kafka.common.metrics.Metrics - Closing reporter org.apache.kafka.common.telemetry.internals.ClientTelemetryReporter
2025-12-05 14:33:08 INFO  o.a.kafka.common.metrics.Metrics - Metrics reporters closed
2025-12-05 14:33:08 INFO  o.a.kafka.common.utils.AppInfoParser - App info kafka.consumer for consumer-normalizer-group-1 unregistered
2025-12-05 14:33:08 INFO  o.a.kafka.common.utils.AppInfoParser - App info kafka.consumer for consumer-normalizer-group-2 unregistered
2025-12-05 14:33:08 INFO  o.s.k.l.KafkaMessageListenerContainer - normalizer-group: Consumer stopped
2025-12-05 14:33:08 INFO  o.s.k.l.KafkaMessageListenerContainer - normalizer-group: Consumer stopped
2025-12-05 14:33:08 INFO  o.s.b.w.e.tomcat.GracefulShutdown - Commencing graceful shutdown. Waiting for active requests to complete
2025-12-05 14:33:09 INFO  o.a.coyote.http11.Http11NioProtocol - Pausing ProtocolHandler ["http-nio-8083"]
2025-12-05 14:33:09 INFO  o.s.b.w.e.tomcat.GracefulShutdown - Graceful shutdown complete
2025-12-05 14:33:09 INFO  o.a.coyote.http11.Http11NioProtocol - Stopping ProtocolHandler ["http-nio-8083"]
2025-12-05 14:33:09 INFO  o.s.o.j.LocalContainerEntityManagerFactoryBean - Closing JPA EntityManagerFactory for persistence unit 'default'
2025-12-05 14:33:09 INFO  com.zaxxer.hikari.HikariDataSource - HikariPool-1 - Shutdown initiated...
2025-12-05 14:33:09 INFO  com.zaxxer.hikari.HikariDataSource - HikariPool-1 - Shutdown completed.
2025-12-05 14:33:13 INFO  c.P.U.n.NormalizerServiceApplication - Starting NormalizerServiceApplication using Java 17.0.17 with PID 57 (/app/target/classes started by root in /app)
2025-12-05 14:33:13 INFO  c.P.U.n.NormalizerServiceApplication - No active profile set, falling back to 1 default profile: "default"
2025-12-05 14:33:19 INFO  o.s.d.r.c.RepositoryConfigurationDelegate - Bootstrapping Spring Data JPA repositories in DEFAULT mode.
2025-12-05 14:33:19 INFO  o.s.d.r.c.RepositoryConfigurationDelegate - Finished Spring Data repository scanning in 279 ms. Found 1 JPA repository interface.
2025-12-05 14:33:20 INFO  o.s.b.w.e.tomcat.TomcatWebServer - Tomcat initialized with port 8083 (http)
2025-12-05 14:33:20 INFO  o.a.coyote.http11.Http11NioProtocol - Initializing ProtocolHandler ["http-nio-8083"]
2025-12-05 14:33:20 INFO  o.a.catalina.core.StandardService - Starting service [Tomcat]
2025-12-05 14:33:20 INFO  o.a.catalina.core.StandardEngine - Starting Servlet engine: [Apache Tomcat/10.1.42]
2025-12-05 14:33:20 INFO  o.a.c.c.C.[Tomcat].[localhost].[/] - Initializing Spring embedded WebApplicationContext
2025-12-05 14:33:20 INFO  o.s.b.w.s.c.ServletWebServerApplicationContext - Root WebApplicationContext: initialization completed in 7118 ms
2025-12-05 14:33:20 INFO  o.h.jpa.internal.util.LogHelper - HHH000204: Processing PersistenceUnitInfo [name: default]
2025-12-05 14:33:20 INFO  o.h.c.i.RegionFactoryInitiator - HHH000026: Second-level cache disabled
2025-12-05 14:33:20 INFO  o.s.o.j.p.SpringPersistenceUnitInfo - No LoadTimeWeaver setup: ignoring JPA class transformer
2025-12-05 14:33:20 INFO  com.zaxxer.hikari.HikariDataSource - HikariPool-2 - Starting...
2025-12-05 14:33:21 INFO  com.zaxxer.hikari.pool.HikariPool - HikariPool-2 - Added connection org.postgresql.jdbc.PgConnection@37df1273
2025-12-05 14:33:21 INFO  com.zaxxer.hikari.HikariDataSource - HikariPool-2 - Start completed.
2025-12-05 14:33:21 WARN  org.hibernate.orm.deprecation - HHH90000025: PostgreSQLDialect does not need to be specified explicitly using 'hibernate.dialect' (remove the property setting and it will be selected by default)
2025-12-05 14:33:21 INFO  o.hibernate.orm.connections.pooling - HHH10001005: Database info:
	Database JDBC URL [Connecting through datasource 'HikariDataSource (HikariPool-2)']
	Database driver: undefined/unknown
	Database version: 15.13
	Autocommit mode: undefined/unknown
	Isolation level: undefined/unknown
	Minimum pool size: undefined/unknown
	Maximum pool size: undefined/unknown
2025-12-05 14:33:22 INFO  o.h.e.t.j.p.i.JtaPlatformInitiator - HHH000489: No JTA platform available (set 'hibernate.transaction.jta.platform' to enable JTA platform integration)
2025-12-05 14:33:22 INFO  o.s.o.j.LocalContainerEntityManagerFactoryBean - Initialized JPA EntityManagerFactory for persistence unit 'default'
2025-12-05 14:33:24 WARN  o.s.b.a.o.j.JpaBaseConfiguration$JpaWebConfiguration - spring.jpa.open-in-view is enabled by default. Therefore, database queries may be performed during view rendering. Explicitly configure spring.jpa.open-in-view to disable this warning
2025-12-05 14:33:35 INFO  o.s.b.d.a.OptionalLiveReloadServer - LiveReload server is running on port 35729
2025-12-05 14:33:35 INFO  o.a.coyote.http11.Http11NioProtocol - Starting ProtocolHandler ["http-nio-8083"]
2025-12-05 14:33:35 INFO  o.s.b.w.e.tomcat.TomcatWebServer - Tomcat started on port 8083 (http) with context path '/'
2025-12-05 14:33:35 INFO  o.a.k.c.consumer.ConsumerConfig - ConsumerConfig values: 
	allow.auto.create.topics = true
	auto.commit.interval.ms = 5000
	auto.include.jmx.reporter = true
	auto.offset.reset = latest
	bootstrap.servers = [kafka:9092]
	check.crcs = true
	client.dns.lookup = use_all_dns_ips
	client.id = consumer-normalizer-group-3
	client.rack = 
	connections.max.idle.ms = 540000
	default.api.timeout.ms = 60000
	enable.auto.commit = false
	enable.metrics.push = true
	exclude.internal.topics = true
	fetch.max.bytes = 52428800
	fetch.max.wait.ms = 500
	fetch.min.bytes = 1
	group.id = normalizer-group
	group.instance.id = null
	group.protocol = classic
	group.remote.assignor = null
	heartbeat.interval.ms = 3000
	interceptor.classes = []
	internal.leave.group.on.close = true
	internal.throw.on.fetch.stable.offset.unsupported = false
	isolation.level = read_uncommitted
	key.deserializer = class org.apache.kafka.common.serialization.StringDeserializer
	max.partition.fetch.bytes = 1048576
	max.poll.interval.ms = 300000
	max.poll.records = 500
	metadata.max.age.ms = 300000
	metadata.recovery.strategy = none
	metric.reporters = []
	metrics.num.samples = 2
	metrics.recording.level = INFO
	metrics.sample.window.ms = 30000
	partition.assignment.strategy = [class org.apache.kafka.clients.consumer.RangeAssignor, class org.apache.kafka.clients.consumer.CooperativeStickyAssignor]
	receive.buffer.bytes = 65536
	reconnect.backoff.max.ms = 1000
	reconnect.backoff.ms = 50
	request.timeout.ms = 30000
	retry.backoff.max.ms = 1000
	retry.backoff.ms = 100
	sasl.client.callback.handler.class = null
	sasl.jaas.config = null
	sasl.kerberos.kinit.cmd = /usr/bin/kinit
	sasl.kerberos.min.time.before.relogin = 60000
	sasl.kerberos.service.name = null
	sasl.kerberos.ticket.renew.jitter = 0.05
	sasl.kerberos.ticket.renew.window.factor = 0.8
	sasl.login.callback.handler.class = null
	sasl.login.class = null
	sasl.login.connect.timeout.ms = null
	sasl.login.read.timeout.ms = null
	sasl.login.refresh.buffer.seconds = 300
	sasl.login.refresh.min.period.seconds = 60
	sasl.login.refresh.window.factor = 0.8
	sasl.login.refresh.window.jitter = 0.05
	sasl.login.retry.backoff.max.ms = 10000
	sasl.login.retry.backoff.ms = 100
	sasl.mechanism = GSSAPI
	sasl.oauthbearer.clock.skew.seconds = 30
	sasl.oauthbearer.expected.audience = null
	sasl.oauthbearer.expected.issuer = null
	sasl.oauthbearer.header.urlencode = false
	sasl.oauthbearer.jwks.endpoint.refresh.ms = 3600000
	sasl.oauthbearer.jwks.endpoint.retry.backoff.max.ms = 10000
	sasl.oauthbearer.jwks.endpoint.retry.backoff.ms = 100
	sasl.oauthbearer.jwks.endpoint.url = null
	sasl.oauthbearer.scope.claim.name = scope
	sasl.oauthbearer.sub.claim.name = sub
	sasl.oauthbearer.token.endpoint.url = null
	security.protocol = PLAINTEXT
	security.providers = null
	send.buffer.bytes = 131072
	session.timeout.ms = 45000
	socket.connection.setup.timeout.max.ms = 30000
	socket.connection.setup.timeout.ms = 10000
	ssl.cipher.suites = null
	ssl.enabled.protocols = [TLSv1.2, TLSv1.3]
	ssl.endpoint.identification.algorithm = https
	ssl.engine.factory.class = null
	ssl.key.password = null
	ssl.keymanager.algorithm = SunX509
	ssl.keystore.certificate.chain = null
	ssl.keystore.key = null
	ssl.keystore.location = null
	ssl.keystore.password = null
	ssl.keystore.type = JKS
	ssl.protocol = TLSv1.3
	ssl.provider = null
	ssl.secure.random.implementation = null
	ssl.trustmanager.algorithm = PKIX
	ssl.truststore.certificates = null
	ssl.truststore.location = null
	ssl.truststore.password = null
	ssl.truststore.type = JKS
	value.deserializer = class org.springframework.kafka.support.serializer.JsonDeserializer

2025-12-05 14:33:35 INFO  o.a.k.c.t.i.KafkaMetricsCollector - initializing Kafka metrics collector
2025-12-05 14:33:35 INFO  o.a.kafka.common.utils.AppInfoParser - Kafka version: 3.9.1
2025-12-05 14:33:35 INFO  o.a.kafka.common.utils.AppInfoParser - Kafka commitId: f745dfdcee2b9851
2025-12-05 14:33:35 INFO  o.a.kafka.common.utils.AppInfoParser - Kafka startTimeMs: 1764945215816
2025-12-05 14:33:35 INFO  o.a.k.c.c.i.ClassicKafkaConsumer - [Consumer clientId=consumer-normalizer-group-3, groupId=normalizer-group] Subscribed to topic(s): transactions
2025-12-05 14:33:35 INFO  o.a.k.c.consumer.ConsumerConfig - ConsumerConfig values: 
	allow.auto.create.topics = true
	auto.commit.interval.ms = 5000
	auto.include.jmx.reporter = true
	auto.offset.reset = latest
	bootstrap.servers = [kafka:9092]
	check.crcs = true
	client.dns.lookup = use_all_dns_ips
	client.id = consumer-normalizer-group-4
	client.rack = 
	connections.max.idle.ms = 540000
	default.api.timeout.ms = 60000
	enable.auto.commit = false
	enable.metrics.push = true
	exclude.internal.topics = true
	fetch.max.bytes = 52428800
	fetch.max.wait.ms = 500
	fetch.min.bytes = 1
	group.id = normalizer-group
	group.instance.id = null
	group.protocol = classic
	group.remote.assignor = null
	heartbeat.interval.ms = 3000
	interceptor.classes = []
	internal.leave.group.on.close = true
	internal.throw.on.fetch.stable.offset.unsupported = false
	isolation.level = read_uncommitted
	key.deserializer = class org.apache.kafka.common.serialization.StringDeserializer
	max.partition.fetch.bytes = 1048576
	max.poll.interval.ms = 300000
	max.poll.records = 500
	metadata.max.age.ms = 300000
	metadata.recovery.strategy = none
	metric.reporters = []
	metrics.num.samples = 2
	metrics.recording.level = INFO
	metrics.sample.window.ms = 30000
	partition.assignment.strategy = [class org.apache.kafka.clients.consumer.RangeAssignor, class org.apache.kafka.clients.consumer.CooperativeStickyAssignor]
	receive.buffer.bytes = 65536
	reconnect.backoff.max.ms = 1000
	reconnect.backoff.ms = 50
	request.timeout.ms = 30000
	retry.backoff.max.ms = 1000
	retry.backoff.ms = 100
	sasl.client.callback.handler.class = null
	sasl.jaas.config = null
	sasl.kerberos.kinit.cmd = /usr/bin/kinit
	sasl.kerberos.min.time.before.relogin = 60000
	sasl.kerberos.service.name = null
	sasl.kerberos.ticket.renew.jitter = 0.05
	sasl.kerberos.ticket.renew.window.factor = 0.8
	sasl.login.callback.handler.class = null
	sasl.login.class = null
	sasl.login.connect.timeout.ms = null
	sasl.login.read.timeout.ms = null
	sasl.login.refresh.buffer.seconds = 300
	sasl.login.refresh.min.period.seconds = 60
	sasl.login.refresh.window.factor = 0.8
	sasl.login.refresh.window.jitter = 0.05
	sasl.login.retry.backoff.max.ms = 10000
	sasl.login.retry.backoff.ms = 100
	sasl.mechanism = GSSAPI
	sasl.oauthbearer.clock.skew.seconds = 30
	sasl.oauthbearer.expected.audience = null
	sasl.oauthbearer.expected.issuer = null
	sasl.oauthbearer.header.urlencode = false
	sasl.oauthbearer.jwks.endpoint.refresh.ms = 3600000
	sasl.oauthbearer.jwks.endpoint.retry.backoff.max.ms = 10000
	sasl.oauthbearer.jwks.endpoint.retry.backoff.ms = 100
	sasl.oauthbearer.jwks.endpoint.url = null
	sasl.oauthbearer.scope.claim.name = scope
	sasl.oauthbearer.sub.claim.name = sub
	sasl.oauthbearer.token.endpoint.url = null
	security.protocol = PLAINTEXT
	security.providers = null
	send.buffer.bytes = 131072
	session.timeout.ms = 45000
	socket.connection.setup.timeout.max.ms = 30000
	socket.connection.setup.timeout.ms = 10000
	ssl.cipher.suites = null
	ssl.enabled.protocols = [TLSv1.2, TLSv1.3]
	ssl.endpoint.identification.algorithm = https
	ssl.engine.factory.class = null
	ssl.key.password = null
	ssl.keymanager.algorithm = SunX509
	ssl.keystore.certificate.chain = null
	ssl.keystore.key = null
	ssl.keystore.location = null
	ssl.keystore.password = null
	ssl.keystore.type = JKS
	ssl.protocol = TLSv1.3
	ssl.provider = null
	ssl.secure.random.implementation = null
	ssl.trustmanager.algorithm = PKIX
	ssl.truststore.certificates = null
	ssl.truststore.location = null
	ssl.truststore.password = null
	ssl.truststore.type = JKS
	value.deserializer = class org.springframework.kafka.support.serializer.JsonDeserializer

2025-12-05 14:33:35 INFO  o.a.k.c.t.i.KafkaMetricsCollector - initializing Kafka metrics collector
2025-12-05 14:33:35 INFO  o.a.kafka.common.utils.AppInfoParser - Kafka version: 3.9.1
2025-12-05 14:33:35 INFO  o.a.kafka.common.utils.AppInfoParser - Kafka commitId: f745dfdcee2b9851
2025-12-05 14:33:35 INFO  o.a.kafka.common.utils.AppInfoParser - Kafka startTimeMs: 1764945215860
2025-12-05 14:33:35 INFO  o.a.k.c.c.i.ClassicKafkaConsumer - [Consumer clientId=consumer-normalizer-group-4, groupId=normalizer-group] Subscribed to topic(s): raw-transactions
2025-12-05 14:33:35 INFO  c.P.U.n.NormalizerServiceApplication - Started NormalizerServiceApplication in 23.643 seconds (process running for 1182.795)
2025-12-05 14:33:35 INFO  o.s.b.d.a.ConditionEvaluationDeltaLoggingListener - Condition evaluation unchanged
2025-12-05 14:33:35 INFO  org.apache.kafka.clients.Metadata - [Consumer clientId=consumer-normalizer-group-3, groupId=normalizer-group] Cluster ID: w3TIzYtNT-qnAsjURzk2gQ
2025-12-05 14:33:35 INFO  org.apache.kafka.clients.Metadata - [Consumer clientId=consumer-normalizer-group-4, groupId=normalizer-group] Cluster ID: w3TIzYtNT-qnAsjURzk2gQ
2025-12-05 14:33:35 INFO  o.a.k.c.c.i.ConsumerCoordinator - [Consumer clientId=consumer-normalizer-group-3, groupId=normalizer-group] Discovered group coordinator kafka:9092 (id: 2147483646 rack: null)
2025-12-05 14:33:35 INFO  o.a.k.c.c.i.ConsumerCoordinator - [Consumer clientId=consumer-normalizer-group-4, groupId=normalizer-group] Discovered group coordinator kafka:9092 (id: 2147483646 rack: null)
2025-12-05 14:33:35 INFO  o.a.k.c.c.i.ConsumerCoordinator - [Consumer clientId=consumer-normalizer-group-3, groupId=normalizer-group] (Re-)joining group
2025-12-05 14:33:35 INFO  o.a.k.c.c.i.ConsumerCoordinator - [Consumer clientId=consumer-normalizer-group-4, groupId=normalizer-group] (Re-)joining group
2025-12-05 14:33:36 INFO  o.a.k.c.c.i.ConsumerCoordinator - [Consumer clientId=consumer-normalizer-group-3, groupId=normalizer-group] Request joining group due to: need to re-join with the given member-id: consumer-normalizer-group-3-d95128d3-3f67-4a7c-8da7-160154c370d3
2025-12-05 14:33:36 INFO  o.a.k.c.c.i.ConsumerCoordinator - [Consumer clientId=consumer-normalizer-group-4, groupId=normalizer-group] Request joining group due to: need to re-join with the given member-id: consumer-normalizer-group-4-917bae36-32a3-4544-95b2-837e9ab55c9a
2025-12-05 14:33:36 INFO  o.a.k.c.c.i.ConsumerCoordinator - [Consumer clientId=consumer-normalizer-group-3, groupId=normalizer-group] (Re-)joining group
2025-12-05 14:33:36 INFO  o.a.k.c.c.i.ConsumerCoordinator - [Consumer clientId=consumer-normalizer-group-4, groupId=normalizer-group] (Re-)joining group
2025-12-05 14:33:39 INFO  o.a.k.c.c.i.ConsumerCoordinator - [Consumer clientId=consumer-normalizer-group-3, groupId=normalizer-group] Successfully joined group with generation Generation{generationId=9, memberId='consumer-normalizer-group-3-d95128d3-3f67-4a7c-8da7-160154c370d3', protocol='range'}
2025-12-05 14:33:39 INFO  o.a.k.c.c.i.ConsumerCoordinator - [Consumer clientId=consumer-normalizer-group-4, groupId=normalizer-group] Successfully joined group with generation Generation{generationId=9, memberId='consumer-normalizer-group-4-917bae36-32a3-4544-95b2-837e9ab55c9a', protocol='range'}
2025-12-05 14:33:39 INFO  o.a.k.c.c.i.ConsumerCoordinator - [Consumer clientId=consumer-normalizer-group-4, groupId=normalizer-group] Finished assignment for group at generation 9: {consumer-normalizer-group-3-d95128d3-3f67-4a7c-8da7-160154c370d3=Assignment(partitions=[transactions-0]), consumer-normalizer-group-4-917bae36-32a3-4544-95b2-837e9ab55c9a=Assignment(partitions=[raw-transactions-0])}
2025-12-05 14:33:39 INFO  o.a.k.c.c.i.ConsumerCoordinator - [Consumer clientId=consumer-normalizer-group-3, groupId=normalizer-group] Successfully synced group in generation Generation{generationId=9, memberId='consumer-normalizer-group-3-d95128d3-3f67-4a7c-8da7-160154c370d3', protocol='range'}
2025-12-05 14:33:39 INFO  o.a.k.c.c.i.ConsumerCoordinator - [Consumer clientId=consumer-normalizer-group-4, groupId=normalizer-group] Successfully synced group in generation Generation{generationId=9, memberId='consumer-normalizer-group-4-917bae36-32a3-4544-95b2-837e9ab55c9a', protocol='range'}
2025-12-05 14:33:39 INFO  o.a.k.c.c.i.ConsumerCoordinator - [Consumer clientId=consumer-normalizer-group-3, groupId=normalizer-group] Notifying assignor about the new Assignment(partitions=[transactions-0])
2025-12-05 14:33:39 INFO  o.a.k.c.c.i.ConsumerCoordinator - [Consumer clientId=consumer-normalizer-group-4, groupId=normalizer-group] Notifying assignor about the new Assignment(partitions=[raw-transactions-0])
2025-12-05 14:33:39 INFO  o.a.k.c.c.i.ConsumerRebalanceListenerInvoker - [Consumer clientId=consumer-normalizer-group-3, groupId=normalizer-group] Adding newly assigned partitions: transactions-0
2025-12-05 14:33:39 INFO  o.a.k.c.c.i.ConsumerRebalanceListenerInvoker - [Consumer clientId=consumer-normalizer-group-4, groupId=normalizer-group] Adding newly assigned partitions: raw-transactions-0
2025-12-05 14:33:39 INFO  o.a.k.c.c.internals.ConsumerUtils - Setting offset for partition transactions-0 to the committed offset FetchPosition{offset=0, offsetEpoch=Optional.empty, currentLeader=LeaderAndEpoch{leader=Optional[kafka:9092 (id: 1 rack: null)], epoch=0}}
2025-12-05 14:33:39 INFO  o.a.k.c.c.internals.ConsumerUtils - Setting offset for partition raw-transactions-0 to the committed offset FetchPosition{offset=1, offsetEpoch=Optional.empty, currentLeader=LeaderAndEpoch{leader=Optional[kafka:9092 (id: 1 rack: null)], epoch=0}}
2025-12-05 14:33:39 INFO  o.s.k.l.KafkaMessageListenerContainer - normalizer-group: partitions assigned: [transactions-0]
2025-12-05 14:33:39 INFO  o.s.k.l.KafkaMessageListenerContainer - normalizer-group: partitions assigned: [raw-transactions-0]
2025-12-05 14:34:34 INFO  o.s.b.d.a.LocalDevToolsAutoConfiguration$RestartingClassPathChangeChangedEventListener - Restarting due to 20 class path changes (0 additions, 0 deletions, 20 modifications)
2025-12-05 14:34:34 INFO  o.a.k.c.c.i.ConsumerRebalanceListenerInvoker - [Consumer clientId=consumer-normalizer-group-3, groupId=normalizer-group] Revoke previously assigned partitions transactions-0
2025-12-05 14:34:34 INFO  o.a.k.c.c.i.ConsumerRebalanceListenerInvoker - [Consumer clientId=consumer-normalizer-group-4, groupId=normalizer-group] Revoke previously assigned partitions raw-transactions-0
2025-12-05 14:34:34 INFO  o.s.k.l.KafkaMessageListenerContainer - normalizer-group: partitions revoked: [transactions-0]
2025-12-05 14:34:34 INFO  o.s.k.l.KafkaMessageListenerContainer - normalizer-group: partitions revoked: [raw-transactions-0]
2025-12-05 14:34:34 INFO  o.a.k.c.c.i.ConsumerCoordinator - [Consumer clientId=consumer-normalizer-group-3, groupId=normalizer-group] Member consumer-normalizer-group-3-d95128d3-3f67-4a7c-8da7-160154c370d3 sending LeaveGroup request to coordinator kafka:9092 (id: 2147483646 rack: null) due to the consumer unsubscribed from all topics
2025-12-05 14:34:34 INFO  o.a.k.c.c.i.ConsumerCoordinator - [Consumer clientId=consumer-normalizer-group-4, groupId=normalizer-group] Member consumer-normalizer-group-4-917bae36-32a3-4544-95b2-837e9ab55c9a sending LeaveGroup request to coordinator kafka:9092 (id: 2147483646 rack: null) due to the consumer unsubscribed from all topics
2025-12-05 14:34:34 INFO  o.a.k.c.c.i.ConsumerCoordinator - [Consumer clientId=consumer-normalizer-group-3, groupId=normalizer-group] Resetting generation and member id due to: consumer pro-actively leaving the group
2025-12-05 14:34:34 INFO  o.a.k.c.c.i.ConsumerCoordinator - [Consumer clientId=consumer-normalizer-group-4, groupId=normalizer-group] Resetting generation and member id due to: consumer pro-actively leaving the group
2025-12-05 14:34:34 INFO  o.a.k.c.c.i.ConsumerCoordinator - [Consumer clientId=consumer-normalizer-group-3, groupId=normalizer-group] Request joining group due to: consumer pro-actively leaving the group
2025-12-05 14:34:34 INFO  o.a.k.c.c.i.ClassicKafkaConsumer - [Consumer clientId=consumer-normalizer-group-3, groupId=normalizer-group] Unsubscribed all topics or patterns and assigned partitions
2025-12-05 14:34:34 INFO  o.a.k.c.c.i.ConsumerCoordinator - [Consumer clientId=consumer-normalizer-group-4, groupId=normalizer-group] Request joining group due to: consumer pro-actively leaving the group
2025-12-05 14:34:34 INFO  o.a.k.c.c.i.ClassicKafkaConsumer - [Consumer clientId=consumer-normalizer-group-4, groupId=normalizer-group] Unsubscribed all topics or patterns and assigned partitions
2025-12-05 14:34:34 INFO  o.a.k.c.c.i.ConsumerCoordinator - [Consumer clientId=consumer-normalizer-group-3, groupId=normalizer-group] Resetting generation and member id due to: consumer pro-actively leaving the group
2025-12-05 14:34:34 INFO  o.a.k.c.c.i.ConsumerCoordinator - [Consumer clientId=consumer-normalizer-group-4, groupId=normalizer-group] Resetting generation and member id due to: consumer pro-actively leaving the group
2025-12-05 14:34:34 INFO  o.a.k.c.c.i.ConsumerCoordinator - [Consumer clientId=consumer-normalizer-group-3, groupId=normalizer-group] Request joining group due to: consumer pro-actively leaving the group
2025-12-05 14:34:34 INFO  o.a.k.c.c.i.ConsumerCoordinator - [Consumer clientId=consumer-normalizer-group-4, groupId=normalizer-group] Request joining group due to: consumer pro-actively leaving the group
2025-12-05 14:34:34 INFO  o.a.kafka.common.metrics.Metrics - Metrics scheduler closed
2025-12-05 14:34:34 INFO  o.a.kafka.common.metrics.Metrics - Closing reporter org.apache.kafka.common.metrics.JmxReporter
2025-12-05 14:34:34 INFO  o.a.kafka.common.metrics.Metrics - Closing reporter org.apache.kafka.common.telemetry.internals.ClientTelemetryReporter
2025-12-05 14:34:34 INFO  o.a.kafka.common.metrics.Metrics - Metrics reporters closed
2025-12-05 14:34:34 INFO  o.a.kafka.common.utils.AppInfoParser - App info kafka.consumer for consumer-normalizer-group-3 unregistered
2025-12-05 14:34:34 INFO  o.s.k.l.KafkaMessageListenerContainer - normalizer-group: Consumer stopped
2025-12-05 14:34:34 INFO  o.a.kafka.common.metrics.Metrics - Metrics scheduler closed
2025-12-05 14:34:34 INFO  o.a.kafka.common.metrics.Metrics - Closing reporter org.apache.kafka.common.metrics.JmxReporter
2025-12-05 14:34:34 INFO  o.a.kafka.common.metrics.Metrics - Closing reporter org.apache.kafka.common.telemetry.internals.ClientTelemetryReporter
2025-12-05 14:34:34 INFO  o.a.kafka.common.metrics.Metrics - Metrics reporters closed
2025-12-05 14:34:34 INFO  o.a.kafka.common.utils.AppInfoParser - App info kafka.consumer for consumer-normalizer-group-4 unregistered
2025-12-05 14:34:34 INFO  o.s.k.l.KafkaMessageListenerContainer - normalizer-group: Consumer stopped
2025-12-05 14:34:34 INFO  o.s.b.w.e.tomcat.GracefulShutdown - Commencing graceful shutdown. Waiting for active requests to complete
2025-12-05 14:34:34 INFO  o.a.coyote.http11.Http11NioProtocol - Pausing ProtocolHandler ["http-nio-8083"]
2025-12-05 14:34:34 INFO  o.s.b.w.e.tomcat.GracefulShutdown - Graceful shutdown complete
2025-12-05 14:34:34 INFO  o.a.coyote.http11.Http11NioProtocol - Stopping ProtocolHandler ["http-nio-8083"]
2025-12-05 14:34:34 INFO  o.s.o.j.LocalContainerEntityManagerFactoryBean - Closing JPA EntityManagerFactory for persistence unit 'default'
2025-12-05 14:34:34 INFO  com.zaxxer.hikari.HikariDataSource - HikariPool-2 - Shutdown initiated...
2025-12-05 14:34:34 INFO  com.zaxxer.hikari.HikariDataSource - HikariPool-2 - Shutdown completed.
2025-12-05 14:34:37 INFO  c.P.U.n.NormalizerServiceApplication - Starting NormalizerServiceApplication using Java 17.0.17 with PID 57 (/app/target/classes started by root in /app)
2025-12-05 14:34:37 INFO  c.P.U.n.NormalizerServiceApplication - No active profile set, falling back to 1 default profile: "default"
2025-12-05 14:34:45 INFO  o.s.d.r.c.RepositoryConfigurationDelegate - Bootstrapping Spring Data JPA repositories in DEFAULT mode.
2025-12-05 14:34:47 INFO  o.s.d.r.c.RepositoryConfigurationDelegate - Finished Spring Data repository scanning in 1790 ms. Found 1 JPA repository interface.
2025-12-05 14:34:50 INFO  o.s.b.w.e.tomcat.TomcatWebServer - Tomcat initialized with port 8083 (http)
2025-12-05 14:34:50 INFO  o.a.coyote.http11.Http11NioProtocol - Initializing ProtocolHandler ["http-nio-8083"]
2025-12-05 14:34:50 INFO  o.a.catalina.core.StandardService - Starting service [Tomcat]
2025-12-05 14:34:50 INFO  o.a.catalina.core.StandardEngine - Starting Servlet engine: [Apache Tomcat/10.1.42]
2025-12-05 14:34:52 INFO  o.a.c.c.C.[Tomcat].[localhost].[/] - Initializing Spring embedded WebApplicationContext
2025-12-05 14:34:52 INFO  o.s.b.w.s.c.ServletWebServerApplicationContext - Root WebApplicationContext: initialization completed in 15351 ms
2025-12-05 14:34:55 INFO  o.h.jpa.internal.util.LogHelper - HHH000204: Processing PersistenceUnitInfo [name: default]
2025-12-05 14:34:57 INFO  o.h.c.i.RegionFactoryInitiator - HHH000026: Second-level cache disabled
2025-12-05 14:34:58 INFO  o.s.o.j.p.SpringPersistenceUnitInfo - No LoadTimeWeaver setup: ignoring JPA class transformer
2025-12-05 14:34:58 INFO  com.zaxxer.hikari.HikariDataSource - HikariPool-3 - Starting...
2025-12-05 14:34:58 INFO  com.zaxxer.hikari.pool.HikariPool - HikariPool-3 - Added connection org.postgresql.jdbc.PgConnection@4a2ab11a
2025-12-05 14:34:58 INFO  com.zaxxer.hikari.HikariDataSource - HikariPool-3 - Start completed.
2025-12-05 14:34:58 WARN  org.hibernate.orm.deprecation - HHH90000025: PostgreSQLDialect does not need to be specified explicitly using 'hibernate.dialect' (remove the property setting and it will be selected by default)
2025-12-05 14:34:58 INFO  o.hibernate.orm.connections.pooling - HHH10001005: Database info:
	Database JDBC URL [Connecting through datasource 'HikariDataSource (HikariPool-3)']
	Database driver: undefined/unknown
	Database version: 15.13
	Autocommit mode: undefined/unknown
	Isolation level: undefined/unknown
	Minimum pool size: undefined/unknown
	Maximum pool size: undefined/unknown
2025-12-05 14:35:00 INFO  o.h.e.t.j.p.i.JtaPlatformInitiator - HHH000489: No JTA platform available (set 'hibernate.transaction.jta.platform' to enable JTA platform integration)
2025-12-05 14:35:00 INFO  o.s.o.j.LocalContainerEntityManagerFactoryBean - Initialized JPA EntityManagerFactory for persistence unit 'default'
2025-12-05 14:35:01 WARN  o.s.b.a.o.j.JpaBaseConfiguration$JpaWebConfiguration - spring.jpa.open-in-view is enabled by default. Therefore, database queries may be performed during view rendering. Explicitly configure spring.jpa.open-in-view to disable this warning
2025-12-05 14:35:07 INFO  o.s.b.d.a.OptionalLiveReloadServer - LiveReload server is running on port 35729
2025-12-05 14:35:07 INFO  o.a.coyote.http11.Http11NioProtocol - Starting ProtocolHandler ["http-nio-8083"]
2025-12-05 14:35:07 INFO  o.s.b.w.e.tomcat.TomcatWebServer - Tomcat started on port 8083 (http) with context path '/'
2025-12-05 14:35:07 INFO  o.a.k.c.consumer.ConsumerConfig - ConsumerConfig values: 
	allow.auto.create.topics = true
	auto.commit.interval.ms = 5000
	auto.include.jmx.reporter = true
	auto.offset.reset = latest
	bootstrap.servers = [kafka:9092]
	check.crcs = true
	client.dns.lookup = use_all_dns_ips
	client.id = consumer-normalizer-group-5
	client.rack = 
	connections.max.idle.ms = 540000
	default.api.timeout.ms = 60000
	enable.auto.commit = false
	enable.metrics.push = true
	exclude.internal.topics = true
	fetch.max.bytes = 52428800
	fetch.max.wait.ms = 500
	fetch.min.bytes = 1
	group.id = normalizer-group
	group.instance.id = null
	group.protocol = classic
	group.remote.assignor = null
	heartbeat.interval.ms = 3000
	interceptor.classes = []
	internal.leave.group.on.close = true
	internal.throw.on.fetch.stable.offset.unsupported = false
	isolation.level = read_uncommitted
	key.deserializer = class org.apache.kafka.common.serialization.StringDeserializer
	max.partition.fetch.bytes = 1048576
	max.poll.interval.ms = 300000
	max.poll.records = 500
	metadata.max.age.ms = 300000
	metadata.recovery.strategy = none
	metric.reporters = []
	metrics.num.samples = 2
	metrics.recording.level = INFO
	metrics.sample.window.ms = 30000
	partition.assignment.strategy = [class org.apache.kafka.clients.consumer.RangeAssignor, class org.apache.kafka.clients.consumer.CooperativeStickyAssignor]
	receive.buffer.bytes = 65536
	reconnect.backoff.max.ms = 1000
	reconnect.backoff.ms = 50
	request.timeout.ms = 30000
	retry.backoff.max.ms = 1000
	retry.backoff.ms = 100
	sasl.client.callback.handler.class = null
	sasl.jaas.config = null
	sasl.kerberos.kinit.cmd = /usr/bin/kinit
	sasl.kerberos.min.time.before.relogin = 60000
	sasl.kerberos.service.name = null
	sasl.kerberos.ticket.renew.jitter = 0.05
	sasl.kerberos.ticket.renew.window.factor = 0.8
	sasl.login.callback.handler.class = null
	sasl.login.class = null
	sasl.login.connect.timeout.ms = null
	sasl.login.read.timeout.ms = null
	sasl.login.refresh.buffer.seconds = 300
	sasl.login.refresh.min.period.seconds = 60
	sasl.login.refresh.window.factor = 0.8
	sasl.login.refresh.window.jitter = 0.05
	sasl.login.retry.backoff.max.ms = 10000
	sasl.login.retry.backoff.ms = 100
	sasl.mechanism = GSSAPI
	sasl.oauthbearer.clock.skew.seconds = 30
	sasl.oauthbearer.expected.audience = null
	sasl.oauthbearer.expected.issuer = null
	sasl.oauthbearer.header.urlencode = false
	sasl.oauthbearer.jwks.endpoint.refresh.ms = 3600000
	sasl.oauthbearer.jwks.endpoint.retry.backoff.max.ms = 10000
	sasl.oauthbearer.jwks.endpoint.retry.backoff.ms = 100
	sasl.oauthbearer.jwks.endpoint.url = null
	sasl.oauthbearer.scope.claim.name = scope
	sasl.oauthbearer.sub.claim.name = sub
	sasl.oauthbearer.token.endpoint.url = null
	security.protocol = PLAINTEXT
	security.providers = null
	send.buffer.bytes = 131072
	session.timeout.ms = 45000
	socket.connection.setup.timeout.max.ms = 30000
	socket.connection.setup.timeout.ms = 10000
	ssl.cipher.suites = null
	ssl.enabled.protocols = [TLSv1.2, TLSv1.3]
	ssl.endpoint.identification.algorithm = https
	ssl.engine.factory.class = null
	ssl.key.password = null
	ssl.keymanager.algorithm = SunX509
	ssl.keystore.certificate.chain = null
	ssl.keystore.key = null
	ssl.keystore.location = null
	ssl.keystore.password = null
	ssl.keystore.type = JKS
	ssl.protocol = TLSv1.3
	ssl.provider = null
	ssl.secure.random.implementation = null
	ssl.trustmanager.algorithm = PKIX
	ssl.truststore.certificates = null
	ssl.truststore.location = null
	ssl.truststore.password = null
	ssl.truststore.type = JKS
	value.deserializer = class org.springframework.kafka.support.serializer.JsonDeserializer

2025-12-05 14:35:07 INFO  o.a.k.c.t.i.KafkaMetricsCollector - initializing Kafka metrics collector
2025-12-05 14:35:08 INFO  o.a.kafka.common.utils.AppInfoParser - Kafka version: 3.9.1
2025-12-05 14:35:08 INFO  o.a.kafka.common.utils.AppInfoParser - Kafka commitId: f745dfdcee2b9851
2025-12-05 14:35:08 INFO  o.a.kafka.common.utils.AppInfoParser - Kafka startTimeMs: 1764945308002
2025-12-05 14:35:08 INFO  o.a.k.c.c.i.ClassicKafkaConsumer - [Consumer clientId=consumer-normalizer-group-5, groupId=normalizer-group] Subscribed to topic(s): transactions
2025-12-05 14:35:08 INFO  o.a.k.c.consumer.ConsumerConfig - ConsumerConfig values: 
	allow.auto.create.topics = true
	auto.commit.interval.ms = 5000
	auto.include.jmx.reporter = true
	auto.offset.reset = latest
	bootstrap.servers = [kafka:9092]
	check.crcs = true
	client.dns.lookup = use_all_dns_ips
	client.id = consumer-normalizer-group-6
	client.rack = 
	connections.max.idle.ms = 540000
	default.api.timeout.ms = 60000
	enable.auto.commit = false
	enable.metrics.push = true
	exclude.internal.topics = true
	fetch.max.bytes = 52428800
	fetch.max.wait.ms = 500
	fetch.min.bytes = 1
	group.id = normalizer-group
	group.instance.id = null
	group.protocol = classic
	group.remote.assignor = null
	heartbeat.interval.ms = 3000
	interceptor.classes = []
	internal.leave.group.on.close = true
	internal.throw.on.fetch.stable.offset.unsupported = false
	isolation.level = read_uncommitted
	key.deserializer = class org.apache.kafka.common.serialization.StringDeserializer
	max.partition.fetch.bytes = 1048576
	max.poll.interval.ms = 300000
	max.poll.records = 500
	metadata.max.age.ms = 300000
	metadata.recovery.strategy = none
	metric.reporters = []
	metrics.num.samples = 2
	metrics.recording.level = INFO
	metrics.sample.window.ms = 30000
	partition.assignment.strategy = [class org.apache.kafka.clients.consumer.RangeAssignor, class org.apache.kafka.clients.consumer.CooperativeStickyAssignor]
	receive.buffer.bytes = 65536
	reconnect.backoff.max.ms = 1000
	reconnect.backoff.ms = 50
	request.timeout.ms = 30000
	retry.backoff.max.ms = 1000
	retry.backoff.ms = 100
	sasl.client.callback.handler.class = null
	sasl.jaas.config = null
	sasl.kerberos.kinit.cmd = /usr/bin/kinit
	sasl.kerberos.min.time.before.relogin = 60000
	sasl.kerberos.service.name = null
	sasl.kerberos.ticket.renew.jitter = 0.05
	sasl.kerberos.ticket.renew.window.factor = 0.8
	sasl.login.callback.handler.class = null
	sasl.login.class = null
	sasl.login.connect.timeout.ms = null
	sasl.login.read.timeout.ms = null
	sasl.login.refresh.buffer.seconds = 300
	sasl.login.refresh.min.period.seconds = 60
	sasl.login.refresh.window.factor = 0.8
	sasl.login.refresh.window.jitter = 0.05
	sasl.login.retry.backoff.max.ms = 10000
	sasl.login.retry.backoff.ms = 100
	sasl.mechanism = GSSAPI
	sasl.oauthbearer.clock.skew.seconds = 30
	sasl.oauthbearer.expected.audience = null
	sasl.oauthbearer.expected.issuer = null
	sasl.oauthbearer.header.urlencode = false
	sasl.oauthbearer.jwks.endpoint.refresh.ms = 3600000
	sasl.oauthbearer.jwks.endpoint.retry.backoff.max.ms = 10000
	sasl.oauthbearer.jwks.endpoint.retry.backoff.ms = 100
	sasl.oauthbearer.jwks.endpoint.url = null
	sasl.oauthbearer.scope.claim.name = scope
	sasl.oauthbearer.sub.claim.name = sub
	sasl.oauthbearer.token.endpoint.url = null
	security.protocol = PLAINTEXT
	security.providers = null
	send.buffer.bytes = 131072
	session.timeout.ms = 45000
	socket.connection.setup.timeout.max.ms = 30000
	socket.connection.setup.timeout.ms = 10000
	ssl.cipher.suites = null
	ssl.enabled.protocols = [TLSv1.2, TLSv1.3]
	ssl.endpoint.identification.algorithm = https
	ssl.engine.factory.class = null
	ssl.key.password = null
	ssl.keymanager.algorithm = SunX509
	ssl.keystore.certificate.chain = null
	ssl.keystore.key = null
	ssl.keystore.location = null
	ssl.keystore.password = null
	ssl.keystore.type = JKS
	ssl.protocol = TLSv1.3
	ssl.provider = null
	ssl.secure.random.implementation = null
	ssl.trustmanager.algorithm = PKIX
	ssl.truststore.certificates = null
	ssl.truststore.location = null
	ssl.truststore.password = null
	ssl.truststore.type = JKS
	value.deserializer = class org.springframework.kafka.support.serializer.JsonDeserializer

2025-12-05 14:35:08 INFO  o.a.k.c.t.i.KafkaMetricsCollector - initializing Kafka metrics collector
2025-12-05 14:35:08 INFO  o.a.kafka.common.utils.AppInfoParser - Kafka version: 3.9.1
2025-12-05 14:35:08 INFO  o.a.kafka.common.utils.AppInfoParser - Kafka commitId: f745dfdcee2b9851
2025-12-05 14:35:08 INFO  o.a.kafka.common.utils.AppInfoParser - Kafka startTimeMs: 1764945308123
2025-12-05 14:35:08 INFO  o.a.k.c.c.i.ClassicKafkaConsumer - [Consumer clientId=consumer-normalizer-group-6, groupId=normalizer-group] Subscribed to topic(s): raw-transactions
2025-12-05 14:35:08 INFO  c.P.U.n.NormalizerServiceApplication - Started NormalizerServiceApplication in 32.169 seconds (process running for 1275.135)
2025-12-05 14:35:08 INFO  o.s.b.d.a.ConditionEvaluationDeltaLoggingListener - Condition evaluation unchanged
2025-12-05 14:35:08 INFO  org.apache.kafka.clients.Metadata - [Consumer clientId=consumer-normalizer-group-6, groupId=normalizer-group] Cluster ID: w3TIzYtNT-qnAsjURzk2gQ
2025-12-05 14:35:08 INFO  org.apache.kafka.clients.Metadata - [Consumer clientId=consumer-normalizer-group-5, groupId=normalizer-group] Cluster ID: w3TIzYtNT-qnAsjURzk2gQ
2025-12-05 14:35:08 INFO  o.a.k.c.c.i.ConsumerCoordinator - [Consumer clientId=consumer-normalizer-group-5, groupId=normalizer-group] Discovered group coordinator kafka:9092 (id: 2147483646 rack: null)
2025-12-05 14:35:08 INFO  o.a.k.c.c.i.ConsumerCoordinator - [Consumer clientId=consumer-normalizer-group-6, groupId=normalizer-group] Discovered group coordinator kafka:9092 (id: 2147483646 rack: null)
2025-12-05 14:35:08 INFO  o.a.k.c.c.i.ConsumerCoordinator - [Consumer clientId=consumer-normalizer-group-5, groupId=normalizer-group] (Re-)joining group
2025-12-05 14:35:08 INFO  o.a.k.c.c.i.ConsumerCoordinator - [Consumer clientId=consumer-normalizer-group-6, groupId=normalizer-group] (Re-)joining group
2025-12-05 14:35:08 INFO  o.a.k.c.c.i.ConsumerCoordinator - [Consumer clientId=consumer-normalizer-group-5, groupId=normalizer-group] Request joining group due to: need to re-join with the given member-id: consumer-normalizer-group-5-204fef48-13bf-4481-9502-6de59d87dbed
2025-12-05 14:35:08 INFO  o.a.k.c.c.i.ConsumerCoordinator - [Consumer clientId=consumer-normalizer-group-5, groupId=normalizer-group] (Re-)joining group
2025-12-05 14:35:08 INFO  o.a.k.c.c.i.ConsumerCoordinator - [Consumer clientId=consumer-normalizer-group-6, groupId=normalizer-group] Request joining group due to: need to re-join with the given member-id: consumer-normalizer-group-6-b613e187-6704-4d59-ba1c-0a426e5e5b4d
2025-12-05 14:35:08 INFO  o.a.k.c.c.i.ConsumerCoordinator - [Consumer clientId=consumer-normalizer-group-6, groupId=normalizer-group] (Re-)joining group
2025-12-05 14:35:11 INFO  o.a.k.c.c.i.ConsumerCoordinator - [Consumer clientId=consumer-normalizer-group-5, groupId=normalizer-group] Successfully joined group with generation Generation{generationId=11, memberId='consumer-normalizer-group-5-204fef48-13bf-4481-9502-6de59d87dbed', protocol='range'}
2025-12-05 14:35:11 INFO  o.a.k.c.c.i.ConsumerCoordinator - [Consumer clientId=consumer-normalizer-group-6, groupId=normalizer-group] Successfully joined group with generation Generation{generationId=11, memberId='consumer-normalizer-group-6-b613e187-6704-4d59-ba1c-0a426e5e5b4d', protocol='range'}
2025-12-05 14:35:11 INFO  o.a.k.c.c.i.ConsumerCoordinator - [Consumer clientId=consumer-normalizer-group-5, groupId=normalizer-group] Finished assignment for group at generation 11: {consumer-normalizer-group-5-204fef48-13bf-4481-9502-6de59d87dbed=Assignment(partitions=[transactions-0]), consumer-normalizer-group-6-b613e187-6704-4d59-ba1c-0a426e5e5b4d=Assignment(partitions=[raw-transactions-0])}
2025-12-05 14:35:11 INFO  o.a.k.c.c.i.ConsumerCoordinator - [Consumer clientId=consumer-normalizer-group-6, groupId=normalizer-group] Successfully synced group in generation Generation{generationId=11, memberId='consumer-normalizer-group-6-b613e187-6704-4d59-ba1c-0a426e5e5b4d', protocol='range'}
2025-12-05 14:35:11 INFO  o.a.k.c.c.i.ConsumerCoordinator - [Consumer clientId=consumer-normalizer-group-6, groupId=normalizer-group] Notifying assignor about the new Assignment(partitions=[raw-transactions-0])
2025-12-05 14:35:11 INFO  o.a.k.c.c.i.ConsumerCoordinator - [Consumer clientId=consumer-normalizer-group-5, groupId=normalizer-group] Successfully synced group in generation Generation{generationId=11, memberId='consumer-normalizer-group-5-204fef48-13bf-4481-9502-6de59d87dbed', protocol='range'}
2025-12-05 14:35:11 INFO  o.a.k.c.c.i.ConsumerRebalanceListenerInvoker - [Consumer clientId=consumer-normalizer-group-6, groupId=normalizer-group] Adding newly assigned partitions: raw-transactions-0
2025-12-05 14:35:11 INFO  o.a.k.c.c.i.ConsumerCoordinator - [Consumer clientId=consumer-normalizer-group-5, groupId=normalizer-group] Notifying assignor about the new Assignment(partitions=[transactions-0])
2025-12-05 14:35:11 INFO  o.a.k.c.c.i.ConsumerRebalanceListenerInvoker - [Consumer clientId=consumer-normalizer-group-5, groupId=normalizer-group] Adding newly assigned partitions: transactions-0
2025-12-05 14:35:11 INFO  o.a.k.c.c.internals.ConsumerUtils - Setting offset for partition transactions-0 to the committed offset FetchPosition{offset=0, offsetEpoch=Optional.empty, currentLeader=LeaderAndEpoch{leader=Optional[kafka:9092 (id: 1 rack: null)], epoch=0}}
2025-12-05 14:35:11 INFO  o.s.k.l.KafkaMessageListenerContainer - normalizer-group: partitions assigned: [transactions-0]
2025-12-05 14:35:11 INFO  o.a.k.c.c.internals.ConsumerUtils - Setting offset for partition raw-transactions-0 to the committed offset FetchPosition{offset=1, offsetEpoch=Optional.empty, currentLeader=LeaderAndEpoch{leader=Optional[kafka:9092 (id: 1 rack: null)], epoch=0}}
2025-12-05 14:35:11 INFO  o.s.k.l.KafkaMessageListenerContainer - normalizer-group: partitions assigned: [raw-transactions-0]
2025-12-05 14:37:24 INFO  o.s.b.d.a.LocalDevToolsAutoConfiguration$RestartingClassPathChangeChangedEventListener - Restarting due to 21 class path changes (0 additions, 2 deletions, 19 modifications)
2025-12-05 14:37:24 INFO  o.a.k.c.c.i.ConsumerRebalanceListenerInvoker - [Consumer clientId=consumer-normalizer-group-6, groupId=normalizer-group] Revoke previously assigned partitions raw-transactions-0
2025-12-05 14:37:24 INFO  o.a.k.c.c.i.ConsumerRebalanceListenerInvoker - [Consumer clientId=consumer-normalizer-group-5, groupId=normalizer-group] Revoke previously assigned partitions transactions-0
2025-12-05 14:37:24 INFO  o.s.k.l.KafkaMessageListenerContainer - normalizer-group: partitions revoked: [raw-transactions-0]
2025-12-05 14:37:24 INFO  o.s.k.l.KafkaMessageListenerContainer - normalizer-group: partitions revoked: [transactions-0]
2025-12-05 14:37:24 INFO  o.a.k.c.c.i.ConsumerCoordinator - [Consumer clientId=consumer-normalizer-group-6, groupId=normalizer-group] Member consumer-normalizer-group-6-b613e187-6704-4d59-ba1c-0a426e5e5b4d sending LeaveGroup request to coordinator kafka:9092 (id: 2147483646 rack: null) due to the consumer unsubscribed from all topics
2025-12-05 14:37:24 INFO  o.a.k.c.c.i.ConsumerCoordinator - [Consumer clientId=consumer-normalizer-group-5, groupId=normalizer-group] Member consumer-normalizer-group-5-204fef48-13bf-4481-9502-6de59d87dbed sending LeaveGroup request to coordinator kafka:9092 (id: 2147483646 rack: null) due to the consumer unsubscribed from all topics
2025-12-05 14:37:24 INFO  o.a.k.c.c.i.ConsumerCoordinator - [Consumer clientId=consumer-normalizer-group-6, groupId=normalizer-group] Resetting generation and member id due to: consumer pro-actively leaving the group
2025-12-05 14:37:24 INFO  o.a.k.c.c.i.ConsumerCoordinator - [Consumer clientId=consumer-normalizer-group-5, groupId=normalizer-group] Resetting generation and member id due to: consumer pro-actively leaving the group
2025-12-05 14:37:24 INFO  o.a.k.c.c.i.ConsumerCoordinator - [Consumer clientId=consumer-normalizer-group-6, groupId=normalizer-group] Request joining group due to: consumer pro-actively leaving the group
2025-12-05 14:37:24 INFO  o.a.k.c.c.i.ConsumerCoordinator - [Consumer clientId=consumer-normalizer-group-5, groupId=normalizer-group] Request joining group due to: consumer pro-actively leaving the group
2025-12-05 14:37:24 INFO  o.a.k.c.c.i.ClassicKafkaConsumer - [Consumer clientId=consumer-normalizer-group-5, groupId=normalizer-group] Unsubscribed all topics or patterns and assigned partitions
2025-12-05 14:37:24 INFO  o.a.k.c.c.i.ClassicKafkaConsumer - [Consumer clientId=consumer-normalizer-group-6, groupId=normalizer-group] Unsubscribed all topics or patterns and assigned partitions
2025-12-05 14:37:24 INFO  o.a.k.c.c.i.ConsumerCoordinator - [Consumer clientId=consumer-normalizer-group-5, groupId=normalizer-group] Resetting generation and member id due to: consumer pro-actively leaving the group
2025-12-05 14:37:24 INFO  o.a.k.c.c.i.ConsumerCoordinator - [Consumer clientId=consumer-normalizer-group-6, groupId=normalizer-group] Resetting generation and member id due to: consumer pro-actively leaving the group
2025-12-05 14:37:24 INFO  o.a.k.c.c.i.ConsumerCoordinator - [Consumer clientId=consumer-normalizer-group-5, groupId=normalizer-group] Request joining group due to: consumer pro-actively leaving the group
2025-12-05 14:37:24 INFO  o.a.k.c.c.i.ConsumerCoordinator - [Consumer clientId=consumer-normalizer-group-6, groupId=normalizer-group] Request joining group due to: consumer pro-actively leaving the group
2025-12-05 14:37:25 INFO  o.a.kafka.common.metrics.Metrics - Metrics scheduler closed
2025-12-05 14:37:25 INFO  o.a.kafka.common.metrics.Metrics - Metrics scheduler closed
2025-12-05 14:37:25 INFO  o.a.kafka.common.metrics.Metrics - Closing reporter org.apache.kafka.common.metrics.JmxReporter
2025-12-05 14:37:25 INFO  o.a.kafka.common.metrics.Metrics - Closing reporter org.apache.kafka.common.metrics.JmxReporter
2025-12-05 14:37:25 INFO  o.a.kafka.common.metrics.Metrics - Closing reporter org.apache.kafka.common.telemetry.internals.ClientTelemetryReporter
2025-12-05 14:37:25 INFO  o.a.kafka.common.metrics.Metrics - Metrics reporters closed
2025-12-05 14:37:25 INFO  o.a.kafka.common.metrics.Metrics - Closing reporter org.apache.kafka.common.telemetry.internals.ClientTelemetryReporter
2025-12-05 14:37:25 INFO  o.a.kafka.common.metrics.Metrics - Metrics reporters closed
2025-12-05 14:37:25 INFO  o.a.kafka.common.utils.AppInfoParser - App info kafka.consumer for consumer-normalizer-group-6 unregistered
2025-12-05 14:37:25 INFO  o.s.k.l.KafkaMessageListenerContainer - normalizer-group: Consumer stopped
2025-12-05 14:37:25 INFO  o.a.kafka.common.utils.AppInfoParser - App info kafka.consumer for consumer-normalizer-group-5 unregistered
2025-12-05 14:37:25 INFO  o.s.k.l.KafkaMessageListenerContainer - normalizer-group: Consumer stopped
2025-12-05 14:37:25 INFO  o.s.b.w.e.tomcat.GracefulShutdown - Commencing graceful shutdown. Waiting for active requests to complete
2025-12-05 14:37:25 INFO  o.a.coyote.http11.Http11NioProtocol - Pausing ProtocolHandler ["http-nio-8083"]
2025-12-05 14:37:25 INFO  o.s.b.w.e.tomcat.GracefulShutdown - Graceful shutdown complete
2025-12-05 14:37:25 INFO  o.a.coyote.http11.Http11NioProtocol - Stopping ProtocolHandler ["http-nio-8083"]
2025-12-05 14:37:26 INFO  o.s.o.j.LocalContainerEntityManagerFactoryBean - Closing JPA EntityManagerFactory for persistence unit 'default'
2025-12-05 14:37:26 INFO  com.zaxxer.hikari.HikariDataSource - HikariPool-3 - Shutdown initiated...
2025-12-05 14:37:26 INFO  com.zaxxer.hikari.HikariDataSource - HikariPool-3 - Shutdown completed.
2025-12-05 15:16:35 INFO  o.h.validator.internal.util.Version - HV000001: Hibernate Validator 8.0.2.Final
2025-12-05 15:16:36 INFO  c.P.U.n.NormalizerServiceApplication - Starting NormalizerServiceApplication using Java 17.0.17 with PID 65 (/app/target/classes started by root in /app)
2025-12-05 15:16:36 INFO  c.P.U.n.NormalizerServiceApplication - No active profile set, falling back to 1 default profile: "default"
2025-12-05 15:16:37 INFO  o.s.b.d.e.DevToolsPropertyDefaultsPostProcessor - Devtools property defaults active! Set 'spring.devtools.add-properties' to 'false' to disable
2025-12-05 15:16:37 INFO  o.s.b.d.e.DevToolsPropertyDefaultsPostProcessor - For additional web related logging consider setting the 'logging.level.web' property to 'DEBUG'
2025-12-05 15:16:53 INFO  o.s.d.r.c.RepositoryConfigurationDelegate - Bootstrapping Spring Data JPA repositories in DEFAULT mode.
2025-12-05 15:16:54 INFO  o.s.d.r.c.RepositoryConfigurationDelegate - Finished Spring Data repository scanning in 1009 ms. Found 1 JPA repository interface.
2025-12-05 15:17:02 INFO  o.s.b.w.e.tomcat.TomcatWebServer - Tomcat initialized with port 8083 (http)
2025-12-05 15:17:02 INFO  o.a.coyote.http11.Http11NioProtocol - Initializing ProtocolHandler ["http-nio-8083"]
2025-12-05 15:17:02 INFO  o.a.catalina.core.StandardService - Starting service [Tomcat]
2025-12-05 15:17:02 INFO  o.a.catalina.core.StandardEngine - Starting Servlet engine: [Apache Tomcat/10.1.42]
2025-12-05 15:17:02 INFO  o.a.c.c.C.[Tomcat].[localhost].[/] - Initializing Spring embedded WebApplicationContext
2025-12-05 15:17:02 INFO  o.s.b.w.s.c.ServletWebServerApplicationContext - Root WebApplicationContext: initialization completed in 25154 ms
2025-12-05 15:17:04 INFO  o.h.jpa.internal.util.LogHelper - HHH000204: Processing PersistenceUnitInfo [name: default]
2025-12-05 15:17:05 INFO  org.hibernate.Version - HHH000412: Hibernate ORM core version 6.6.18.Final
2025-12-05 15:17:06 INFO  o.h.c.i.RegionFactoryInitiator - HHH000026: Second-level cache disabled
2025-12-05 15:17:11 INFO  o.s.o.j.p.SpringPersistenceUnitInfo - No LoadTimeWeaver setup: ignoring JPA class transformer
2025-12-05 15:17:12 INFO  com.zaxxer.hikari.HikariDataSource - HikariPool-1 - Starting...
2025-12-05 15:17:13 INFO  com.zaxxer.hikari.pool.HikariPool - HikariPool-1 - Added connection org.postgresql.jdbc.PgConnection@5e7e0dd0
2025-12-05 15:17:13 INFO  com.zaxxer.hikari.HikariDataSource - HikariPool-1 - Start completed.
2025-12-05 15:17:14 WARN  org.hibernate.orm.deprecation - HHH90000025: PostgreSQLDialect does not need to be specified explicitly using 'hibernate.dialect' (remove the property setting and it will be selected by default)
2025-12-05 15:17:14 INFO  o.hibernate.orm.connections.pooling - HHH10001005: Database info:
	Database JDBC URL [Connecting through datasource 'HikariDataSource (HikariPool-1)']
	Database driver: undefined/unknown
	Database version: 15.13
	Autocommit mode: undefined/unknown
	Isolation level: undefined/unknown
	Minimum pool size: undefined/unknown
	Maximum pool size: undefined/unknown
2025-12-05 15:17:30 INFO  o.h.e.t.j.p.i.JtaPlatformInitiator - HHH000489: No JTA platform available (set 'hibernate.transaction.jta.platform' to enable JTA platform integration)
2025-12-05 15:17:30 INFO  o.s.o.j.LocalContainerEntityManagerFactoryBean - Initialized JPA EntityManagerFactory for persistence unit 'default'
2025-12-05 15:17:36 WARN  o.s.b.a.o.j.JpaBaseConfiguration$JpaWebConfiguration - spring.jpa.open-in-view is enabled by default. Therefore, database queries may be performed during view rendering. Explicitly configure spring.jpa.open-in-view to disable this warning
2025-12-05 15:17:41 INFO  o.s.b.d.a.OptionalLiveReloadServer - LiveReload server is running on port 35729
2025-12-05 15:17:41 INFO  o.a.coyote.http11.Http11NioProtocol - Starting ProtocolHandler ["http-nio-8083"]
2025-12-05 15:17:41 INFO  o.s.b.w.e.tomcat.TomcatWebServer - Tomcat started on port 8083 (http) with context path '/'
2025-12-05 15:17:41 INFO  o.a.k.c.consumer.ConsumerConfig - ConsumerConfig values: 
	allow.auto.create.topics = true
	auto.commit.interval.ms = 5000
	auto.include.jmx.reporter = true
	auto.offset.reset = latest
	bootstrap.servers = [kafka:9092]
	check.crcs = true
	client.dns.lookup = use_all_dns_ips
	client.id = consumer-normalizer-group-1
	client.rack = 
	connections.max.idle.ms = 540000
	default.api.timeout.ms = 60000
	enable.auto.commit = false
	enable.metrics.push = true
	exclude.internal.topics = true
	fetch.max.bytes = 52428800
	fetch.max.wait.ms = 500
	fetch.min.bytes = 1
	group.id = normalizer-group
	group.instance.id = null
	group.protocol = classic
	group.remote.assignor = null
	heartbeat.interval.ms = 3000
	interceptor.classes = []
	internal.leave.group.on.close = true
	internal.throw.on.fetch.stable.offset.unsupported = false
	isolation.level = read_uncommitted
	key.deserializer = class org.apache.kafka.common.serialization.StringDeserializer
	max.partition.fetch.bytes = 1048576
	max.poll.interval.ms = 300000
	max.poll.records = 500
	metadata.max.age.ms = 300000
	metadata.recovery.strategy = none
	metric.reporters = []
	metrics.num.samples = 2
	metrics.recording.level = INFO
	metrics.sample.window.ms = 30000
	partition.assignment.strategy = [class org.apache.kafka.clients.consumer.RangeAssignor, class org.apache.kafka.clients.consumer.CooperativeStickyAssignor]
	receive.buffer.bytes = 65536
	reconnect.backoff.max.ms = 1000
	reconnect.backoff.ms = 50
	request.timeout.ms = 30000
	retry.backoff.max.ms = 1000
	retry.backoff.ms = 100
	sasl.client.callback.handler.class = null
	sasl.jaas.config = null
	sasl.kerberos.kinit.cmd = /usr/bin/kinit
	sasl.kerberos.min.time.before.relogin = 60000
	sasl.kerberos.service.name = null
	sasl.kerberos.ticket.renew.jitter = 0.05
	sasl.kerberos.ticket.renew.window.factor = 0.8
	sasl.login.callback.handler.class = null
	sasl.login.class = null
	sasl.login.connect.timeout.ms = null
	sasl.login.read.timeout.ms = null
	sasl.login.refresh.buffer.seconds = 300
	sasl.login.refresh.min.period.seconds = 60
	sasl.login.refresh.window.factor = 0.8
	sasl.login.refresh.window.jitter = 0.05
	sasl.login.retry.backoff.max.ms = 10000
	sasl.login.retry.backoff.ms = 100
	sasl.mechanism = GSSAPI
	sasl.oauthbearer.clock.skew.seconds = 30
	sasl.oauthbearer.expected.audience = null
	sasl.oauthbearer.expected.issuer = null
	sasl.oauthbearer.header.urlencode = false
	sasl.oauthbearer.jwks.endpoint.refresh.ms = 3600000
	sasl.oauthbearer.jwks.endpoint.retry.backoff.max.ms = 10000
	sasl.oauthbearer.jwks.endpoint.retry.backoff.ms = 100
	sasl.oauthbearer.jwks.endpoint.url = null
	sasl.oauthbearer.scope.claim.name = scope
	sasl.oauthbearer.sub.claim.name = sub
	sasl.oauthbearer.token.endpoint.url = null
	security.protocol = PLAINTEXT
	security.providers = null
	send.buffer.bytes = 131072
	session.timeout.ms = 45000
	socket.connection.setup.timeout.max.ms = 30000
	socket.connection.setup.timeout.ms = 10000
	ssl.cipher.suites = null
	ssl.enabled.protocols = [TLSv1.2, TLSv1.3]
	ssl.endpoint.identification.algorithm = https
	ssl.engine.factory.class = null
	ssl.key.password = null
	ssl.keymanager.algorithm = SunX509
	ssl.keystore.certificate.chain = null
	ssl.keystore.key = null
	ssl.keystore.location = null
	ssl.keystore.password = null
	ssl.keystore.type = JKS
	ssl.protocol = TLSv1.3
	ssl.provider = null
	ssl.secure.random.implementation = null
	ssl.trustmanager.algorithm = PKIX
	ssl.truststore.certificates = null
	ssl.truststore.location = null
	ssl.truststore.password = null
	ssl.truststore.type = JKS
	value.deserializer = class org.springframework.kafka.support.serializer.JsonDeserializer

2025-12-05 15:17:42 INFO  o.a.k.c.t.i.KafkaMetricsCollector - initializing Kafka metrics collector
2025-12-05 15:17:44 INFO  o.a.kafka.common.utils.AppInfoParser - Kafka version: 3.9.1
2025-12-05 15:17:44 INFO  o.a.kafka.common.utils.AppInfoParser - Kafka commitId: f745dfdcee2b9851
2025-12-05 15:17:44 INFO  o.a.kafka.common.utils.AppInfoParser - Kafka startTimeMs: 1764947864211
2025-12-05 15:17:44 INFO  o.a.k.c.c.i.ClassicKafkaConsumer - [Consumer clientId=consumer-normalizer-group-1, groupId=normalizer-group] Subscribed to topic(s): transactions
2025-12-05 15:17:44 INFO  o.a.k.c.consumer.ConsumerConfig - ConsumerConfig values: 
	allow.auto.create.topics = true
	auto.commit.interval.ms = 5000
	auto.include.jmx.reporter = true
	auto.offset.reset = latest
	bootstrap.servers = [kafka:9092]
	check.crcs = true
	client.dns.lookup = use_all_dns_ips
	client.id = consumer-normalizer-group-2
	client.rack = 
	connections.max.idle.ms = 540000
	default.api.timeout.ms = 60000
	enable.auto.commit = false
	enable.metrics.push = true
	exclude.internal.topics = true
	fetch.max.bytes = 52428800
	fetch.max.wait.ms = 500
	fetch.min.bytes = 1
	group.id = normalizer-group
	group.instance.id = null
	group.protocol = classic
	group.remote.assignor = null
	heartbeat.interval.ms = 3000
	interceptor.classes = []
	internal.leave.group.on.close = true
	internal.throw.on.fetch.stable.offset.unsupported = false
	isolation.level = read_uncommitted
	key.deserializer = class org.apache.kafka.common.serialization.StringDeserializer
	max.partition.fetch.bytes = 1048576
	max.poll.interval.ms = 300000
	max.poll.records = 500
	metadata.max.age.ms = 300000
	metadata.recovery.strategy = none
	metric.reporters = []
	metrics.num.samples = 2
	metrics.recording.level = INFO
	metrics.sample.window.ms = 30000
	partition.assignment.strategy = [class org.apache.kafka.clients.consumer.RangeAssignor, class org.apache.kafka.clients.consumer.CooperativeStickyAssignor]
	receive.buffer.bytes = 65536
	reconnect.backoff.max.ms = 1000
	reconnect.backoff.ms = 50
	request.timeout.ms = 30000
	retry.backoff.max.ms = 1000
	retry.backoff.ms = 100
	sasl.client.callback.handler.class = null
	sasl.jaas.config = null
	sasl.kerberos.kinit.cmd = /usr/bin/kinit
	sasl.kerberos.min.time.before.relogin = 60000
	sasl.kerberos.service.name = null
	sasl.kerberos.ticket.renew.jitter = 0.05
	sasl.kerberos.ticket.renew.window.factor = 0.8
	sasl.login.callback.handler.class = null
	sasl.login.class = null
	sasl.login.connect.timeout.ms = null
	sasl.login.read.timeout.ms = null
	sasl.login.refresh.buffer.seconds = 300
	sasl.login.refresh.min.period.seconds = 60
	sasl.login.refresh.window.factor = 0.8
	sasl.login.refresh.window.jitter = 0.05
	sasl.login.retry.backoff.max.ms = 10000
	sasl.login.retry.backoff.ms = 100
	sasl.mechanism = GSSAPI
	sasl.oauthbearer.clock.skew.seconds = 30
	sasl.oauthbearer.expected.audience = null
	sasl.oauthbearer.expected.issuer = null
	sasl.oauthbearer.header.urlencode = false
	sasl.oauthbearer.jwks.endpoint.refresh.ms = 3600000
	sasl.oauthbearer.jwks.endpoint.retry.backoff.max.ms = 10000
	sasl.oauthbearer.jwks.endpoint.retry.backoff.ms = 100
	sasl.oauthbearer.jwks.endpoint.url = null
	sasl.oauthbearer.scope.claim.name = scope
	sasl.oauthbearer.sub.claim.name = sub
	sasl.oauthbearer.token.endpoint.url = null
	security.protocol = PLAINTEXT
	security.providers = null
	send.buffer.bytes = 131072
	session.timeout.ms = 45000
	socket.connection.setup.timeout.max.ms = 30000
	socket.connection.setup.timeout.ms = 10000
	ssl.cipher.suites = null
	ssl.enabled.protocols = [TLSv1.2, TLSv1.3]
	ssl.endpoint.identification.algorithm = https
	ssl.engine.factory.class = null
	ssl.key.password = null
	ssl.keymanager.algorithm = SunX509
	ssl.keystore.certificate.chain = null
	ssl.keystore.key = null
	ssl.keystore.location = null
	ssl.keystore.password = null
	ssl.keystore.type = JKS
	ssl.protocol = TLSv1.3
	ssl.provider = null
	ssl.secure.random.implementation = null
	ssl.trustmanager.algorithm = PKIX
	ssl.truststore.certificates = null
	ssl.truststore.location = null
	ssl.truststore.password = null
	ssl.truststore.type = JKS
	value.deserializer = class org.springframework.kafka.support.serializer.JsonDeserializer

2025-12-05 15:17:44 INFO  o.a.k.c.t.i.KafkaMetricsCollector - initializing Kafka metrics collector
2025-12-05 15:17:44 INFO  o.a.kafka.common.utils.AppInfoParser - Kafka version: 3.9.1
2025-12-05 15:17:44 INFO  o.a.kafka.common.utils.AppInfoParser - Kafka commitId: f745dfdcee2b9851
2025-12-05 15:17:44 INFO  o.a.kafka.common.utils.AppInfoParser - Kafka startTimeMs: 1764947864386
2025-12-05 15:17:44 INFO  o.a.k.c.c.i.ClassicKafkaConsumer - [Consumer clientId=consumer-normalizer-group-2, groupId=normalizer-group] Subscribed to topic(s): raw-transactions
2025-12-05 15:17:44 INFO  c.P.U.n.NormalizerServiceApplication - Started NormalizerServiceApplication in 77.03 seconds (process running for 83.261)
2025-12-05 15:17:54 INFO  org.apache.kafka.clients.Metadata - [Consumer clientId=consumer-normalizer-group-1, groupId=normalizer-group] Cluster ID: w3TIzYtNT-qnAsjURzk2gQ
2025-12-05 15:17:54 INFO  org.apache.kafka.clients.Metadata - [Consumer clientId=consumer-normalizer-group-2, groupId=normalizer-group] Cluster ID: w3TIzYtNT-qnAsjURzk2gQ
2025-12-05 15:17:54 INFO  o.a.k.c.c.i.ConsumerCoordinator - [Consumer clientId=consumer-normalizer-group-1, groupId=normalizer-group] Discovered group coordinator kafka:9092 (id: 2147483646 rack: null)
2025-12-05 15:17:54 INFO  o.a.k.c.c.i.ConsumerCoordinator - [Consumer clientId=consumer-normalizer-group-2, groupId=normalizer-group] Discovered group coordinator kafka:9092 (id: 2147483646 rack: null)
2025-12-05 15:17:54 INFO  o.a.k.c.c.i.ConsumerCoordinator - [Consumer clientId=consumer-normalizer-group-1, groupId=normalizer-group] (Re-)joining group
2025-12-05 15:17:54 INFO  o.a.k.c.c.i.ConsumerCoordinator - [Consumer clientId=consumer-normalizer-group-2, groupId=normalizer-group] (Re-)joining group
2025-12-05 15:17:54 INFO  o.a.k.c.c.i.ConsumerCoordinator - [Consumer clientId=consumer-normalizer-group-2, groupId=normalizer-group] Request joining group due to: need to re-join with the given member-id: consumer-normalizer-group-2-eaa9206d-4838-4159-b71b-9f1fc68678bd
2025-12-05 15:17:54 INFO  o.a.k.c.c.i.ConsumerCoordinator - [Consumer clientId=consumer-normalizer-group-1, groupId=normalizer-group] Request joining group due to: need to re-join with the given member-id: consumer-normalizer-group-1-b647239d-7e97-4b8a-ac4c-16bb8ce64f2e
2025-12-05 15:17:54 INFO  o.a.k.c.c.i.ConsumerCoordinator - [Consumer clientId=consumer-normalizer-group-1, groupId=normalizer-group] (Re-)joining group
2025-12-05 15:17:54 INFO  o.a.k.c.c.i.ConsumerCoordinator - [Consumer clientId=consumer-normalizer-group-2, groupId=normalizer-group] (Re-)joining group
2025-12-05 15:17:57 INFO  o.a.k.c.c.i.ConsumerCoordinator - [Consumer clientId=consumer-normalizer-group-1, groupId=normalizer-group] Successfully joined group with generation Generation{generationId=13, memberId='consumer-normalizer-group-1-b647239d-7e97-4b8a-ac4c-16bb8ce64f2e', protocol='range'}
2025-12-05 15:17:57 INFO  o.a.k.c.c.i.ConsumerCoordinator - [Consumer clientId=consumer-normalizer-group-2, groupId=normalizer-group] Successfully joined group with generation Generation{generationId=13, memberId='consumer-normalizer-group-2-eaa9206d-4838-4159-b71b-9f1fc68678bd', protocol='range'}
2025-12-05 15:17:58 INFO  o.a.k.c.c.i.ConsumerCoordinator - [Consumer clientId=consumer-normalizer-group-2, groupId=normalizer-group] Finished assignment for group at generation 13: {consumer-normalizer-group-1-b647239d-7e97-4b8a-ac4c-16bb8ce64f2e=Assignment(partitions=[transactions-0]), consumer-normalizer-group-2-eaa9206d-4838-4159-b71b-9f1fc68678bd=Assignment(partitions=[raw-transactions-0])}
2025-12-05 15:17:58 INFO  o.a.k.c.c.i.ConsumerCoordinator - [Consumer clientId=consumer-normalizer-group-1, groupId=normalizer-group] Successfully synced group in generation Generation{generationId=13, memberId='consumer-normalizer-group-1-b647239d-7e97-4b8a-ac4c-16bb8ce64f2e', protocol='range'}
2025-12-05 15:17:58 INFO  o.a.k.c.c.i.ConsumerCoordinator - [Consumer clientId=consumer-normalizer-group-1, groupId=normalizer-group] Notifying assignor about the new Assignment(partitions=[transactions-0])
2025-12-05 15:17:58 INFO  o.a.k.c.c.i.ConsumerCoordinator - [Consumer clientId=consumer-normalizer-group-2, groupId=normalizer-group] Successfully synced group in generation Generation{generationId=13, memberId='consumer-normalizer-group-2-eaa9206d-4838-4159-b71b-9f1fc68678bd', protocol='range'}
2025-12-05 15:17:58 INFO  o.a.k.c.c.i.ConsumerCoordinator - [Consumer clientId=consumer-normalizer-group-2, groupId=normalizer-group] Notifying assignor about the new Assignment(partitions=[raw-transactions-0])
2025-12-05 15:17:58 INFO  o.a.k.c.c.i.ConsumerRebalanceListenerInvoker - [Consumer clientId=consumer-normalizer-group-1, groupId=normalizer-group] Adding newly assigned partitions: transactions-0
2025-12-05 15:17:58 INFO  o.a.k.c.c.i.ConsumerRebalanceListenerInvoker - [Consumer clientId=consumer-normalizer-group-2, groupId=normalizer-group] Adding newly assigned partitions: raw-transactions-0
2025-12-05 15:17:58 INFO  o.a.k.c.c.internals.ConsumerUtils - Setting offset for partition raw-transactions-0 to the committed offset FetchPosition{offset=1, offsetEpoch=Optional.empty, currentLeader=LeaderAndEpoch{leader=Optional[kafka:9092 (id: 1 rack: null)], epoch=0}}
2025-12-05 15:17:58 INFO  o.a.k.c.c.internals.ConsumerUtils - Setting offset for partition transactions-0 to the committed offset FetchPosition{offset=0, offsetEpoch=Optional.empty, currentLeader=LeaderAndEpoch{leader=Optional[kafka:9092 (id: 1 rack: null)], epoch=0}}
2025-12-05 15:17:58 INFO  o.s.k.l.KafkaMessageListenerContainer - normalizer-group: partitions assigned: [raw-transactions-0]
2025-12-05 15:17:58 INFO  o.s.k.l.KafkaMessageListenerContainer - normalizer-group: partitions assigned: [transactions-0]
2025-12-05 15:28:26 INFO  o.s.b.d.a.LocalDevToolsAutoConfiguration$RestartingClassPathChangeChangedEventListener - Restarting due to 20 class path changes (0 additions, 19 deletions, 1 modification)
2025-12-05 15:28:28 INFO  o.a.k.c.c.i.ConsumerRebalanceListenerInvoker - [Consumer clientId=consumer-normalizer-group-1, groupId=normalizer-group] Revoke previously assigned partitions transactions-0
2025-12-05 15:28:28 INFO  o.a.k.c.c.i.ConsumerRebalanceListenerInvoker - [Consumer clientId=consumer-normalizer-group-2, groupId=normalizer-group] Revoke previously assigned partitions raw-transactions-0
2025-12-05 15:28:28 INFO  o.s.k.l.KafkaMessageListenerContainer - normalizer-group: partitions revoked: [raw-transactions-0]
2025-12-05 15:28:28 INFO  o.s.k.l.KafkaMessageListenerContainer - normalizer-group: partitions revoked: [transactions-0]
2025-12-05 15:28:28 INFO  o.a.k.c.c.i.ConsumerCoordinator - [Consumer clientId=consumer-normalizer-group-2, groupId=normalizer-group] Member consumer-normalizer-group-2-eaa9206d-4838-4159-b71b-9f1fc68678bd sending LeaveGroup request to coordinator kafka:9092 (id: 2147483646 rack: null) due to the consumer unsubscribed from all topics
2025-12-05 15:28:28 INFO  o.a.k.c.c.i.ConsumerCoordinator - [Consumer clientId=consumer-normalizer-group-1, groupId=normalizer-group] Member consumer-normalizer-group-1-b647239d-7e97-4b8a-ac4c-16bb8ce64f2e sending LeaveGroup request to coordinator kafka:9092 (id: 2147483646 rack: null) due to the consumer unsubscribed from all topics
2025-12-05 15:28:28 INFO  o.a.k.c.c.i.ConsumerCoordinator - [Consumer clientId=consumer-normalizer-group-2, groupId=normalizer-group] Resetting generation and member id due to: consumer pro-actively leaving the group
2025-12-05 15:28:28 INFO  o.a.k.c.c.i.ConsumerCoordinator - [Consumer clientId=consumer-normalizer-group-1, groupId=normalizer-group] Resetting generation and member id due to: consumer pro-actively leaving the group
2025-12-05 15:28:28 INFO  o.a.k.c.c.i.ConsumerCoordinator - [Consumer clientId=consumer-normalizer-group-2, groupId=normalizer-group] Request joining group due to: consumer pro-actively leaving the group
2025-12-05 15:28:28 INFO  o.a.k.c.c.i.ConsumerCoordinator - [Consumer clientId=consumer-normalizer-group-1, groupId=normalizer-group] Request joining group due to: consumer pro-actively leaving the group
2025-12-05 15:28:28 INFO  o.a.k.c.c.i.ClassicKafkaConsumer - [Consumer clientId=consumer-normalizer-group-2, groupId=normalizer-group] Unsubscribed all topics or patterns and assigned partitions
2025-12-05 15:28:28 INFO  o.a.k.c.c.i.ClassicKafkaConsumer - [Consumer clientId=consumer-normalizer-group-1, groupId=normalizer-group] Unsubscribed all topics or patterns and assigned partitions
2025-12-05 15:28:29 INFO  o.a.k.c.c.i.ConsumerCoordinator - [Consumer clientId=consumer-normalizer-group-2, groupId=normalizer-group] Resetting generation and member id due to: consumer pro-actively leaving the group
2025-12-05 15:28:29 INFO  o.a.k.c.c.i.ConsumerCoordinator - [Consumer clientId=consumer-normalizer-group-1, groupId=normalizer-group] Resetting generation and member id due to: consumer pro-actively leaving the group
2025-12-05 15:28:29 INFO  o.a.k.c.c.i.ConsumerCoordinator - [Consumer clientId=consumer-normalizer-group-2, groupId=normalizer-group] Request joining group due to: consumer pro-actively leaving the group
2025-12-05 15:28:29 INFO  o.a.k.c.c.i.ConsumerCoordinator - [Consumer clientId=consumer-normalizer-group-1, groupId=normalizer-group] Request joining group due to: consumer pro-actively leaving the group
2025-12-05 15:28:30 INFO  o.a.kafka.common.metrics.Metrics - Metrics scheduler closed
2025-12-05 15:28:30 INFO  o.a.kafka.common.metrics.Metrics - Metrics scheduler closed
2025-12-05 15:28:30 INFO  o.a.kafka.common.metrics.Metrics - Closing reporter org.apache.kafka.common.metrics.JmxReporter
2025-12-05 15:28:30 INFO  o.a.kafka.common.metrics.Metrics - Closing reporter org.apache.kafka.common.metrics.JmxReporter
2025-12-05 15:28:30 INFO  o.a.kafka.common.metrics.Metrics - Closing reporter org.apache.kafka.common.telemetry.internals.ClientTelemetryReporter
2025-12-05 15:28:30 INFO  o.a.kafka.common.metrics.Metrics - Closing reporter org.apache.kafka.common.telemetry.internals.ClientTelemetryReporter
2025-12-05 15:28:30 INFO  o.a.kafka.common.metrics.Metrics - Metrics reporters closed
2025-12-05 15:28:30 INFO  o.a.kafka.common.metrics.Metrics - Metrics reporters closed
2025-12-05 15:28:31 INFO  o.a.kafka.common.utils.AppInfoParser - App info kafka.consumer for consumer-normalizer-group-1 unregistered
2025-12-05 15:28:31 INFO  o.a.kafka.common.utils.AppInfoParser - App info kafka.consumer for consumer-normalizer-group-2 unregistered
2025-12-05 15:28:31 INFO  o.s.k.l.KafkaMessageListenerContainer - normalizer-group: Consumer stopped
2025-12-05 15:28:31 INFO  o.s.k.l.KafkaMessageListenerContainer - normalizer-group: Consumer stopped
2025-12-05 15:28:31 INFO  o.s.b.w.e.tomcat.GracefulShutdown - Commencing graceful shutdown. Waiting for active requests to complete
2025-12-05 15:28:31 INFO  o.a.coyote.http11.Http11NioProtocol - Pausing ProtocolHandler ["http-nio-8083"]
2025-12-05 15:28:31 INFO  o.s.b.w.e.tomcat.GracefulShutdown - Graceful shutdown complete
2025-12-05 15:28:31 INFO  o.a.coyote.http11.Http11NioProtocol - Stopping ProtocolHandler ["http-nio-8083"]
2025-12-05 15:28:31 INFO  o.s.o.j.LocalContainerEntityManagerFactoryBean - Closing JPA EntityManagerFactory for persistence unit 'default'
2025-12-05 15:28:32 INFO  com.zaxxer.hikari.HikariDataSource - HikariPool-1 - Shutdown initiated...
2025-12-05 15:28:32 INFO  com.zaxxer.hikari.HikariDataSource - HikariPool-1 - Shutdown completed.
2025-12-05 15:28:38 INFO  c.P.U.n.NormalizerServiceApplication - Starting NormalizerServiceApplication using Java 17.0.17 with PID 65 (/app/target/classes started by root in /app)
2025-12-05 15:28:38 INFO  c.P.U.n.NormalizerServiceApplication - No active profile set, falling back to 1 default profile: "default"
2025-12-05 15:57:02 INFO  o.h.validator.internal.util.Version - HV000001: Hibernate Validator 8.0.2.Final
2025-12-05 15:57:03 INFO  c.P.U.n.NormalizerServiceApplication - Starting NormalizerServiceApplication using Java 17.0.17 with PID 65 (/app/target/classes started by root in /app)
2025-12-05 15:57:03 INFO  c.P.U.n.NormalizerServiceApplication - No active profile set, falling back to 1 default profile: "default"
2025-12-05 15:57:05 INFO  o.s.b.d.e.DevToolsPropertyDefaultsPostProcessor - Devtools property defaults active! Set 'spring.devtools.add-properties' to 'false' to disable
2025-12-05 15:57:05 INFO  o.s.b.d.e.DevToolsPropertyDefaultsPostProcessor - For additional web related logging consider setting the 'logging.level.web' property to 'DEBUG'
2025-12-05 15:57:31 INFO  o.s.d.r.c.RepositoryConfigurationDelegate - Bootstrapping Spring Data JPA repositories in DEFAULT mode.
2025-12-05 15:57:32 INFO  o.s.d.r.c.RepositoryConfigurationDelegate - Finished Spring Data repository scanning in 1177 ms. Found 1 JPA repository interface.
2025-12-05 15:57:41 INFO  o.s.b.w.e.tomcat.TomcatWebServer - Tomcat initialized with port 8083 (http)
2025-12-05 15:57:41 INFO  o.a.coyote.http11.Http11NioProtocol - Initializing ProtocolHandler ["http-nio-8083"]
2025-12-05 15:57:41 INFO  o.a.catalina.core.StandardService - Starting service [Tomcat]
2025-12-05 15:57:41 INFO  o.a.catalina.core.StandardEngine - Starting Servlet engine: [Apache Tomcat/10.1.42]
2025-12-05 15:57:42 INFO  o.a.c.c.C.[Tomcat].[localhost].[/] - Initializing Spring embedded WebApplicationContext
2025-12-05 15:57:42 INFO  o.s.b.w.s.c.ServletWebServerApplicationContext - Root WebApplicationContext: initialization completed in 37654 ms
2025-12-05 15:57:45 INFO  o.h.jpa.internal.util.LogHelper - HHH000204: Processing PersistenceUnitInfo [name: default]
2025-12-05 15:57:47 INFO  org.hibernate.Version - HHH000412: Hibernate ORM core version 6.6.18.Final
2025-12-05 15:57:48 INFO  o.h.c.i.RegionFactoryInitiator - HHH000026: Second-level cache disabled
2025-12-05 15:58:01 INFO  o.s.o.j.p.SpringPersistenceUnitInfo - No LoadTimeWeaver setup: ignoring JPA class transformer
2025-12-05 15:58:02 INFO  com.zaxxer.hikari.HikariDataSource - HikariPool-1 - Starting...
2025-12-05 15:58:05 INFO  com.zaxxer.hikari.pool.HikariPool - HikariPool-1 - Added connection org.postgresql.jdbc.PgConnection@17fe8a9e
2025-12-05 15:58:05 INFO  com.zaxxer.hikari.HikariDataSource - HikariPool-1 - Start completed.
2025-12-05 15:58:07 WARN  org.hibernate.orm.deprecation - HHH90000025: PostgreSQLDialect does not need to be specified explicitly using 'hibernate.dialect' (remove the property setting and it will be selected by default)
2025-12-05 15:58:08 INFO  o.hibernate.orm.connections.pooling - HHH10001005: Database info:
	Database JDBC URL [Connecting through datasource 'HikariDataSource (HikariPool-1)']
	Database driver: undefined/unknown
	Database version: 15.13
	Autocommit mode: undefined/unknown
	Isolation level: undefined/unknown
	Minimum pool size: undefined/unknown
	Maximum pool size: undefined/unknown
2025-12-05 15:58:25 INFO  o.h.e.t.j.p.i.JtaPlatformInitiator - HHH000489: No JTA platform available (set 'hibernate.transaction.jta.platform' to enable JTA platform integration)
2025-12-05 15:58:26 INFO  o.s.o.j.LocalContainerEntityManagerFactoryBean - Initialized JPA EntityManagerFactory for persistence unit 'default'
2025-12-05 15:58:35 WARN  o.s.b.a.o.j.JpaBaseConfiguration$JpaWebConfiguration - spring.jpa.open-in-view is enabled by default. Therefore, database queries may be performed during view rendering. Explicitly configure spring.jpa.open-in-view to disable this warning
2025-12-05 15:58:43 INFO  o.s.b.d.a.OptionalLiveReloadServer - LiveReload server is running on port 35729
2025-12-05 15:58:44 INFO  o.a.coyote.http11.Http11NioProtocol - Starting ProtocolHandler ["http-nio-8083"]
2025-12-05 15:58:44 INFO  o.s.b.w.e.tomcat.TomcatWebServer - Tomcat started on port 8083 (http) with context path '/'
2025-12-05 15:58:44 INFO  o.a.k.c.consumer.ConsumerConfig - ConsumerConfig values: 
	allow.auto.create.topics = true
	auto.commit.interval.ms = 5000
	auto.include.jmx.reporter = true
	auto.offset.reset = latest
	bootstrap.servers = [kafka:9092]
	check.crcs = true
	client.dns.lookup = use_all_dns_ips
	client.id = consumer-normalizer-group-1
	client.rack = 
	connections.max.idle.ms = 540000
	default.api.timeout.ms = 60000
	enable.auto.commit = false
	enable.metrics.push = true
	exclude.internal.topics = true
	fetch.max.bytes = 52428800
	fetch.max.wait.ms = 500
	fetch.min.bytes = 1
	group.id = normalizer-group
	group.instance.id = null
	group.protocol = classic
	group.remote.assignor = null
	heartbeat.interval.ms = 3000
	interceptor.classes = []
	internal.leave.group.on.close = true
	internal.throw.on.fetch.stable.offset.unsupported = false
	isolation.level = read_uncommitted
	key.deserializer = class org.apache.kafka.common.serialization.StringDeserializer
	max.partition.fetch.bytes = 1048576
	max.poll.interval.ms = 300000
	max.poll.records = 500
	metadata.max.age.ms = 300000
	metadata.recovery.strategy = none
	metric.reporters = []
	metrics.num.samples = 2
	metrics.recording.level = INFO
	metrics.sample.window.ms = 30000
	partition.assignment.strategy = [class org.apache.kafka.clients.consumer.RangeAssignor, class org.apache.kafka.clients.consumer.CooperativeStickyAssignor]
	receive.buffer.bytes = 65536
	reconnect.backoff.max.ms = 1000
	reconnect.backoff.ms = 50
	request.timeout.ms = 30000
	retry.backoff.max.ms = 1000
	retry.backoff.ms = 100
	sasl.client.callback.handler.class = null
	sasl.jaas.config = null
	sasl.kerberos.kinit.cmd = /usr/bin/kinit
	sasl.kerberos.min.time.before.relogin = 60000
	sasl.kerberos.service.name = null
	sasl.kerberos.ticket.renew.jitter = 0.05
	sasl.kerberos.ticket.renew.window.factor = 0.8
	sasl.login.callback.handler.class = null
	sasl.login.class = null
	sasl.login.connect.timeout.ms = null
	sasl.login.read.timeout.ms = null
	sasl.login.refresh.buffer.seconds = 300
	sasl.login.refresh.min.period.seconds = 60
	sasl.login.refresh.window.factor = 0.8
	sasl.login.refresh.window.jitter = 0.05
	sasl.login.retry.backoff.max.ms = 10000
	sasl.login.retry.backoff.ms = 100
	sasl.mechanism = GSSAPI
	sasl.oauthbearer.clock.skew.seconds = 30
	sasl.oauthbearer.expected.audience = null
	sasl.oauthbearer.expected.issuer = null
	sasl.oauthbearer.header.urlencode = false
	sasl.oauthbearer.jwks.endpoint.refresh.ms = 3600000
	sasl.oauthbearer.jwks.endpoint.retry.backoff.max.ms = 10000
	sasl.oauthbearer.jwks.endpoint.retry.backoff.ms = 100
	sasl.oauthbearer.jwks.endpoint.url = null
	sasl.oauthbearer.scope.claim.name = scope
	sasl.oauthbearer.sub.claim.name = sub
	sasl.oauthbearer.token.endpoint.url = null
	security.protocol = PLAINTEXT
	security.providers = null
	send.buffer.bytes = 131072
	session.timeout.ms = 45000
	socket.connection.setup.timeout.max.ms = 30000
	socket.connection.setup.timeout.ms = 10000
	ssl.cipher.suites = null
	ssl.enabled.protocols = [TLSv1.2, TLSv1.3]
	ssl.endpoint.identification.algorithm = https
	ssl.engine.factory.class = null
	ssl.key.password = null
	ssl.keymanager.algorithm = SunX509
	ssl.keystore.certificate.chain = null
	ssl.keystore.key = null
	ssl.keystore.location = null
	ssl.keystore.password = null
	ssl.keystore.type = JKS
	ssl.protocol = TLSv1.3
	ssl.provider = null
	ssl.secure.random.implementation = null
	ssl.trustmanager.algorithm = PKIX
	ssl.truststore.certificates = null
	ssl.truststore.location = null
	ssl.truststore.password = null
	ssl.truststore.type = JKS
	value.deserializer = class org.springframework.kafka.support.serializer.JsonDeserializer

2025-12-05 15:58:45 INFO  o.a.k.c.t.i.KafkaMetricsCollector - initializing Kafka metrics collector
2025-12-05 15:58:46 INFO  o.a.kafka.common.utils.AppInfoParser - Kafka version: 3.9.1
2025-12-05 15:58:46 INFO  o.a.kafka.common.utils.AppInfoParser - Kafka commitId: f745dfdcee2b9851
2025-12-05 15:58:46 INFO  o.a.kafka.common.utils.AppInfoParser - Kafka startTimeMs: 1764950326684
2025-12-05 15:58:46 INFO  o.a.k.c.c.i.ClassicKafkaConsumer - [Consumer clientId=consumer-normalizer-group-1, groupId=normalizer-group] Subscribed to topic(s): transactions
2025-12-05 15:58:46 INFO  o.a.k.c.consumer.ConsumerConfig - ConsumerConfig values: 
	allow.auto.create.topics = true
	auto.commit.interval.ms = 5000
	auto.include.jmx.reporter = true
	auto.offset.reset = latest
	bootstrap.servers = [kafka:9092]
	check.crcs = true
	client.dns.lookup = use_all_dns_ips
	client.id = consumer-normalizer-group-2
	client.rack = 
	connections.max.idle.ms = 540000
	default.api.timeout.ms = 60000
	enable.auto.commit = false
	enable.metrics.push = true
	exclude.internal.topics = true
	fetch.max.bytes = 52428800
	fetch.max.wait.ms = 500
	fetch.min.bytes = 1
	group.id = normalizer-group
	group.instance.id = null
	group.protocol = classic
	group.remote.assignor = null
	heartbeat.interval.ms = 3000
	interceptor.classes = []
	internal.leave.group.on.close = true
	internal.throw.on.fetch.stable.offset.unsupported = false
	isolation.level = read_uncommitted
	key.deserializer = class org.apache.kafka.common.serialization.StringDeserializer
	max.partition.fetch.bytes = 1048576
	max.poll.interval.ms = 300000
	max.poll.records = 500
	metadata.max.age.ms = 300000
	metadata.recovery.strategy = none
	metric.reporters = []
	metrics.num.samples = 2
	metrics.recording.level = INFO
	metrics.sample.window.ms = 30000
	partition.assignment.strategy = [class org.apache.kafka.clients.consumer.RangeAssignor, class org.apache.kafka.clients.consumer.CooperativeStickyAssignor]
	receive.buffer.bytes = 65536
	reconnect.backoff.max.ms = 1000
	reconnect.backoff.ms = 50
	request.timeout.ms = 30000
	retry.backoff.max.ms = 1000
	retry.backoff.ms = 100
	sasl.client.callback.handler.class = null
	sasl.jaas.config = null
	sasl.kerberos.kinit.cmd = /usr/bin/kinit
	sasl.kerberos.min.time.before.relogin = 60000
	sasl.kerberos.service.name = null
	sasl.kerberos.ticket.renew.jitter = 0.05
	sasl.kerberos.ticket.renew.window.factor = 0.8
	sasl.login.callback.handler.class = null
	sasl.login.class = null
	sasl.login.connect.timeout.ms = null
	sasl.login.read.timeout.ms = null
	sasl.login.refresh.buffer.seconds = 300
	sasl.login.refresh.min.period.seconds = 60
	sasl.login.refresh.window.factor = 0.8
	sasl.login.refresh.window.jitter = 0.05
	sasl.login.retry.backoff.max.ms = 10000
	sasl.login.retry.backoff.ms = 100
	sasl.mechanism = GSSAPI
	sasl.oauthbearer.clock.skew.seconds = 30
	sasl.oauthbearer.expected.audience = null
	sasl.oauthbearer.expected.issuer = null
	sasl.oauthbearer.header.urlencode = false
	sasl.oauthbearer.jwks.endpoint.refresh.ms = 3600000
	sasl.oauthbearer.jwks.endpoint.retry.backoff.max.ms = 10000
	sasl.oauthbearer.jwks.endpoint.retry.backoff.ms = 100
	sasl.oauthbearer.jwks.endpoint.url = null
	sasl.oauthbearer.scope.claim.name = scope
	sasl.oauthbearer.sub.claim.name = sub
	sasl.oauthbearer.token.endpoint.url = null
	security.protocol = PLAINTEXT
	security.providers = null
	send.buffer.bytes = 131072
	session.timeout.ms = 45000
	socket.connection.setup.timeout.max.ms = 30000
	socket.connection.setup.timeout.ms = 10000
	ssl.cipher.suites = null
	ssl.enabled.protocols = [TLSv1.2, TLSv1.3]
	ssl.endpoint.identification.algorithm = https
	ssl.engine.factory.class = null
	ssl.key.password = null
	ssl.keymanager.algorithm = SunX509
	ssl.keystore.certificate.chain = null
	ssl.keystore.key = null
	ssl.keystore.location = null
	ssl.keystore.password = null
	ssl.keystore.type = JKS
	ssl.protocol = TLSv1.3
	ssl.provider = null
	ssl.secure.random.implementation = null
	ssl.trustmanager.algorithm = PKIX
	ssl.truststore.certificates = null
	ssl.truststore.location = null
	ssl.truststore.password = null
	ssl.truststore.type = JKS
	value.deserializer = class org.springframework.kafka.support.serializer.JsonDeserializer

2025-12-05 15:58:46 INFO  o.a.k.c.t.i.KafkaMetricsCollector - initializing Kafka metrics collector
2025-12-05 15:58:46 INFO  o.a.kafka.common.utils.AppInfoParser - Kafka version: 3.9.1
2025-12-05 15:58:46 INFO  o.a.kafka.common.utils.AppInfoParser - Kafka commitId: f745dfdcee2b9851
2025-12-05 15:58:46 INFO  o.a.kafka.common.utils.AppInfoParser - Kafka startTimeMs: 1764950326896
2025-12-05 15:58:46 INFO  o.a.k.c.c.i.ClassicKafkaConsumer - [Consumer clientId=consumer-normalizer-group-2, groupId=normalizer-group] Subscribed to topic(s): raw-transactions
2025-12-05 15:58:46 INFO  c.P.U.n.NormalizerServiceApplication - Started NormalizerServiceApplication in 123.93 seconds (process running for 132.237)
2025-12-05 15:58:53 INFO  org.apache.kafka.clients.Metadata - [Consumer clientId=consumer-normalizer-group-1, groupId=normalizer-group] Cluster ID: -Ev3b8JLS_uTHl36QpBdMw
2025-12-05 15:58:53 INFO  org.apache.kafka.clients.Metadata - [Consumer clientId=consumer-normalizer-group-2, groupId=normalizer-group] Cluster ID: -Ev3b8JLS_uTHl36QpBdMw
2025-12-05 15:58:53 INFO  o.a.k.c.c.i.ConsumerCoordinator - [Consumer clientId=consumer-normalizer-group-2, groupId=normalizer-group] Discovered group coordinator kafka:9092 (id: 2147483646 rack: null)
2025-12-05 15:58:53 INFO  o.a.k.c.c.i.ConsumerCoordinator - [Consumer clientId=consumer-normalizer-group-1, groupId=normalizer-group] Discovered group coordinator kafka:9092 (id: 2147483646 rack: null)
2025-12-05 15:58:53 INFO  o.a.k.c.c.i.ConsumerCoordinator - [Consumer clientId=consumer-normalizer-group-1, groupId=normalizer-group] (Re-)joining group
2025-12-05 15:58:53 INFO  o.a.k.c.c.i.ConsumerCoordinator - [Consumer clientId=consumer-normalizer-group-2, groupId=normalizer-group] (Re-)joining group
2025-12-05 15:58:53 INFO  o.a.k.c.c.i.ConsumerCoordinator - [Consumer clientId=consumer-normalizer-group-1, groupId=normalizer-group] Request joining group due to: need to re-join with the given member-id: consumer-normalizer-group-1-8ac4c009-13c5-436a-bf13-e7332d5dbf45
2025-12-05 15:58:53 INFO  o.a.k.c.c.i.ConsumerCoordinator - [Consumer clientId=consumer-normalizer-group-2, groupId=normalizer-group] Request joining group due to: need to re-join with the given member-id: consumer-normalizer-group-2-6de10392-778d-465e-8f65-9449e95f9459
2025-12-05 15:58:53 INFO  o.a.k.c.c.i.ConsumerCoordinator - [Consumer clientId=consumer-normalizer-group-1, groupId=normalizer-group] (Re-)joining group
2025-12-05 15:58:53 INFO  o.a.k.c.c.i.ConsumerCoordinator - [Consumer clientId=consumer-normalizer-group-2, groupId=normalizer-group] (Re-)joining group
2025-12-05 15:58:56 INFO  o.a.k.c.c.i.ConsumerCoordinator - [Consumer clientId=consumer-normalizer-group-1, groupId=normalizer-group] Successfully joined group with generation Generation{generationId=3, memberId='consumer-normalizer-group-1-8ac4c009-13c5-436a-bf13-e7332d5dbf45', protocol='range'}
2025-12-05 15:58:56 INFO  o.a.k.c.c.i.ConsumerCoordinator - [Consumer clientId=consumer-normalizer-group-2, groupId=normalizer-group] Successfully joined group with generation Generation{generationId=3, memberId='consumer-normalizer-group-2-6de10392-778d-465e-8f65-9449e95f9459', protocol='range'}
2025-12-05 15:58:56 INFO  o.a.k.c.c.i.ConsumerCoordinator - [Consumer clientId=consumer-normalizer-group-1, groupId=normalizer-group] Finished assignment for group at generation 3: {consumer-normalizer-group-1-8ac4c009-13c5-436a-bf13-e7332d5dbf45=Assignment(partitions=[transactions-0]), consumer-normalizer-group-2-6de10392-778d-465e-8f65-9449e95f9459=Assignment(partitions=[raw-transactions-0])}
2025-12-05 15:58:56 INFO  o.a.k.c.c.i.ConsumerCoordinator - [Consumer clientId=consumer-normalizer-group-2, groupId=normalizer-group] Successfully synced group in generation Generation{generationId=3, memberId='consumer-normalizer-group-2-6de10392-778d-465e-8f65-9449e95f9459', protocol='range'}
2025-12-05 15:58:56 INFO  o.a.k.c.c.i.ConsumerCoordinator - [Consumer clientId=consumer-normalizer-group-1, groupId=normalizer-group] Successfully synced group in generation Generation{generationId=3, memberId='consumer-normalizer-group-1-8ac4c009-13c5-436a-bf13-e7332d5dbf45', protocol='range'}
2025-12-05 15:58:56 INFO  o.a.k.c.c.i.ConsumerCoordinator - [Consumer clientId=consumer-normalizer-group-2, groupId=normalizer-group] Notifying assignor about the new Assignment(partitions=[raw-transactions-0])
2025-12-05 15:58:56 INFO  o.a.k.c.c.i.ConsumerCoordinator - [Consumer clientId=consumer-normalizer-group-1, groupId=normalizer-group] Notifying assignor about the new Assignment(partitions=[transactions-0])
2025-12-05 15:58:56 INFO  o.a.k.c.c.i.ConsumerRebalanceListenerInvoker - [Consumer clientId=consumer-normalizer-group-1, groupId=normalizer-group] Adding newly assigned partitions: transactions-0
2025-12-05 15:58:56 INFO  o.a.k.c.c.i.ConsumerRebalanceListenerInvoker - [Consumer clientId=consumer-normalizer-group-2, groupId=normalizer-group] Adding newly assigned partitions: raw-transactions-0
2025-12-05 15:58:56 INFO  o.a.k.c.c.internals.ConsumerUtils - Setting offset for partition raw-transactions-0 to the committed offset FetchPosition{offset=1, offsetEpoch=Optional.empty, currentLeader=LeaderAndEpoch{leader=Optional[kafka:9092 (id: 1 rack: null)], epoch=0}}
2025-12-05 15:58:56 INFO  o.a.k.c.c.internals.ConsumerUtils - Setting offset for partition transactions-0 to the committed offset FetchPosition{offset=0, offsetEpoch=Optional.empty, currentLeader=LeaderAndEpoch{leader=Optional[kafka:9092 (id: 1 rack: null)], epoch=0}}
2025-12-05 15:58:56 INFO  o.s.k.l.KafkaMessageListenerContainer - normalizer-group: partitions assigned: [raw-transactions-0]
2025-12-05 15:58:56 INFO  o.s.k.l.KafkaMessageListenerContainer - normalizer-group: partitions assigned: [transactions-0]
2025-12-05 16:04:36 INFO  c.P.U.n.kafka.RawTransactionConsumer - Consumed RAW transaction from Kafka. TransactionId: qwe123
2025-12-05 16:04:36 INFO  c.P.U.n.service.NormalizerService - Normalizing transaction. TransactionId: qwe123
2025-12-05 16:04:41 ERROR c.P.U.n.service.NormalizerService - Error processing normalized transaction. TransactionId: qwe123 | Error: Could not commit JPA transaction
org.springframework.transaction.TransactionSystemException: Could not commit JPA transaction
	at org.springframework.orm.jpa.JpaTransactionManager.doCommit(JpaTransactionManager.java:571)
	at org.springframework.transaction.support.AbstractPlatformTransactionManager.processCommit(AbstractPlatformTransactionManager.java:795)
	at org.springframework.transaction.support.AbstractPlatformTransactionManager.commit(AbstractPlatformTransactionManager.java:758)
	at org.springframework.transaction.interceptor.TransactionAspectSupport.commitTransactionAfterReturning(TransactionAspectSupport.java:698)
	at org.springframework.transaction.interceptor.TransactionAspectSupport.invokeWithinTransaction(TransactionAspectSupport.java:416)
	at org.springframework.transaction.interceptor.TransactionInterceptor.invoke(TransactionInterceptor.java:119)
	at org.springframework.aop.framework.ReflectiveMethodInvocation.proceed(ReflectiveMethodInvocation.java:184)
	at org.springframework.dao.support.PersistenceExceptionTranslationInterceptor.invoke(PersistenceExceptionTranslationInterceptor.java:138)
	at org.springframework.aop.framework.ReflectiveMethodInvocation.proceed(ReflectiveMethodInvocation.java:184)
	at org.springframework.data.jpa.repository.support.CrudMethodMetadataPostProcessor$CrudMethodMetadataPopulatingMethodInterceptor.invoke(CrudMethodMetadataPostProcessor.java:165)
	at org.springframework.aop.framework.ReflectiveMethodInvocation.proceed(ReflectiveMethodInvocation.java:184)
	at org.springframework.aop.framework.JdkDynamicAopProxy.invoke(JdkDynamicAopProxy.java:223)
	at jdk.proxy4/jdk.proxy4.$Proxy126.save(Unknown Source)
	at com.Project.UPIRecon.normalizer.service.NormalizerService.normalize(NormalizerService.java:44)
	at com.Project.UPIRecon.normalizer.kafka.RawTransactionConsumer.consume(RawTransactionConsumer.java:24)
	at java.base/jdk.internal.reflect.NativeMethodAccessorImpl.invoke0(Native Method)
	at java.base/jdk.internal.reflect.NativeMethodAccessorImpl.invoke(NativeMethodAccessorImpl.java:77)
	at java.base/jdk.internal.reflect.DelegatingMethodAccessorImpl.invoke(DelegatingMethodAccessorImpl.java:43)
	at java.base/java.lang.reflect.Method.invoke(Method.java:569)
	at org.springframework.messaging.handler.invocation.InvocableHandlerMethod.doInvoke(InvocableHandlerMethod.java:169)
	at org.springframework.kafka.listener.adapter.KotlinAwareInvocableHandlerMethod.doInvoke(KotlinAwareInvocableHandlerMethod.java:45)
	at org.springframework.messaging.handler.invocation.InvocableHandlerMethod.invoke(InvocableHandlerMethod.java:119)
	at org.springframework.kafka.listener.adapter.HandlerAdapter.invoke(HandlerAdapter.java:78)
	at org.springframework.kafka.listener.adapter.MessagingMessageListenerAdapter.invokeHandler(MessagingMessageListenerAdapter.java:475)
	at org.springframework.kafka.listener.adapter.MessagingMessageListenerAdapter.invoke(MessagingMessageListenerAdapter.java:421)
	at org.springframework.kafka.listener.adapter.RecordMessagingMessageListenerAdapter.onMessage(RecordMessagingMessageListenerAdapter.java:85)
	at org.springframework.kafka.listener.adapter.RecordMessagingMessageListenerAdapter.onMessage(RecordMessagingMessageListenerAdapter.java:50)
	at org.springframework.kafka.listener.KafkaMessageListenerContainer$ListenerConsumer.doInvokeOnMessage(KafkaMessageListenerContainer.java:2887)
	at org.springframework.kafka.listener.KafkaMessageListenerContainer$ListenerConsumer.invokeOnMessage(KafkaMessageListenerContainer.java:2865)
	at org.springframework.kafka.listener.KafkaMessageListenerContainer$ListenerConsumer.doInvokeRecordListener(KafkaMessageListenerContainer.java:2777)
	at org.springframework.kafka.listener.KafkaMessageListenerContainer$ListenerConsumer.doInvokeWithRecords(KafkaMessageListenerContainer.java:2614)
	at org.springframework.kafka.listener.KafkaMessageListenerContainer$ListenerConsumer.invokeRecordListener(KafkaMessageListenerContainer.java:2503)
	at org.springframework.kafka.listener.KafkaMessageListenerContainer$ListenerConsumer.invokeListener(KafkaMessageListenerContainer.java:2152)
	at org.springframework.kafka.listener.KafkaMessageListenerContainer$ListenerConsumer.invokeIfHaveRecords(KafkaMessageListenerContainer.java:1528)
	at org.springframework.kafka.listener.KafkaMessageListenerContainer$ListenerConsumer.pollAndInvoke(KafkaMessageListenerContainer.java:1466)
	at org.springframework.kafka.listener.KafkaMessageListenerContainer$ListenerConsumer.run(KafkaMessageListenerContainer.java:1335)
	at java.base/java.util.concurrent.CompletableFuture$AsyncRun.run(CompletableFuture.java:1804)
	at java.base/java.lang.Thread.run(Thread.java:840)
Caused by: jakarta.persistence.RollbackException: Error while committing the transaction
	at org.hibernate.internal.ExceptionConverterImpl.convertCommitException(ExceptionConverterImpl.java:67)
	at org.hibernate.engine.transaction.internal.TransactionImpl.commit(TransactionImpl.java:104)
	at org.springframework.orm.jpa.JpaTransactionManager.doCommit(JpaTransactionManager.java:562)
	... 37 common frames omitted
Caused by: jakarta.validation.ConstraintViolationException: Validation failed for classes [com.Project.UPIRecon.normalizer.entity.NormalizedTransaction] during persist time for groups [jakarta.validation.groups.Default, ]
List of constraint violations:[
	ConstraintViolationImpl{interpolatedMessage='must not be null', propertyPath=source, rootBeanClass=class com.Project.UPIRecon.normalizer.entity.NormalizedTransaction, messageTemplate='{jakarta.validation.constraints.NotNull.message}'}
]
	at org.hibernate.boot.beanvalidation.BeanValidationEventListener.validate(BeanValidationEventListener.java:176)
	at org.hibernate.boot.beanvalidation.BeanValidationEventListener.onPreInsert(BeanValidationEventListener.java:88)
	at org.hibernate.action.internal.EntityInsertAction.preInsert(EntityInsertAction.java:251)
	at org.hibernate.action.internal.EntityInsertAction.execute(EntityInsertAction.java:106)
	at org.hibernate.engine.spi.ActionQueue.executeActions(ActionQueue.java:644)
	at org.hibernate.engine.spi.ActionQueue.executeActions(ActionQueue.java:511)
	at org.hibernate.event.internal.AbstractFlushingEventListener.performExecutions(AbstractFlushingEventListener.java:414)
	at org.hibernate.event.internal.DefaultFlushEventListener.onFlush(DefaultFlushEventListener.java:41)
	at org.hibernate.event.service.internal.EventListenerGroupImpl.fireEventOnEachListener(EventListenerGroupImpl.java:127)
	at org.hibernate.internal.SessionImpl.doFlush(SessionImpl.java:1429)
	at org.hibernate.internal.SessionImpl.managedFlush(SessionImpl.java:491)
	at org.hibernate.internal.SessionImpl.flushBeforeTransactionCompletion(SessionImpl.java:2354)
	at org.hibernate.internal.SessionImpl.beforeTransactionCompletion(SessionImpl.java:1978)
	at org.hibernate.engine.jdbc.internal.JdbcCoordinatorImpl.beforeTransactionCompletion(JdbcCoordinatorImpl.java:439)
	at org.hibernate.resource.transaction.backend.jdbc.internal.JdbcResourceLocalTransactionCoordinatorImpl.beforeCompletionCallback(JdbcResourceLocalTransactionCoordinatorImpl.java:169)
	at org.hibernate.resource.transaction.backend.jdbc.internal.JdbcResourceLocalTransactionCoordinatorImpl$TransactionDriverControlImpl.commit(JdbcResourceLocalTransactionCoordinatorImpl.java:267)
	at org.hibernate.engine.transaction.internal.TransactionImpl.commit(TransactionImpl.java:101)
	... 38 common frames omitted
2025-12-05 16:04:41 ERROR c.P.U.n.kafka.RawTransactionConsumer - Failed to normalize transaction. TransactionId: qwe123 | Error: Could not commit JPA transaction
org.springframework.transaction.TransactionSystemException: Could not commit JPA transaction
	at org.springframework.orm.jpa.JpaTransactionManager.doCommit(JpaTransactionManager.java:571)
	at org.springframework.transaction.support.AbstractPlatformTransactionManager.processCommit(AbstractPlatformTransactionManager.java:795)
	at org.springframework.transaction.support.AbstractPlatformTransactionManager.commit(AbstractPlatformTransactionManager.java:758)
	at org.springframework.transaction.interceptor.TransactionAspectSupport.commitTransactionAfterReturning(TransactionAspectSupport.java:698)
	at org.springframework.transaction.interceptor.TransactionAspectSupport.invokeWithinTransaction(TransactionAspectSupport.java:416)
	at org.springframework.transaction.interceptor.TransactionInterceptor.invoke(TransactionInterceptor.java:119)
	at org.springframework.aop.framework.ReflectiveMethodInvocation.proceed(ReflectiveMethodInvocation.java:184)
	at org.springframework.dao.support.PersistenceExceptionTranslationInterceptor.invoke(PersistenceExceptionTranslationInterceptor.java:138)
	at org.springframework.aop.framework.ReflectiveMethodInvocation.proceed(ReflectiveMethodInvocation.java:184)
	at org.springframework.data.jpa.repository.support.CrudMethodMetadataPostProcessor$CrudMethodMetadataPopulatingMethodInterceptor.invoke(CrudMethodMetadataPostProcessor.java:165)
	at org.springframework.aop.framework.ReflectiveMethodInvocation.proceed(ReflectiveMethodInvocation.java:184)
	at org.springframework.aop.framework.JdkDynamicAopProxy.invoke(JdkDynamicAopProxy.java:223)
	at jdk.proxy4/jdk.proxy4.$Proxy126.save(Unknown Source)
	at com.Project.UPIRecon.normalizer.service.NormalizerService.normalize(NormalizerService.java:44)
	at com.Project.UPIRecon.normalizer.kafka.RawTransactionConsumer.consume(RawTransactionConsumer.java:24)
	at java.base/jdk.internal.reflect.NativeMethodAccessorImpl.invoke0(Native Method)
	at java.base/jdk.internal.reflect.NativeMethodAccessorImpl.invoke(NativeMethodAccessorImpl.java:77)
	at java.base/jdk.internal.reflect.DelegatingMethodAccessorImpl.invoke(DelegatingMethodAccessorImpl.java:43)
	at java.base/java.lang.reflect.Method.invoke(Method.java:569)
	at org.springframework.messaging.handler.invocation.InvocableHandlerMethod.doInvoke(InvocableHandlerMethod.java:169)
	at org.springframework.kafka.listener.adapter.KotlinAwareInvocableHandlerMethod.doInvoke(KotlinAwareInvocableHandlerMethod.java:45)
	at org.springframework.messaging.handler.invocation.InvocableHandlerMethod.invoke(InvocableHandlerMethod.java:119)
	at org.springframework.kafka.listener.adapter.HandlerAdapter.invoke(HandlerAdapter.java:78)
	at org.springframework.kafka.listener.adapter.MessagingMessageListenerAdapter.invokeHandler(MessagingMessageListenerAdapter.java:475)
	at org.springframework.kafka.listener.adapter.MessagingMessageListenerAdapter.invoke(MessagingMessageListenerAdapter.java:421)
	at org.springframework.kafka.listener.adapter.RecordMessagingMessageListenerAdapter.onMessage(RecordMessagingMessageListenerAdapter.java:85)
	at org.springframework.kafka.listener.adapter.RecordMessagingMessageListenerAdapter.onMessage(RecordMessagingMessageListenerAdapter.java:50)
	at org.springframework.kafka.listener.KafkaMessageListenerContainer$ListenerConsumer.doInvokeOnMessage(KafkaMessageListenerContainer.java:2887)
	at org.springframework.kafka.listener.KafkaMessageListenerContainer$ListenerConsumer.invokeOnMessage(KafkaMessageListenerContainer.java:2865)
	at org.springframework.kafka.listener.KafkaMessageListenerContainer$ListenerConsumer.doInvokeRecordListener(KafkaMessageListenerContainer.java:2777)
	at org.springframework.kafka.listener.KafkaMessageListenerContainer$ListenerConsumer.doInvokeWithRecords(KafkaMessageListenerContainer.java:2614)
	at org.springframework.kafka.listener.KafkaMessageListenerContainer$ListenerConsumer.invokeRecordListener(KafkaMessageListenerContainer.java:2503)
	at org.springframework.kafka.listener.KafkaMessageListenerContainer$ListenerConsumer.invokeListener(KafkaMessageListenerContainer.java:2152)
	at org.springframework.kafka.listener.KafkaMessageListenerContainer$ListenerConsumer.invokeIfHaveRecords(KafkaMessageListenerContainer.java:1528)
	at org.springframework.kafka.listener.KafkaMessageListenerContainer$ListenerConsumer.pollAndInvoke(KafkaMessageListenerContainer.java:1466)
	at org.springframework.kafka.listener.KafkaMessageListenerContainer$ListenerConsumer.run(KafkaMessageListenerContainer.java:1335)
	at java.base/java.util.concurrent.CompletableFuture$AsyncRun.run(CompletableFuture.java:1804)
	at java.base/java.lang.Thread.run(Thread.java:840)
Caused by: jakarta.persistence.RollbackException: Error while committing the transaction
	at org.hibernate.internal.ExceptionConverterImpl.convertCommitException(ExceptionConverterImpl.java:67)
	at org.hibernate.engine.transaction.internal.TransactionImpl.commit(TransactionImpl.java:104)
	at org.springframework.orm.jpa.JpaTransactionManager.doCommit(JpaTransactionManager.java:562)
	... 37 common frames omitted
Caused by: jakarta.validation.ConstraintViolationException: Validation failed for classes [com.Project.UPIRecon.normalizer.entity.NormalizedTransaction] during persist time for groups [jakarta.validation.groups.Default, ]
List of constraint violations:[
	ConstraintViolationImpl{interpolatedMessage='must not be null', propertyPath=source, rootBeanClass=class com.Project.UPIRecon.normalizer.entity.NormalizedTransaction, messageTemplate='{jakarta.validation.constraints.NotNull.message}'}
]
	at org.hibernate.boot.beanvalidation.BeanValidationEventListener.validate(BeanValidationEventListener.java:176)
	at org.hibernate.boot.beanvalidation.BeanValidationEventListener.onPreInsert(BeanValidationEventListener.java:88)
	at org.hibernate.action.internal.EntityInsertAction.preInsert(EntityInsertAction.java:251)
	at org.hibernate.action.internal.EntityInsertAction.execute(EntityInsertAction.java:106)
	at org.hibernate.engine.spi.ActionQueue.executeActions(ActionQueue.java:644)
	at org.hibernate.engine.spi.ActionQueue.executeActions(ActionQueue.java:511)
	at org.hibernate.event.internal.AbstractFlushingEventListener.performExecutions(AbstractFlushingEventListener.java:414)
	at org.hibernate.event.internal.DefaultFlushEventListener.onFlush(DefaultFlushEventListener.java:41)
	at org.hibernate.event.service.internal.EventListenerGroupImpl.fireEventOnEachListener(EventListenerGroupImpl.java:127)
	at org.hibernate.internal.SessionImpl.doFlush(SessionImpl.java:1429)
	at org.hibernate.internal.SessionImpl.managedFlush(SessionImpl.java:491)
	at org.hibernate.internal.SessionImpl.flushBeforeTransactionCompletion(SessionImpl.java:2354)
	at org.hibernate.internal.SessionImpl.beforeTransactionCompletion(SessionImpl.java:1978)
	at org.hibernate.engine.jdbc.internal.JdbcCoordinatorImpl.beforeTransactionCompletion(JdbcCoordinatorImpl.java:439)
	at org.hibernate.resource.transaction.backend.jdbc.internal.JdbcResourceLocalTransactionCoordinatorImpl.beforeCompletionCallback(JdbcResourceLocalTransactionCoordinatorImpl.java:169)
	at org.hibernate.resource.transaction.backend.jdbc.internal.JdbcResourceLocalTransactionCoordinatorImpl$TransactionDriverControlImpl.commit(JdbcResourceLocalTransactionCoordinatorImpl.java:267)
	at org.hibernate.engine.transaction.internal.TransactionImpl.commit(TransactionImpl.java:101)
	... 38 common frames omitted
2025-12-05 16:14:29 INFO  o.s.b.d.a.LocalDevToolsAutoConfiguration$RestartingClassPathChangeChangedEventListener - Restarting due to 1 class path change (0 additions, 0 deletions, 1 modification)
2025-12-05 16:14:30 INFO  o.a.k.c.c.i.ConsumerRebalanceListenerInvoker - [Consumer clientId=consumer-normalizer-group-2, groupId=normalizer-group] Revoke previously assigned partitions raw-transactions-0
2025-12-05 16:14:30 INFO  o.a.k.c.c.i.ConsumerRebalanceListenerInvoker - [Consumer clientId=consumer-normalizer-group-1, groupId=normalizer-group] Revoke previously assigned partitions transactions-0
2025-12-05 16:14:30 INFO  o.s.k.l.KafkaMessageListenerContainer - normalizer-group: partitions revoked: [transactions-0]
2025-12-05 16:14:30 INFO  o.s.k.l.KafkaMessageListenerContainer - normalizer-group: partitions revoked: [raw-transactions-0]
2025-12-05 16:14:30 INFO  o.a.k.c.c.i.ConsumerCoordinator - [Consumer clientId=consumer-normalizer-group-1, groupId=normalizer-group] Member consumer-normalizer-group-1-8ac4c009-13c5-436a-bf13-e7332d5dbf45 sending LeaveGroup request to coordinator kafka:9092 (id: 2147483646 rack: null) due to the consumer unsubscribed from all topics
2025-12-05 16:14:30 INFO  o.a.k.c.c.i.ConsumerCoordinator - [Consumer clientId=consumer-normalizer-group-2, groupId=normalizer-group] Member consumer-normalizer-group-2-6de10392-778d-465e-8f65-9449e95f9459 sending LeaveGroup request to coordinator kafka:9092 (id: 2147483646 rack: null) due to the consumer unsubscribed from all topics
2025-12-05 16:14:30 INFO  o.a.k.c.c.i.ConsumerCoordinator - [Consumer clientId=consumer-normalizer-group-2, groupId=normalizer-group] Resetting generation and member id due to: consumer pro-actively leaving the group
2025-12-05 16:14:30 INFO  o.a.k.c.c.i.ConsumerCoordinator - [Consumer clientId=consumer-normalizer-group-1, groupId=normalizer-group] Resetting generation and member id due to: consumer pro-actively leaving the group
2025-12-05 16:14:30 INFO  o.a.k.c.c.i.ConsumerCoordinator - [Consumer clientId=consumer-normalizer-group-2, groupId=normalizer-group] Request joining group due to: consumer pro-actively leaving the group
2025-12-05 16:14:30 INFO  o.a.k.c.c.i.ConsumerCoordinator - [Consumer clientId=consumer-normalizer-group-1, groupId=normalizer-group] Request joining group due to: consumer pro-actively leaving the group
2025-12-05 16:14:30 INFO  o.a.k.c.c.i.ClassicKafkaConsumer - [Consumer clientId=consumer-normalizer-group-1, groupId=normalizer-group] Unsubscribed all topics or patterns and assigned partitions
2025-12-05 16:14:30 INFO  o.a.k.c.c.i.ClassicKafkaConsumer - [Consumer clientId=consumer-normalizer-group-2, groupId=normalizer-group] Unsubscribed all topics or patterns and assigned partitions
2025-12-05 16:14:30 INFO  o.a.k.c.c.i.ConsumerCoordinator - [Consumer clientId=consumer-normalizer-group-1, groupId=normalizer-group] Resetting generation and member id due to: consumer pro-actively leaving the group
2025-12-05 16:14:30 INFO  o.a.k.c.c.i.ConsumerCoordinator - [Consumer clientId=consumer-normalizer-group-2, groupId=normalizer-group] Resetting generation and member id due to: consumer pro-actively leaving the group
2025-12-05 16:14:30 INFO  o.a.k.c.c.i.ConsumerCoordinator - [Consumer clientId=consumer-normalizer-group-1, groupId=normalizer-group] Request joining group due to: consumer pro-actively leaving the group
2025-12-05 16:14:30 INFO  o.a.k.c.c.i.ConsumerCoordinator - [Consumer clientId=consumer-normalizer-group-2, groupId=normalizer-group] Request joining group due to: consumer pro-actively leaving the group
2025-12-05 16:14:30 INFO  o.a.kafka.common.metrics.Metrics - Metrics scheduler closed
2025-12-05 16:14:30 INFO  o.a.kafka.common.metrics.Metrics - Metrics scheduler closed
2025-12-05 16:14:30 INFO  o.a.kafka.common.metrics.Metrics - Closing reporter org.apache.kafka.common.metrics.JmxReporter
2025-12-05 16:14:30 INFO  o.a.kafka.common.metrics.Metrics - Closing reporter org.apache.kafka.common.metrics.JmxReporter
2025-12-05 16:14:30 INFO  o.a.kafka.common.metrics.Metrics - Closing reporter org.apache.kafka.common.telemetry.internals.ClientTelemetryReporter
2025-12-05 16:14:30 INFO  o.a.kafka.common.metrics.Metrics - Metrics reporters closed
2025-12-05 16:14:30 INFO  o.a.kafka.common.metrics.Metrics - Closing reporter org.apache.kafka.common.telemetry.internals.ClientTelemetryReporter
2025-12-05 16:14:30 INFO  o.a.kafka.common.metrics.Metrics - Metrics reporters closed
2025-12-05 16:14:30 INFO  o.a.kafka.common.utils.AppInfoParser - App info kafka.consumer for consumer-normalizer-group-2 unregistered
2025-12-05 16:14:30 INFO  o.a.kafka.common.utils.AppInfoParser - App info kafka.consumer for consumer-normalizer-group-1 unregistered
2025-12-05 16:14:30 INFO  o.s.k.l.KafkaMessageListenerContainer - normalizer-group: Consumer stopped
2025-12-05 16:14:30 INFO  o.s.k.l.KafkaMessageListenerContainer - normalizer-group: Consumer stopped
2025-12-05 16:14:30 INFO  o.s.b.w.e.tomcat.GracefulShutdown - Commencing graceful shutdown. Waiting for active requests to complete
2025-12-05 16:14:30 INFO  o.a.coyote.http11.Http11NioProtocol - Pausing ProtocolHandler ["http-nio-8083"]
2025-12-05 16:14:31 INFO  o.s.b.w.e.tomcat.GracefulShutdown - Graceful shutdown complete
2025-12-05 16:14:31 INFO  o.a.coyote.http11.Http11NioProtocol - Stopping ProtocolHandler ["http-nio-8083"]
2025-12-05 16:14:31 INFO  o.s.o.j.LocalContainerEntityManagerFactoryBean - Closing JPA EntityManagerFactory for persistence unit 'default'
2025-12-05 16:14:31 INFO  com.zaxxer.hikari.HikariDataSource - HikariPool-1 - Shutdown initiated...
2025-12-05 16:14:31 INFO  com.zaxxer.hikari.HikariDataSource - HikariPool-1 - Shutdown completed.
2025-12-05 16:14:35 INFO  c.P.U.n.NormalizerServiceApplication - Starting NormalizerServiceApplication using Java 17.0.17 with PID 65 (/app/target/classes started by root in /app)
2025-12-05 16:14:35 INFO  c.P.U.n.NormalizerServiceApplication - No active profile set, falling back to 1 default profile: "default"
2025-12-05 16:14:48 INFO  o.s.d.r.c.RepositoryConfigurationDelegate - Bootstrapping Spring Data JPA repositories in DEFAULT mode.
2025-12-05 16:14:49 INFO  o.s.d.r.c.RepositoryConfigurationDelegate - Finished Spring Data repository scanning in 1349 ms. Found 1 JPA repository interface.
2025-12-05 16:14:51 INFO  o.s.b.w.e.tomcat.TomcatWebServer - Tomcat initialized with port 8083 (http)
2025-12-05 16:14:51 INFO  o.a.coyote.http11.Http11NioProtocol - Initializing ProtocolHandler ["http-nio-8083"]
2025-12-05 16:14:51 INFO  o.a.catalina.core.StandardService - Starting service [Tomcat]
2025-12-05 16:14:51 INFO  o.a.catalina.core.StandardEngine - Starting Servlet engine: [Apache Tomcat/10.1.42]
2025-12-05 16:14:52 INFO  o.a.c.c.C.[Tomcat].[localhost].[/] - Initializing Spring embedded WebApplicationContext
2025-12-05 16:14:52 INFO  o.s.b.w.s.c.ServletWebServerApplicationContext - Root WebApplicationContext: initialization completed in 16555 ms
2025-12-05 16:14:53 INFO  o.h.jpa.internal.util.LogHelper - HHH000204: Processing PersistenceUnitInfo [name: default]
2025-12-05 16:14:53 INFO  o.h.c.i.RegionFactoryInitiator - HHH000026: Second-level cache disabled
2025-12-05 16:14:53 INFO  o.s.o.j.p.SpringPersistenceUnitInfo - No LoadTimeWeaver setup: ignoring JPA class transformer
2025-12-05 16:14:54 INFO  com.zaxxer.hikari.HikariDataSource - HikariPool-2 - Starting...
2025-12-05 16:14:54 INFO  com.zaxxer.hikari.pool.HikariPool - HikariPool-2 - Added connection org.postgresql.jdbc.PgConnection@7e26d761
2025-12-05 16:14:54 INFO  com.zaxxer.hikari.HikariDataSource - HikariPool-2 - Start completed.
2025-12-05 16:14:54 WARN  org.hibernate.orm.deprecation - HHH90000025: PostgreSQLDialect does not need to be specified explicitly using 'hibernate.dialect' (remove the property setting and it will be selected by default)
2025-12-05 16:14:54 INFO  o.hibernate.orm.connections.pooling - HHH10001005: Database info:
	Database JDBC URL [Connecting through datasource 'HikariDataSource (HikariPool-2)']
	Database driver: undefined/unknown
	Database version: 15.13
	Autocommit mode: undefined/unknown
	Isolation level: undefined/unknown
	Minimum pool size: undefined/unknown
	Maximum pool size: undefined/unknown
2025-12-05 16:14:55 INFO  o.h.e.t.j.p.i.JtaPlatformInitiator - HHH000489: No JTA platform available (set 'hibernate.transaction.jta.platform' to enable JTA platform integration)
2025-12-05 16:14:55 INFO  o.s.o.j.LocalContainerEntityManagerFactoryBean - Initialized JPA EntityManagerFactory for persistence unit 'default'
2025-12-05 16:14:56 WARN  o.s.b.a.o.j.JpaBaseConfiguration$JpaWebConfiguration - spring.jpa.open-in-view is enabled by default. Therefore, database queries may be performed during view rendering. Explicitly configure spring.jpa.open-in-view to disable this warning
2025-12-05 16:14:58 INFO  o.s.b.d.a.OptionalLiveReloadServer - LiveReload server is running on port 35729
2025-12-05 16:14:58 INFO  o.a.coyote.http11.Http11NioProtocol - Starting ProtocolHandler ["http-nio-8083"]
2025-12-05 16:14:58 INFO  o.s.b.w.e.tomcat.TomcatWebServer - Tomcat started on port 8083 (http) with context path '/'
2025-12-05 16:14:58 INFO  o.a.k.c.consumer.ConsumerConfig - ConsumerConfig values: 
	allow.auto.create.topics = true
	auto.commit.interval.ms = 5000
	auto.include.jmx.reporter = true
	auto.offset.reset = latest
	bootstrap.servers = [kafka:9092]
	check.crcs = true
	client.dns.lookup = use_all_dns_ips
	client.id = consumer-normalizer-group-3
	client.rack = 
	connections.max.idle.ms = 540000
	default.api.timeout.ms = 60000
	enable.auto.commit = false
	enable.metrics.push = true
	exclude.internal.topics = true
	fetch.max.bytes = 52428800
	fetch.max.wait.ms = 500
	fetch.min.bytes = 1
	group.id = normalizer-group
	group.instance.id = null
	group.protocol = classic
	group.remote.assignor = null
	heartbeat.interval.ms = 3000
	interceptor.classes = []
	internal.leave.group.on.close = true
	internal.throw.on.fetch.stable.offset.unsupported = false
	isolation.level = read_uncommitted
	key.deserializer = class org.apache.kafka.common.serialization.StringDeserializer
	max.partition.fetch.bytes = 1048576
	max.poll.interval.ms = 300000
	max.poll.records = 500
	metadata.max.age.ms = 300000
	metadata.recovery.strategy = none
	metric.reporters = []
	metrics.num.samples = 2
	metrics.recording.level = INFO
	metrics.sample.window.ms = 30000
	partition.assignment.strategy = [class org.apache.kafka.clients.consumer.RangeAssignor, class org.apache.kafka.clients.consumer.CooperativeStickyAssignor]
	receive.buffer.bytes = 65536
	reconnect.backoff.max.ms = 1000
	reconnect.backoff.ms = 50
	request.timeout.ms = 30000
	retry.backoff.max.ms = 1000
	retry.backoff.ms = 100
	sasl.client.callback.handler.class = null
	sasl.jaas.config = null
	sasl.kerberos.kinit.cmd = /usr/bin/kinit
	sasl.kerberos.min.time.before.relogin = 60000
	sasl.kerberos.service.name = null
	sasl.kerberos.ticket.renew.jitter = 0.05
	sasl.kerberos.ticket.renew.window.factor = 0.8
	sasl.login.callback.handler.class = null
	sasl.login.class = null
	sasl.login.connect.timeout.ms = null
	sasl.login.read.timeout.ms = null
	sasl.login.refresh.buffer.seconds = 300
	sasl.login.refresh.min.period.seconds = 60
	sasl.login.refresh.window.factor = 0.8
	sasl.login.refresh.window.jitter = 0.05
	sasl.login.retry.backoff.max.ms = 10000
	sasl.login.retry.backoff.ms = 100
	sasl.mechanism = GSSAPI
	sasl.oauthbearer.clock.skew.seconds = 30
	sasl.oauthbearer.expected.audience = null
	sasl.oauthbearer.expected.issuer = null
	sasl.oauthbearer.header.urlencode = false
	sasl.oauthbearer.jwks.endpoint.refresh.ms = 3600000
	sasl.oauthbearer.jwks.endpoint.retry.backoff.max.ms = 10000
	sasl.oauthbearer.jwks.endpoint.retry.backoff.ms = 100
	sasl.oauthbearer.jwks.endpoint.url = null
	sasl.oauthbearer.scope.claim.name = scope
	sasl.oauthbearer.sub.claim.name = sub
	sasl.oauthbearer.token.endpoint.url = null
	security.protocol = PLAINTEXT
	security.providers = null
	send.buffer.bytes = 131072
	session.timeout.ms = 45000
	socket.connection.setup.timeout.max.ms = 30000
	socket.connection.setup.timeout.ms = 10000
	ssl.cipher.suites = null
	ssl.enabled.protocols = [TLSv1.2, TLSv1.3]
	ssl.endpoint.identification.algorithm = https
	ssl.engine.factory.class = null
	ssl.key.password = null
	ssl.keymanager.algorithm = SunX509
	ssl.keystore.certificate.chain = null
	ssl.keystore.key = null
	ssl.keystore.location = null
	ssl.keystore.password = null
	ssl.keystore.type = JKS
	ssl.protocol = TLSv1.3
	ssl.provider = null
	ssl.secure.random.implementation = null
	ssl.trustmanager.algorithm = PKIX
	ssl.truststore.certificates = null
	ssl.truststore.location = null
	ssl.truststore.password = null
	ssl.truststore.type = JKS
	value.deserializer = class org.springframework.kafka.support.serializer.JsonDeserializer

2025-12-05 16:14:58 INFO  o.a.k.c.t.i.KafkaMetricsCollector - initializing Kafka metrics collector
2025-12-05 16:14:58 INFO  o.a.kafka.common.utils.AppInfoParser - Kafka version: 3.9.1
2025-12-05 16:14:58 INFO  o.a.kafka.common.utils.AppInfoParser - Kafka commitId: f745dfdcee2b9851
2025-12-05 16:14:58 INFO  o.a.kafka.common.utils.AppInfoParser - Kafka startTimeMs: 1764951298321
2025-12-05 16:14:58 INFO  o.a.k.c.c.i.ClassicKafkaConsumer - [Consumer clientId=consumer-normalizer-group-3, groupId=normalizer-group] Subscribed to topic(s): transactions
2025-12-05 16:14:58 INFO  o.a.k.c.consumer.ConsumerConfig - ConsumerConfig values: 
	allow.auto.create.topics = true
	auto.commit.interval.ms = 5000
	auto.include.jmx.reporter = true
	auto.offset.reset = latest
	bootstrap.servers = [kafka:9092]
	check.crcs = true
	client.dns.lookup = use_all_dns_ips
	client.id = consumer-normalizer-group-4
	client.rack = 
	connections.max.idle.ms = 540000
	default.api.timeout.ms = 60000
	enable.auto.commit = false
	enable.metrics.push = true
	exclude.internal.topics = true
	fetch.max.bytes = 52428800
	fetch.max.wait.ms = 500
	fetch.min.bytes = 1
	group.id = normalizer-group
	group.instance.id = null
	group.protocol = classic
	group.remote.assignor = null
	heartbeat.interval.ms = 3000
	interceptor.classes = []
	internal.leave.group.on.close = true
	internal.throw.on.fetch.stable.offset.unsupported = false
	isolation.level = read_uncommitted
	key.deserializer = class org.apache.kafka.common.serialization.StringDeserializer
	max.partition.fetch.bytes = 1048576
	max.poll.interval.ms = 300000
	max.poll.records = 500
	metadata.max.age.ms = 300000
	metadata.recovery.strategy = none
	metric.reporters = []
	metrics.num.samples = 2
	metrics.recording.level = INFO
	metrics.sample.window.ms = 30000
	partition.assignment.strategy = [class org.apache.kafka.clients.consumer.RangeAssignor, class org.apache.kafka.clients.consumer.CooperativeStickyAssignor]
	receive.buffer.bytes = 65536
	reconnect.backoff.max.ms = 1000
	reconnect.backoff.ms = 50
	request.timeout.ms = 30000
	retry.backoff.max.ms = 1000
	retry.backoff.ms = 100
	sasl.client.callback.handler.class = null
	sasl.jaas.config = null
	sasl.kerberos.kinit.cmd = /usr/bin/kinit
	sasl.kerberos.min.time.before.relogin = 60000
	sasl.kerberos.service.name = null
	sasl.kerberos.ticket.renew.jitter = 0.05
	sasl.kerberos.ticket.renew.window.factor = 0.8
	sasl.login.callback.handler.class = null
	sasl.login.class = null
	sasl.login.connect.timeout.ms = null
	sasl.login.read.timeout.ms = null
	sasl.login.refresh.buffer.seconds = 300
	sasl.login.refresh.min.period.seconds = 60
	sasl.login.refresh.window.factor = 0.8
	sasl.login.refresh.window.jitter = 0.05
	sasl.login.retry.backoff.max.ms = 10000
	sasl.login.retry.backoff.ms = 100
	sasl.mechanism = GSSAPI
	sasl.oauthbearer.clock.skew.seconds = 30
	sasl.oauthbearer.expected.audience = null
	sasl.oauthbearer.expected.issuer = null
	sasl.oauthbearer.header.urlencode = false
	sasl.oauthbearer.jwks.endpoint.refresh.ms = 3600000
	sasl.oauthbearer.jwks.endpoint.retry.backoff.max.ms = 10000
	sasl.oauthbearer.jwks.endpoint.retry.backoff.ms = 100
	sasl.oauthbearer.jwks.endpoint.url = null
	sasl.oauthbearer.scope.claim.name = scope
	sasl.oauthbearer.sub.claim.name = sub
	sasl.oauthbearer.token.endpoint.url = null
	security.protocol = PLAINTEXT
	security.providers = null
	send.buffer.bytes = 131072
	session.timeout.ms = 45000
	socket.connection.setup.timeout.max.ms = 30000
	socket.connection.setup.timeout.ms = 10000
	ssl.cipher.suites = null
	ssl.enabled.protocols = [TLSv1.2, TLSv1.3]
	ssl.endpoint.identification.algorithm = https
	ssl.engine.factory.class = null
	ssl.key.password = null
	ssl.keymanager.algorithm = SunX509
	ssl.keystore.certificate.chain = null
	ssl.keystore.key = null
	ssl.keystore.location = null
	ssl.keystore.password = null
	ssl.keystore.type = JKS
	ssl.protocol = TLSv1.3
	ssl.provider = null
	ssl.secure.random.implementation = null
	ssl.trustmanager.algorithm = PKIX
	ssl.truststore.certificates = null
	ssl.truststore.location = null
	ssl.truststore.password = null
	ssl.truststore.type = JKS
	value.deserializer = class org.springframework.kafka.support.serializer.JsonDeserializer

2025-12-05 16:14:58 INFO  o.a.k.c.t.i.KafkaMetricsCollector - initializing Kafka metrics collector
2025-12-05 16:14:58 INFO  o.a.kafka.common.utils.AppInfoParser - Kafka version: 3.9.1
2025-12-05 16:14:58 INFO  o.a.kafka.common.utils.AppInfoParser - Kafka commitId: f745dfdcee2b9851
2025-12-05 16:14:58 INFO  o.a.kafka.common.utils.AppInfoParser - Kafka startTimeMs: 1764951298389
2025-12-05 16:14:58 INFO  o.a.k.c.c.i.ClassicKafkaConsumer - [Consumer clientId=consumer-normalizer-group-4, groupId=normalizer-group] Subscribed to topic(s): raw-transactions
2025-12-05 16:14:58 INFO  org.apache.kafka.clients.Metadata - [Consumer clientId=consumer-normalizer-group-3, groupId=normalizer-group] Cluster ID: -Ev3b8JLS_uTHl36QpBdMw
2025-12-05 16:14:58 INFO  org.apache.kafka.clients.Metadata - [Consumer clientId=consumer-normalizer-group-4, groupId=normalizer-group] Cluster ID: -Ev3b8JLS_uTHl36QpBdMw
2025-12-05 16:14:58 INFO  o.a.k.c.c.i.ConsumerCoordinator - [Consumer clientId=consumer-normalizer-group-4, groupId=normalizer-group] Discovered group coordinator kafka:9092 (id: 2147483646 rack: null)
2025-12-05 16:14:58 INFO  o.a.k.c.c.i.ConsumerCoordinator - [Consumer clientId=consumer-normalizer-group-3, groupId=normalizer-group] Discovered group coordinator kafka:9092 (id: 2147483646 rack: null)
2025-12-05 16:14:58 INFO  c.P.U.n.NormalizerServiceApplication - Started NormalizerServiceApplication in 23.603 seconds (process running for 1103.854)
2025-12-05 16:14:58 INFO  o.a.k.c.c.i.ConsumerCoordinator - [Consumer clientId=consumer-normalizer-group-4, groupId=normalizer-group] (Re-)joining group
2025-12-05 16:14:58 INFO  o.a.k.c.c.i.ConsumerCoordinator - [Consumer clientId=consumer-normalizer-group-3, groupId=normalizer-group] (Re-)joining group
2025-12-05 16:14:58 INFO  o.s.b.d.a.ConditionEvaluationDeltaLoggingListener - Condition evaluation unchanged
2025-12-05 16:14:58 INFO  o.a.k.c.c.i.ConsumerCoordinator - [Consumer clientId=consumer-normalizer-group-4, groupId=normalizer-group] Request joining group due to: need to re-join with the given member-id: consumer-normalizer-group-4-3efa8cbc-fe70-4008-894a-3d3107269305
2025-12-05 16:14:58 INFO  o.a.k.c.c.i.ConsumerCoordinator - [Consumer clientId=consumer-normalizer-group-3, groupId=normalizer-group] Request joining group due to: need to re-join with the given member-id: consumer-normalizer-group-3-b7fe3396-2801-44a5-92a9-7c4fa9e285f9
2025-12-05 16:14:58 INFO  o.a.k.c.c.i.ConsumerCoordinator - [Consumer clientId=consumer-normalizer-group-4, groupId=normalizer-group] (Re-)joining group
2025-12-05 16:14:58 INFO  o.a.k.c.c.i.ConsumerCoordinator - [Consumer clientId=consumer-normalizer-group-3, groupId=normalizer-group] (Re-)joining group
2025-12-05 16:15:01 INFO  o.a.k.c.c.i.ConsumerCoordinator - [Consumer clientId=consumer-normalizer-group-3, groupId=normalizer-group] Successfully joined group with generation Generation{generationId=5, memberId='consumer-normalizer-group-3-b7fe3396-2801-44a5-92a9-7c4fa9e285f9', protocol='range'}
2025-12-05 16:15:01 INFO  o.a.k.c.c.i.ConsumerCoordinator - [Consumer clientId=consumer-normalizer-group-4, groupId=normalizer-group] Successfully joined group with generation Generation{generationId=5, memberId='consumer-normalizer-group-4-3efa8cbc-fe70-4008-894a-3d3107269305', protocol='range'}
2025-12-05 16:15:01 INFO  o.a.k.c.c.i.ConsumerCoordinator - [Consumer clientId=consumer-normalizer-group-4, groupId=normalizer-group] Finished assignment for group at generation 5: {consumer-normalizer-group-3-b7fe3396-2801-44a5-92a9-7c4fa9e285f9=Assignment(partitions=[transactions-0]), consumer-normalizer-group-4-3efa8cbc-fe70-4008-894a-3d3107269305=Assignment(partitions=[raw-transactions-0])}
2025-12-05 16:15:01 INFO  o.a.k.c.c.i.ConsumerCoordinator - [Consumer clientId=consumer-normalizer-group-3, groupId=normalizer-group] Successfully synced group in generation Generation{generationId=5, memberId='consumer-normalizer-group-3-b7fe3396-2801-44a5-92a9-7c4fa9e285f9', protocol='range'}
2025-12-05 16:15:01 INFO  o.a.k.c.c.i.ConsumerCoordinator - [Consumer clientId=consumer-normalizer-group-4, groupId=normalizer-group] Successfully synced group in generation Generation{generationId=5, memberId='consumer-normalizer-group-4-3efa8cbc-fe70-4008-894a-3d3107269305', protocol='range'}
2025-12-05 16:15:01 INFO  o.a.k.c.c.i.ConsumerCoordinator - [Consumer clientId=consumer-normalizer-group-3, groupId=normalizer-group] Notifying assignor about the new Assignment(partitions=[transactions-0])
2025-12-05 16:15:01 INFO  o.a.k.c.c.i.ConsumerRebalanceListenerInvoker - [Consumer clientId=consumer-normalizer-group-3, groupId=normalizer-group] Adding newly assigned partitions: transactions-0
2025-12-05 16:15:01 INFO  o.a.k.c.c.i.ConsumerCoordinator - [Consumer clientId=consumer-normalizer-group-4, groupId=normalizer-group] Notifying assignor about the new Assignment(partitions=[raw-transactions-0])
2025-12-05 16:15:01 INFO  o.a.k.c.c.i.ConsumerRebalanceListenerInvoker - [Consumer clientId=consumer-normalizer-group-4, groupId=normalizer-group] Adding newly assigned partitions: raw-transactions-0
2025-12-05 16:15:01 INFO  o.a.k.c.c.internals.ConsumerUtils - Setting offset for partition transactions-0 to the committed offset FetchPosition{offset=0, offsetEpoch=Optional.empty, currentLeader=LeaderAndEpoch{leader=Optional[kafka:9092 (id: 1 rack: null)], epoch=0}}
2025-12-05 16:15:01 INFO  o.a.k.c.c.internals.ConsumerUtils - Setting offset for partition raw-transactions-0 to the committed offset FetchPosition{offset=2, offsetEpoch=Optional.empty, currentLeader=LeaderAndEpoch{leader=Optional[kafka:9092 (id: 1 rack: null)], epoch=0}}
2025-12-05 16:15:01 INFO  o.s.k.l.KafkaMessageListenerContainer - normalizer-group: partitions assigned: [transactions-0]
2025-12-05 16:15:01 INFO  o.s.k.l.KafkaMessageListenerContainer - normalizer-group: partitions assigned: [raw-transactions-0]
2025-12-05 16:15:04 INFO  o.s.b.d.a.LocalDevToolsAutoConfiguration$RestartingClassPathChangeChangedEventListener - Restarting due to 1 class path change (0 additions, 0 deletions, 1 modification)
2025-12-05 16:15:04 INFO  o.a.k.c.c.i.ConsumerRebalanceListenerInvoker - [Consumer clientId=consumer-normalizer-group-3, groupId=normalizer-group] Revoke previously assigned partitions transactions-0
2025-12-05 16:15:04 INFO  o.a.k.c.c.i.ConsumerRebalanceListenerInvoker - [Consumer clientId=consumer-normalizer-group-4, groupId=normalizer-group] Revoke previously assigned partitions raw-transactions-0
2025-12-05 16:15:04 INFO  o.s.k.l.KafkaMessageListenerContainer - normalizer-group: partitions revoked: [transactions-0]
2025-12-05 16:15:04 INFO  o.a.k.c.c.i.ConsumerCoordinator - [Consumer clientId=consumer-normalizer-group-3, groupId=normalizer-group] Member consumer-normalizer-group-3-b7fe3396-2801-44a5-92a9-7c4fa9e285f9 sending LeaveGroup request to coordinator kafka:9092 (id: 2147483646 rack: null) due to the consumer unsubscribed from all topics
2025-12-05 16:15:04 INFO  o.s.k.l.KafkaMessageListenerContainer - normalizer-group: partitions revoked: [raw-transactions-0]
2025-12-05 16:15:04 INFO  o.a.k.c.c.i.ConsumerCoordinator - [Consumer clientId=consumer-normalizer-group-4, groupId=normalizer-group] Member consumer-normalizer-group-4-3efa8cbc-fe70-4008-894a-3d3107269305 sending LeaveGroup request to coordinator kafka:9092 (id: 2147483646 rack: null) due to the consumer unsubscribed from all topics
2025-12-05 16:15:04 INFO  o.a.k.c.c.i.ConsumerCoordinator - [Consumer clientId=consumer-normalizer-group-3, groupId=normalizer-group] Resetting generation and member id due to: consumer pro-actively leaving the group
2025-12-05 16:15:04 INFO  o.a.k.c.c.i.ConsumerCoordinator - [Consumer clientId=consumer-normalizer-group-3, groupId=normalizer-group] Request joining group due to: consumer pro-actively leaving the group
2025-12-05 16:15:04 INFO  o.a.k.c.c.i.ClassicKafkaConsumer - [Consumer clientId=consumer-normalizer-group-3, groupId=normalizer-group] Unsubscribed all topics or patterns and assigned partitions
2025-12-05 16:15:04 INFO  o.a.k.c.c.i.ConsumerCoordinator - [Consumer clientId=consumer-normalizer-group-4, groupId=normalizer-group] Resetting generation and member id due to: consumer pro-actively leaving the group
2025-12-05 16:15:04 INFO  o.a.k.c.c.i.ConsumerCoordinator - [Consumer clientId=consumer-normalizer-group-3, groupId=normalizer-group] Resetting generation and member id due to: consumer pro-actively leaving the group
2025-12-05 16:15:04 INFO  o.a.k.c.c.i.ConsumerCoordinator - [Consumer clientId=consumer-normalizer-group-4, groupId=normalizer-group] Request joining group due to: consumer pro-actively leaving the group
2025-12-05 16:15:04 INFO  o.a.k.c.c.i.ConsumerCoordinator - [Consumer clientId=consumer-normalizer-group-3, groupId=normalizer-group] Request joining group due to: consumer pro-actively leaving the group
2025-12-05 16:15:04 INFO  o.a.k.c.c.i.ClassicKafkaConsumer - [Consumer clientId=consumer-normalizer-group-4, groupId=normalizer-group] Unsubscribed all topics or patterns and assigned partitions
2025-12-05 16:15:04 INFO  o.a.k.c.c.i.ConsumerCoordinator - [Consumer clientId=consumer-normalizer-group-4, groupId=normalizer-group] Resetting generation and member id due to: consumer pro-actively leaving the group
2025-12-05 16:15:04 INFO  o.a.k.c.c.i.ConsumerCoordinator - [Consumer clientId=consumer-normalizer-group-4, groupId=normalizer-group] Request joining group due to: consumer pro-actively leaving the group
2025-12-05 16:15:04 INFO  o.a.kafka.common.metrics.Metrics - Metrics scheduler closed
2025-12-05 16:15:04 INFO  o.a.kafka.common.metrics.Metrics - Closing reporter org.apache.kafka.common.metrics.JmxReporter
2025-12-05 16:15:04 INFO  o.a.kafka.common.metrics.Metrics - Closing reporter org.apache.kafka.common.telemetry.internals.ClientTelemetryReporter
2025-12-05 16:15:04 INFO  o.a.kafka.common.metrics.Metrics - Metrics reporters closed
2025-12-05 16:15:04 INFO  o.a.kafka.common.metrics.Metrics - Metrics scheduler closed
2025-12-05 16:15:04 INFO  o.a.kafka.common.metrics.Metrics - Closing reporter org.apache.kafka.common.metrics.JmxReporter
2025-12-05 16:15:04 INFO  o.a.kafka.common.utils.AppInfoParser - App info kafka.consumer for consumer-normalizer-group-4 unregistered
2025-12-05 16:15:04 INFO  o.a.kafka.common.metrics.Metrics - Closing reporter org.apache.kafka.common.telemetry.internals.ClientTelemetryReporter
2025-12-05 16:15:04 INFO  o.s.k.l.KafkaMessageListenerContainer - normalizer-group: Consumer stopped
2025-12-05 16:15:04 INFO  o.a.kafka.common.metrics.Metrics - Metrics reporters closed
2025-12-05 16:15:04 INFO  o.a.kafka.common.utils.AppInfoParser - App info kafka.consumer for consumer-normalizer-group-3 unregistered
2025-12-05 16:15:04 INFO  o.s.k.l.KafkaMessageListenerContainer - normalizer-group: Consumer stopped
2025-12-05 16:15:04 INFO  o.s.b.w.e.tomcat.GracefulShutdown - Commencing graceful shutdown. Waiting for active requests to complete
2025-12-05 16:15:04 INFO  o.a.coyote.http11.Http11NioProtocol - Pausing ProtocolHandler ["http-nio-8083"]
2025-12-05 16:15:04 INFO  o.s.b.w.e.tomcat.GracefulShutdown - Graceful shutdown complete
2025-12-05 16:15:04 INFO  o.a.coyote.http11.Http11NioProtocol - Stopping ProtocolHandler ["http-nio-8083"]
2025-12-05 16:15:04 INFO  o.s.o.j.LocalContainerEntityManagerFactoryBean - Closing JPA EntityManagerFactory for persistence unit 'default'
2025-12-05 16:15:04 INFO  com.zaxxer.hikari.HikariDataSource - HikariPool-2 - Shutdown initiated...
2025-12-05 16:15:04 INFO  com.zaxxer.hikari.HikariDataSource - HikariPool-2 - Shutdown completed.
2025-12-05 16:15:05 INFO  c.P.U.n.NormalizerServiceApplication - Starting NormalizerServiceApplication using Java 17.0.17 with PID 65 (/app/target/classes started by root in /app)
2025-12-05 16:15:05 INFO  c.P.U.n.NormalizerServiceApplication - No active profile set, falling back to 1 default profile: "default"
2025-12-05 16:15:19 INFO  o.s.d.r.c.RepositoryConfigurationDelegate - Bootstrapping Spring Data JPA repositories in DEFAULT mode.
2025-12-05 16:15:20 INFO  o.s.d.r.c.RepositoryConfigurationDelegate - Finished Spring Data repository scanning in 1119 ms. Found 1 JPA repository interface.
2025-12-05 16:15:22 INFO  o.s.b.w.e.tomcat.TomcatWebServer - Tomcat initialized with port 8083 (http)
2025-12-05 16:15:22 INFO  o.a.coyote.http11.Http11NioProtocol - Initializing ProtocolHandler ["http-nio-8083"]
2025-12-05 16:15:22 INFO  o.a.catalina.core.StandardService - Starting service [Tomcat]
2025-12-05 16:15:22 INFO  o.a.catalina.core.StandardEngine - Starting Servlet engine: [Apache Tomcat/10.1.42]
2025-12-05 16:15:22 INFO  o.a.c.c.C.[Tomcat].[localhost].[/] - Initializing Spring embedded WebApplicationContext
2025-12-05 16:15:22 INFO  o.s.b.w.s.c.ServletWebServerApplicationContext - Root WebApplicationContext: initialization completed in 16518 ms
2025-12-05 16:15:23 INFO  o.h.jpa.internal.util.LogHelper - HHH000204: Processing PersistenceUnitInfo [name: default]
2025-12-05 16:15:23 INFO  o.h.c.i.RegionFactoryInitiator - HHH000026: Second-level cache disabled
2025-12-05 16:15:23 INFO  o.s.o.j.p.SpringPersistenceUnitInfo - No LoadTimeWeaver setup: ignoring JPA class transformer
2025-12-05 16:15:24 INFO  com.zaxxer.hikari.HikariDataSource - HikariPool-3 - Starting...
2025-12-05 16:15:24 INFO  com.zaxxer.hikari.pool.HikariPool - HikariPool-3 - Added connection org.postgresql.jdbc.PgConnection@27572760
2025-12-05 16:15:24 INFO  com.zaxxer.hikari.HikariDataSource - HikariPool-3 - Start completed.
2025-12-05 16:15:24 WARN  org.hibernate.orm.deprecation - HHH90000025: PostgreSQLDialect does not need to be specified explicitly using 'hibernate.dialect' (remove the property setting and it will be selected by default)
2025-12-05 16:15:24 INFO  o.hibernate.orm.connections.pooling - HHH10001005: Database info:
	Database JDBC URL [Connecting through datasource 'HikariDataSource (HikariPool-3)']
	Database driver: undefined/unknown
	Database version: 15.13
	Autocommit mode: undefined/unknown
	Isolation level: undefined/unknown
	Minimum pool size: undefined/unknown
	Maximum pool size: undefined/unknown
2025-12-05 16:15:25 INFO  o.h.e.t.j.p.i.JtaPlatformInitiator - HHH000489: No JTA platform available (set 'hibernate.transaction.jta.platform' to enable JTA platform integration)
2025-12-05 16:15:25 INFO  o.s.o.j.LocalContainerEntityManagerFactoryBean - Initialized JPA EntityManagerFactory for persistence unit 'default'
2025-12-05 16:15:26 WARN  o.s.b.a.o.j.JpaBaseConfiguration$JpaWebConfiguration - spring.jpa.open-in-view is enabled by default. Therefore, database queries may be performed during view rendering. Explicitly configure spring.jpa.open-in-view to disable this warning
2025-12-05 16:15:27 INFO  o.s.b.d.a.OptionalLiveReloadServer - LiveReload server is running on port 35729
2025-12-05 16:15:27 INFO  o.a.coyote.http11.Http11NioProtocol - Starting ProtocolHandler ["http-nio-8083"]
2025-12-05 16:15:27 INFO  o.s.b.w.e.tomcat.TomcatWebServer - Tomcat started on port 8083 (http) with context path '/'
2025-12-05 16:15:27 INFO  o.a.k.c.consumer.ConsumerConfig - ConsumerConfig values: 
	allow.auto.create.topics = true
	auto.commit.interval.ms = 5000
	auto.include.jmx.reporter = true
	auto.offset.reset = latest
	bootstrap.servers = [kafka:9092]
	check.crcs = true
	client.dns.lookup = use_all_dns_ips
	client.id = consumer-normalizer-group-5
	client.rack = 
	connections.max.idle.ms = 540000
	default.api.timeout.ms = 60000
	enable.auto.commit = false
	enable.metrics.push = true
	exclude.internal.topics = true
	fetch.max.bytes = 52428800
	fetch.max.wait.ms = 500
	fetch.min.bytes = 1
	group.id = normalizer-group
	group.instance.id = null
	group.protocol = classic
	group.remote.assignor = null
	heartbeat.interval.ms = 3000
	interceptor.classes = []
	internal.leave.group.on.close = true
	internal.throw.on.fetch.stable.offset.unsupported = false
	isolation.level = read_uncommitted
	key.deserializer = class org.apache.kafka.common.serialization.StringDeserializer
	max.partition.fetch.bytes = 1048576
	max.poll.interval.ms = 300000
	max.poll.records = 500
	metadata.max.age.ms = 300000
	metadata.recovery.strategy = none
	metric.reporters = []
	metrics.num.samples = 2
	metrics.recording.level = INFO
	metrics.sample.window.ms = 30000
	partition.assignment.strategy = [class org.apache.kafka.clients.consumer.RangeAssignor, class org.apache.kafka.clients.consumer.CooperativeStickyAssignor]
	receive.buffer.bytes = 65536
	reconnect.backoff.max.ms = 1000
	reconnect.backoff.ms = 50
	request.timeout.ms = 30000
	retry.backoff.max.ms = 1000
	retry.backoff.ms = 100
	sasl.client.callback.handler.class = null
	sasl.jaas.config = null
	sasl.kerberos.kinit.cmd = /usr/bin/kinit
	sasl.kerberos.min.time.before.relogin = 60000
	sasl.kerberos.service.name = null
	sasl.kerberos.ticket.renew.jitter = 0.05
	sasl.kerberos.ticket.renew.window.factor = 0.8
	sasl.login.callback.handler.class = null
	sasl.login.class = null
	sasl.login.connect.timeout.ms = null
	sasl.login.read.timeout.ms = null
	sasl.login.refresh.buffer.seconds = 300
	sasl.login.refresh.min.period.seconds = 60
	sasl.login.refresh.window.factor = 0.8
	sasl.login.refresh.window.jitter = 0.05
	sasl.login.retry.backoff.max.ms = 10000
	sasl.login.retry.backoff.ms = 100
	sasl.mechanism = GSSAPI
	sasl.oauthbearer.clock.skew.seconds = 30
	sasl.oauthbearer.expected.audience = null
	sasl.oauthbearer.expected.issuer = null
	sasl.oauthbearer.header.urlencode = false
	sasl.oauthbearer.jwks.endpoint.refresh.ms = 3600000
	sasl.oauthbearer.jwks.endpoint.retry.backoff.max.ms = 10000
	sasl.oauthbearer.jwks.endpoint.retry.backoff.ms = 100
	sasl.oauthbearer.jwks.endpoint.url = null
	sasl.oauthbearer.scope.claim.name = scope
	sasl.oauthbearer.sub.claim.name = sub
	sasl.oauthbearer.token.endpoint.url = null
	security.protocol = PLAINTEXT
	security.providers = null
	send.buffer.bytes = 131072
	session.timeout.ms = 45000
	socket.connection.setup.timeout.max.ms = 30000
	socket.connection.setup.timeout.ms = 10000
	ssl.cipher.suites = null
	ssl.enabled.protocols = [TLSv1.2, TLSv1.3]
	ssl.endpoint.identification.algorithm = https
	ssl.engine.factory.class = null
	ssl.key.password = null
	ssl.keymanager.algorithm = SunX509
	ssl.keystore.certificate.chain = null
	ssl.keystore.key = null
	ssl.keystore.location = null
	ssl.keystore.password = null
	ssl.keystore.type = JKS
	ssl.protocol = TLSv1.3
	ssl.provider = null
	ssl.secure.random.implementation = null
	ssl.trustmanager.algorithm = PKIX
	ssl.truststore.certificates = null
	ssl.truststore.location = null
	ssl.truststore.password = null
	ssl.truststore.type = JKS
	value.deserializer = class org.springframework.kafka.support.serializer.JsonDeserializer

2025-12-05 16:15:27 INFO  o.a.k.c.t.i.KafkaMetricsCollector - initializing Kafka metrics collector
2025-12-05 16:15:27 INFO  o.a.kafka.common.utils.AppInfoParser - Kafka version: 3.9.1
2025-12-05 16:15:27 INFO  o.a.kafka.common.utils.AppInfoParser - Kafka commitId: f745dfdcee2b9851
2025-12-05 16:15:27 INFO  o.a.kafka.common.utils.AppInfoParser - Kafka startTimeMs: 1764951327836
2025-12-05 16:15:27 INFO  o.a.k.c.c.i.ClassicKafkaConsumer - [Consumer clientId=consumer-normalizer-group-5, groupId=normalizer-group] Subscribed to topic(s): transactions
2025-12-05 16:15:27 INFO  o.a.k.c.consumer.ConsumerConfig - ConsumerConfig values: 
	allow.auto.create.topics = true
	auto.commit.interval.ms = 5000
	auto.include.jmx.reporter = true
	auto.offset.reset = latest
	bootstrap.servers = [kafka:9092]
	check.crcs = true
	client.dns.lookup = use_all_dns_ips
	client.id = consumer-normalizer-group-6
	client.rack = 
	connections.max.idle.ms = 540000
	default.api.timeout.ms = 60000
	enable.auto.commit = false
	enable.metrics.push = true
	exclude.internal.topics = true
	fetch.max.bytes = 52428800
	fetch.max.wait.ms = 500
	fetch.min.bytes = 1
	group.id = normalizer-group
	group.instance.id = null
	group.protocol = classic
	group.remote.assignor = null
	heartbeat.interval.ms = 3000
	interceptor.classes = []
	internal.leave.group.on.close = true
	internal.throw.on.fetch.stable.offset.unsupported = false
	isolation.level = read_uncommitted
	key.deserializer = class org.apache.kafka.common.serialization.StringDeserializer
	max.partition.fetch.bytes = 1048576
	max.poll.interval.ms = 300000
	max.poll.records = 500
	metadata.max.age.ms = 300000
	metadata.recovery.strategy = none
	metric.reporters = []
	metrics.num.samples = 2
	metrics.recording.level = INFO
	metrics.sample.window.ms = 30000
	partition.assignment.strategy = [class org.apache.kafka.clients.consumer.RangeAssignor, class org.apache.kafka.clients.consumer.CooperativeStickyAssignor]
	receive.buffer.bytes = 65536
	reconnect.backoff.max.ms = 1000
	reconnect.backoff.ms = 50
	request.timeout.ms = 30000
	retry.backoff.max.ms = 1000
	retry.backoff.ms = 100
	sasl.client.callback.handler.class = null
	sasl.jaas.config = null
	sasl.kerberos.kinit.cmd = /usr/bin/kinit
	sasl.kerberos.min.time.before.relogin = 60000
	sasl.kerberos.service.name = null
	sasl.kerberos.ticket.renew.jitter = 0.05
	sasl.kerberos.ticket.renew.window.factor = 0.8
	sasl.login.callback.handler.class = null
	sasl.login.class = null
	sasl.login.connect.timeout.ms = null
	sasl.login.read.timeout.ms = null
	sasl.login.refresh.buffer.seconds = 300
	sasl.login.refresh.min.period.seconds = 60
	sasl.login.refresh.window.factor = 0.8
	sasl.login.refresh.window.jitter = 0.05
	sasl.login.retry.backoff.max.ms = 10000
	sasl.login.retry.backoff.ms = 100
	sasl.mechanism = GSSAPI
	sasl.oauthbearer.clock.skew.seconds = 30
	sasl.oauthbearer.expected.audience = null
	sasl.oauthbearer.expected.issuer = null
	sasl.oauthbearer.header.urlencode = false
	sasl.oauthbearer.jwks.endpoint.refresh.ms = 3600000
	sasl.oauthbearer.jwks.endpoint.retry.backoff.max.ms = 10000
	sasl.oauthbearer.jwks.endpoint.retry.backoff.ms = 100
	sasl.oauthbearer.jwks.endpoint.url = null
	sasl.oauthbearer.scope.claim.name = scope
	sasl.oauthbearer.sub.claim.name = sub
	sasl.oauthbearer.token.endpoint.url = null
	security.protocol = PLAINTEXT
	security.providers = null
	send.buffer.bytes = 131072
	session.timeout.ms = 45000
	socket.connection.setup.timeout.max.ms = 30000
	socket.connection.setup.timeout.ms = 10000
	ssl.cipher.suites = null
	ssl.enabled.protocols = [TLSv1.2, TLSv1.3]
	ssl.endpoint.identification.algorithm = https
	ssl.engine.factory.class = null
	ssl.key.password = null
	ssl.keymanager.algorithm = SunX509
	ssl.keystore.certificate.chain = null
	ssl.keystore.key = null
	ssl.keystore.location = null
	ssl.keystore.password = null
	ssl.keystore.type = JKS
	ssl.protocol = TLSv1.3
	ssl.provider = null
	ssl.secure.random.implementation = null
	ssl.trustmanager.algorithm = PKIX
	ssl.truststore.certificates = null
	ssl.truststore.location = null
	ssl.truststore.password = null
	ssl.truststore.type = JKS
	value.deserializer = class org.springframework.kafka.support.serializer.JsonDeserializer

2025-12-05 16:15:27 INFO  o.a.k.c.t.i.KafkaMetricsCollector - initializing Kafka metrics collector
2025-12-05 16:15:27 INFO  o.a.kafka.common.utils.AppInfoParser - Kafka version: 3.9.1
2025-12-05 16:15:27 INFO  o.a.kafka.common.utils.AppInfoParser - Kafka commitId: f745dfdcee2b9851
2025-12-05 16:15:27 INFO  o.a.kafka.common.utils.AppInfoParser - Kafka startTimeMs: 1764951327906
2025-12-05 16:15:27 INFO  o.a.k.c.c.i.ClassicKafkaConsumer - [Consumer clientId=consumer-normalizer-group-6, groupId=normalizer-group] Subscribed to topic(s): raw-transactions
2025-12-05 16:15:27 INFO  org.apache.kafka.clients.Metadata - [Consumer clientId=consumer-normalizer-group-5, groupId=normalizer-group] Cluster ID: -Ev3b8JLS_uTHl36QpBdMw
2025-12-05 16:15:27 INFO  o.a.k.c.c.i.ConsumerCoordinator - [Consumer clientId=consumer-normalizer-group-5, groupId=normalizer-group] Discovered group coordinator kafka:9092 (id: 2147483646 rack: null)
2025-12-05 16:15:27 INFO  o.a.k.c.c.i.ConsumerCoordinator - [Consumer clientId=consumer-normalizer-group-5, groupId=normalizer-group] (Re-)joining group
2025-12-05 16:15:27 INFO  org.apache.kafka.clients.Metadata - [Consumer clientId=consumer-normalizer-group-6, groupId=normalizer-group] Cluster ID: -Ev3b8JLS_uTHl36QpBdMw
2025-12-05 16:15:27 INFO  o.a.k.c.c.i.ConsumerCoordinator - [Consumer clientId=consumer-normalizer-group-6, groupId=normalizer-group] Discovered group coordinator kafka:9092 (id: 2147483646 rack: null)
2025-12-05 16:15:27 INFO  o.a.k.c.c.i.ConsumerCoordinator - [Consumer clientId=consumer-normalizer-group-6, groupId=normalizer-group] (Re-)joining group
2025-12-05 16:15:27 INFO  c.P.U.n.NormalizerServiceApplication - Started NormalizerServiceApplication in 22.713 seconds (process running for 1133.41)
2025-12-05 16:15:27 INFO  o.a.k.c.c.i.ConsumerCoordinator - [Consumer clientId=consumer-normalizer-group-5, groupId=normalizer-group] Request joining group due to: need to re-join with the given member-id: consumer-normalizer-group-5-631bbeb8-7bcf-4105-883b-3792e16f0f2a
2025-12-05 16:15:27 INFO  o.a.k.c.c.i.ConsumerCoordinator - [Consumer clientId=consumer-normalizer-group-5, groupId=normalizer-group] (Re-)joining group
2025-12-05 16:15:27 INFO  o.s.b.d.a.ConditionEvaluationDeltaLoggingListener - Condition evaluation unchanged
2025-12-05 16:15:27 INFO  o.a.k.c.c.i.ConsumerCoordinator - [Consumer clientId=consumer-normalizer-group-6, groupId=normalizer-group] Request joining group due to: need to re-join with the given member-id: consumer-normalizer-group-6-8a494b4d-1062-4f2b-97a2-cfd6d53e8bc5
2025-12-05 16:15:28 INFO  o.a.k.c.c.i.ConsumerCoordinator - [Consumer clientId=consumer-normalizer-group-6, groupId=normalizer-group] (Re-)joining group
2025-12-05 16:15:30 INFO  o.a.k.c.c.i.ConsumerCoordinator - [Consumer clientId=consumer-normalizer-group-6, groupId=normalizer-group] Successfully joined group with generation Generation{generationId=7, memberId='consumer-normalizer-group-6-8a494b4d-1062-4f2b-97a2-cfd6d53e8bc5', protocol='range'}
2025-12-05 16:15:30 INFO  o.a.k.c.c.i.ConsumerCoordinator - [Consumer clientId=consumer-normalizer-group-5, groupId=normalizer-group] Successfully joined group with generation Generation{generationId=7, memberId='consumer-normalizer-group-5-631bbeb8-7bcf-4105-883b-3792e16f0f2a', protocol='range'}
2025-12-05 16:15:31 INFO  o.a.k.c.c.i.ConsumerCoordinator - [Consumer clientId=consumer-normalizer-group-5, groupId=normalizer-group] Finished assignment for group at generation 7: {consumer-normalizer-group-5-631bbeb8-7bcf-4105-883b-3792e16f0f2a=Assignment(partitions=[transactions-0]), consumer-normalizer-group-6-8a494b4d-1062-4f2b-97a2-cfd6d53e8bc5=Assignment(partitions=[raw-transactions-0])}
2025-12-05 16:15:31 INFO  o.a.k.c.c.i.ConsumerCoordinator - [Consumer clientId=consumer-normalizer-group-6, groupId=normalizer-group] Successfully synced group in generation Generation{generationId=7, memberId='consumer-normalizer-group-6-8a494b4d-1062-4f2b-97a2-cfd6d53e8bc5', protocol='range'}
2025-12-05 16:15:31 INFO  o.a.k.c.c.i.ConsumerCoordinator - [Consumer clientId=consumer-normalizer-group-5, groupId=normalizer-group] Successfully synced group in generation Generation{generationId=7, memberId='consumer-normalizer-group-5-631bbeb8-7bcf-4105-883b-3792e16f0f2a', protocol='range'}
2025-12-05 16:15:31 INFO  o.a.k.c.c.i.ConsumerCoordinator - [Consumer clientId=consumer-normalizer-group-6, groupId=normalizer-group] Notifying assignor about the new Assignment(partitions=[raw-transactions-0])
2025-12-05 16:15:31 INFO  o.a.k.c.c.i.ConsumerCoordinator - [Consumer clientId=consumer-normalizer-group-5, groupId=normalizer-group] Notifying assignor about the new Assignment(partitions=[transactions-0])
2025-12-05 16:15:31 INFO  o.a.k.c.c.i.ConsumerRebalanceListenerInvoker - [Consumer clientId=consumer-normalizer-group-6, groupId=normalizer-group] Adding newly assigned partitions: raw-transactions-0
2025-12-05 16:15:31 INFO  o.a.k.c.c.i.ConsumerRebalanceListenerInvoker - [Consumer clientId=consumer-normalizer-group-5, groupId=normalizer-group] Adding newly assigned partitions: transactions-0
2025-12-05 16:15:31 INFO  o.a.k.c.c.internals.ConsumerUtils - Setting offset for partition transactions-0 to the committed offset FetchPosition{offset=0, offsetEpoch=Optional.empty, currentLeader=LeaderAndEpoch{leader=Optional[kafka:9092 (id: 1 rack: null)], epoch=0}}
2025-12-05 16:15:31 INFO  o.s.k.l.KafkaMessageListenerContainer - normalizer-group: partitions assigned: [transactions-0]
2025-12-05 16:15:31 INFO  o.a.k.c.c.internals.ConsumerUtils - Setting offset for partition raw-transactions-0 to the committed offset FetchPosition{offset=2, offsetEpoch=Optional.empty, currentLeader=LeaderAndEpoch{leader=Optional[kafka:9092 (id: 1 rack: null)], epoch=0}}
2025-12-05 16:15:31 INFO  o.s.k.l.KafkaMessageListenerContainer - normalizer-group: partitions assigned: [raw-transactions-0]
2025-12-05 16:16:30 INFO  c.P.U.n.kafka.RawTransactionConsumer - Consumed RAW transaction from Kafka. TransactionId: qwe123
2025-12-05 16:16:30 INFO  c.P.U.n.service.NormalizerService - Normalizing transaction. TransactionId: qwe123
2025-12-05 16:16:36 ERROR c.P.U.n.service.NormalizerService - Error processing normalized transaction. TransactionId: qwe123 | Error: Could not commit JPA transaction
org.springframework.transaction.TransactionSystemException: Could not commit JPA transaction
	at org.springframework.orm.jpa.JpaTransactionManager.doCommit(JpaTransactionManager.java:571)
	at org.springframework.transaction.support.AbstractPlatformTransactionManager.processCommit(AbstractPlatformTransactionManager.java:795)
	at org.springframework.transaction.support.AbstractPlatformTransactionManager.commit(AbstractPlatformTransactionManager.java:758)
	at org.springframework.transaction.interceptor.TransactionAspectSupport.commitTransactionAfterReturning(TransactionAspectSupport.java:698)
	at org.springframework.transaction.interceptor.TransactionAspectSupport.invokeWithinTransaction(TransactionAspectSupport.java:416)
	at org.springframework.transaction.interceptor.TransactionInterceptor.invoke(TransactionInterceptor.java:119)
	at org.springframework.aop.framework.ReflectiveMethodInvocation.proceed(ReflectiveMethodInvocation.java:184)
	at org.springframework.dao.support.PersistenceExceptionTranslationInterceptor.invoke(PersistenceExceptionTranslationInterceptor.java:138)
	at org.springframework.aop.framework.ReflectiveMethodInvocation.proceed(ReflectiveMethodInvocation.java:184)
	at org.springframework.data.jpa.repository.support.CrudMethodMetadataPostProcessor$CrudMethodMetadataPopulatingMethodInterceptor.invoke(CrudMethodMetadataPostProcessor.java:165)
	at org.springframework.aop.framework.ReflectiveMethodInvocation.proceed(ReflectiveMethodInvocation.java:184)
	at org.springframework.aop.framework.JdkDynamicAopProxy.invoke(JdkDynamicAopProxy.java:223)
	at jdk.proxy6/jdk.proxy6.$Proxy150.save(Unknown Source)
	at com.Project.UPIRecon.normalizer.service.NormalizerService.normalize(NormalizerService.java:51)
	at com.Project.UPIRecon.normalizer.kafka.RawTransactionConsumer.consume(RawTransactionConsumer.java:24)
	at java.base/jdk.internal.reflect.NativeMethodAccessorImpl.invoke0(Native Method)
	at java.base/jdk.internal.reflect.NativeMethodAccessorImpl.invoke(NativeMethodAccessorImpl.java:77)
	at java.base/jdk.internal.reflect.DelegatingMethodAccessorImpl.invoke(DelegatingMethodAccessorImpl.java:43)
	at java.base/java.lang.reflect.Method.invoke(Method.java:569)
	at org.springframework.messaging.handler.invocation.InvocableHandlerMethod.doInvoke(InvocableHandlerMethod.java:169)
	at org.springframework.kafka.listener.adapter.KotlinAwareInvocableHandlerMethod.doInvoke(KotlinAwareInvocableHandlerMethod.java:45)
	at org.springframework.messaging.handler.invocation.InvocableHandlerMethod.invoke(InvocableHandlerMethod.java:119)
	at org.springframework.kafka.listener.adapter.HandlerAdapter.invoke(HandlerAdapter.java:78)
	at org.springframework.kafka.listener.adapter.MessagingMessageListenerAdapter.invokeHandler(MessagingMessageListenerAdapter.java:475)
	at org.springframework.kafka.listener.adapter.MessagingMessageListenerAdapter.invoke(MessagingMessageListenerAdapter.java:421)
	at org.springframework.kafka.listener.adapter.RecordMessagingMessageListenerAdapter.onMessage(RecordMessagingMessageListenerAdapter.java:85)
	at org.springframework.kafka.listener.adapter.RecordMessagingMessageListenerAdapter.onMessage(RecordMessagingMessageListenerAdapter.java:50)
	at org.springframework.kafka.listener.KafkaMessageListenerContainer$ListenerConsumer.doInvokeOnMessage(KafkaMessageListenerContainer.java:2887)
	at org.springframework.kafka.listener.KafkaMessageListenerContainer$ListenerConsumer.invokeOnMessage(KafkaMessageListenerContainer.java:2865)
	at org.springframework.kafka.listener.KafkaMessageListenerContainer$ListenerConsumer.doInvokeRecordListener(KafkaMessageListenerContainer.java:2777)
	at org.springframework.kafka.listener.KafkaMessageListenerContainer$ListenerConsumer.doInvokeWithRecords(KafkaMessageListenerContainer.java:2614)
	at org.springframework.kafka.listener.KafkaMessageListenerContainer$ListenerConsumer.invokeRecordListener(KafkaMessageListenerContainer.java:2503)
	at org.springframework.kafka.listener.KafkaMessageListenerContainer$ListenerConsumer.invokeListener(KafkaMessageListenerContainer.java:2152)
	at org.springframework.kafka.listener.KafkaMessageListenerContainer$ListenerConsumer.invokeIfHaveRecords(KafkaMessageListenerContainer.java:1528)
	at org.springframework.kafka.listener.KafkaMessageListenerContainer$ListenerConsumer.pollAndInvoke(KafkaMessageListenerContainer.java:1466)
	at org.springframework.kafka.listener.KafkaMessageListenerContainer$ListenerConsumer.run(KafkaMessageListenerContainer.java:1335)
	at java.base/java.util.concurrent.CompletableFuture$AsyncRun.run(CompletableFuture.java:1804)
	at java.base/java.lang.Thread.run(Thread.java:840)
Caused by: jakarta.persistence.RollbackException: Error while committing the transaction
	at org.hibernate.internal.ExceptionConverterImpl.convertCommitException(ExceptionConverterImpl.java:67)
	at org.hibernate.engine.transaction.internal.TransactionImpl.commit(TransactionImpl.java:104)
	at org.springframework.orm.jpa.JpaTransactionManager.doCommit(JpaTransactionManager.java:562)
	... 37 common frames omitted
Caused by: jakarta.validation.ConstraintViolationException: Validation failed for classes [com.Project.UPIRecon.normalizer.entity.NormalizedTransaction] during persist time for groups [jakarta.validation.groups.Default, ]
List of constraint violations:[
	ConstraintViolationImpl{interpolatedMessage='must not be null', propertyPath=source, rootBeanClass=class com.Project.UPIRecon.normalizer.entity.NormalizedTransaction, messageTemplate='{jakarta.validation.constraints.NotNull.message}'}
]
	at org.hibernate.boot.beanvalidation.BeanValidationEventListener.validate(BeanValidationEventListener.java:176)
	at org.hibernate.boot.beanvalidation.BeanValidationEventListener.onPreInsert(BeanValidationEventListener.java:88)
	at org.hibernate.action.internal.EntityInsertAction.preInsert(EntityInsertAction.java:251)
	at org.hibernate.action.internal.EntityInsertAction.execute(EntityInsertAction.java:106)
	at org.hibernate.engine.spi.ActionQueue.executeActions(ActionQueue.java:644)
	at org.hibernate.engine.spi.ActionQueue.executeActions(ActionQueue.java:511)
	at org.hibernate.event.internal.AbstractFlushingEventListener.performExecutions(AbstractFlushingEventListener.java:414)
	at org.hibernate.event.internal.DefaultFlushEventListener.onFlush(DefaultFlushEventListener.java:41)
	at org.hibernate.event.service.internal.EventListenerGroupImpl.fireEventOnEachListener(EventListenerGroupImpl.java:127)
	at org.hibernate.internal.SessionImpl.doFlush(SessionImpl.java:1429)
	at org.hibernate.internal.SessionImpl.managedFlush(SessionImpl.java:491)
	at org.hibernate.internal.SessionImpl.flushBeforeTransactionCompletion(SessionImpl.java:2354)
	at org.hibernate.internal.SessionImpl.beforeTransactionCompletion(SessionImpl.java:1978)
	at org.hibernate.engine.jdbc.internal.JdbcCoordinatorImpl.beforeTransactionCompletion(JdbcCoordinatorImpl.java:439)
	at org.hibernate.resource.transaction.backend.jdbc.internal.JdbcResourceLocalTransactionCoordinatorImpl.beforeCompletionCallback(JdbcResourceLocalTransactionCoordinatorImpl.java:169)
	at org.hibernate.resource.transaction.backend.jdbc.internal.JdbcResourceLocalTransactionCoordinatorImpl$TransactionDriverControlImpl.commit(JdbcResourceLocalTransactionCoordinatorImpl.java:267)
	at org.hibernate.engine.transaction.internal.TransactionImpl.commit(TransactionImpl.java:101)
	... 38 common frames omitted
2025-12-05 16:16:36 INFO  c.P.U.n.kafka.RawTransactionConsumer - Successfully normalized transaction. TransactionId: qwe123
2025-12-05 16:22:50 INFO  o.s.b.d.a.LocalDevToolsAutoConfiguration$RestartingClassPathChangeChangedEventListener - Restarting due to 1 class path change (1 addition, 0 deletions, 0 modifications)
2025-12-05 16:22:50 INFO  o.a.k.c.c.i.ConsumerRebalanceListenerInvoker - [Consumer clientId=consumer-normalizer-group-6, groupId=normalizer-group] Revoke previously assigned partitions raw-transactions-0
2025-12-05 16:22:50 INFO  o.a.k.c.c.i.ConsumerRebalanceListenerInvoker - [Consumer clientId=consumer-normalizer-group-5, groupId=normalizer-group] Revoke previously assigned partitions transactions-0
2025-12-05 16:22:50 INFO  o.s.k.l.KafkaMessageListenerContainer - normalizer-group: partitions revoked: [raw-transactions-0]
2025-12-05 16:22:50 INFO  o.s.k.l.KafkaMessageListenerContainer - normalizer-group: partitions revoked: [transactions-0]
2025-12-05 16:22:50 INFO  o.a.k.c.c.i.ConsumerCoordinator - [Consumer clientId=consumer-normalizer-group-5, groupId=normalizer-group] Member consumer-normalizer-group-5-631bbeb8-7bcf-4105-883b-3792e16f0f2a sending LeaveGroup request to coordinator kafka:9092 (id: 2147483646 rack: null) due to the consumer unsubscribed from all topics
2025-12-05 16:22:50 INFO  o.a.k.c.c.i.ConsumerCoordinator - [Consumer clientId=consumer-normalizer-group-6, groupId=normalizer-group] Member consumer-normalizer-group-6-8a494b4d-1062-4f2b-97a2-cfd6d53e8bc5 sending LeaveGroup request to coordinator kafka:9092 (id: 2147483646 rack: null) due to the consumer unsubscribed from all topics
2025-12-05 16:22:50 INFO  o.a.k.c.c.i.ConsumerCoordinator - [Consumer clientId=consumer-normalizer-group-5, groupId=normalizer-group] Resetting generation and member id due to: consumer pro-actively leaving the group
2025-12-05 16:22:50 INFO  o.a.k.c.c.i.ConsumerCoordinator - [Consumer clientId=consumer-normalizer-group-5, groupId=normalizer-group] Request joining group due to: consumer pro-actively leaving the group
2025-12-05 16:22:50 INFO  o.a.k.c.c.i.ConsumerCoordinator - [Consumer clientId=consumer-normalizer-group-6, groupId=normalizer-group] Resetting generation and member id due to: consumer pro-actively leaving the group
2025-12-05 16:22:50 INFO  o.a.k.c.c.i.ClassicKafkaConsumer - [Consumer clientId=consumer-normalizer-group-5, groupId=normalizer-group] Unsubscribed all topics or patterns and assigned partitions
2025-12-05 16:22:50 INFO  o.a.k.c.c.i.ConsumerCoordinator - [Consumer clientId=consumer-normalizer-group-6, groupId=normalizer-group] Request joining group due to: consumer pro-actively leaving the group
2025-12-05 16:22:50 INFO  o.a.k.c.c.i.ClassicKafkaConsumer - [Consumer clientId=consumer-normalizer-group-6, groupId=normalizer-group] Unsubscribed all topics or patterns and assigned partitions
2025-12-05 16:22:50 INFO  o.a.k.c.c.i.ConsumerCoordinator - [Consumer clientId=consumer-normalizer-group-5, groupId=normalizer-group] Resetting generation and member id due to: consumer pro-actively leaving the group
2025-12-05 16:22:50 INFO  o.a.k.c.c.i.ConsumerCoordinator - [Consumer clientId=consumer-normalizer-group-5, groupId=normalizer-group] Request joining group due to: consumer pro-actively leaving the group
2025-12-05 16:22:50 INFO  o.a.k.c.c.i.ConsumerCoordinator - [Consumer clientId=consumer-normalizer-group-6, groupId=normalizer-group] Resetting generation and member id due to: consumer pro-actively leaving the group
2025-12-05 16:22:50 INFO  o.a.k.c.c.i.ConsumerCoordinator - [Consumer clientId=consumer-normalizer-group-6, groupId=normalizer-group] Request joining group due to: consumer pro-actively leaving the group
2025-12-05 16:22:50 INFO  o.a.kafka.common.metrics.Metrics - Metrics scheduler closed
2025-12-05 16:22:50 INFO  o.a.kafka.common.metrics.Metrics - Metrics scheduler closed
2025-12-05 16:22:50 INFO  o.a.kafka.common.metrics.Metrics - Closing reporter org.apache.kafka.common.metrics.JmxReporter
2025-12-05 16:22:50 INFO  o.a.kafka.common.metrics.Metrics - Closing reporter org.apache.kafka.common.metrics.JmxReporter
2025-12-05 16:22:50 INFO  o.a.kafka.common.metrics.Metrics - Closing reporter org.apache.kafka.common.telemetry.internals.ClientTelemetryReporter
2025-12-05 16:22:50 INFO  o.a.kafka.common.metrics.Metrics - Closing reporter org.apache.kafka.common.telemetry.internals.ClientTelemetryReporter
2025-12-05 16:22:50 INFO  o.a.kafka.common.metrics.Metrics - Metrics reporters closed
2025-12-05 16:22:50 INFO  o.a.kafka.common.metrics.Metrics - Metrics reporters closed
2025-12-05 16:22:50 INFO  o.a.kafka.common.utils.AppInfoParser - App info kafka.consumer for consumer-normalizer-group-5 unregistered
2025-12-05 16:22:50 INFO  o.s.k.l.KafkaMessageListenerContainer - normalizer-group: Consumer stopped
2025-12-05 16:22:50 INFO  o.a.kafka.common.utils.AppInfoParser - App info kafka.consumer for consumer-normalizer-group-6 unregistered
2025-12-05 16:22:50 INFO  o.s.k.l.KafkaMessageListenerContainer - normalizer-group: Consumer stopped
2025-12-05 16:22:50 INFO  o.s.b.w.e.tomcat.GracefulShutdown - Commencing graceful shutdown. Waiting for active requests to complete
2025-12-05 16:22:50 INFO  o.a.coyote.http11.Http11NioProtocol - Pausing ProtocolHandler ["http-nio-8083"]
2025-12-05 16:22:50 INFO  o.s.b.w.e.tomcat.GracefulShutdown - Graceful shutdown complete
2025-12-05 16:22:50 INFO  o.a.coyote.http11.Http11NioProtocol - Stopping ProtocolHandler ["http-nio-8083"]
2025-12-05 16:22:50 INFO  o.s.o.j.LocalContainerEntityManagerFactoryBean - Closing JPA EntityManagerFactory for persistence unit 'default'
2025-12-05 16:22:50 INFO  com.zaxxer.hikari.HikariDataSource - HikariPool-3 - Shutdown initiated...
2025-12-05 16:22:50 INFO  com.zaxxer.hikari.HikariDataSource - HikariPool-3 - Shutdown completed.
2025-12-05 16:22:51 INFO  c.P.U.n.NormalizerServiceApplication - Starting NormalizerServiceApplication using Java 17.0.17 with PID 65 (/app/target/classes started by root in /app)
2025-12-05 16:22:51 INFO  c.P.U.n.NormalizerServiceApplication - No active profile set, falling back to 1 default profile: "default"
2025-12-05 16:23:01 INFO  o.s.d.r.c.RepositoryConfigurationDelegate - Bootstrapping Spring Data JPA repositories in DEFAULT mode.
2025-12-05 16:23:01 INFO  o.s.d.r.c.RepositoryConfigurationDelegate - Finished Spring Data repository scanning in 786 ms. Found 1 JPA repository interface.
2025-12-05 16:23:03 INFO  o.s.b.w.e.tomcat.TomcatWebServer - Tomcat initialized with port 8083 (http)
2025-12-05 16:23:03 INFO  o.a.coyote.http11.Http11NioProtocol - Initializing ProtocolHandler ["http-nio-8083"]
2025-12-05 16:23:03 INFO  o.a.catalina.core.StandardService - Starting service [Tomcat]
2025-12-05 16:23:03 INFO  o.a.catalina.core.StandardEngine - Starting Servlet engine: [Apache Tomcat/10.1.42]
2025-12-05 16:23:03 INFO  o.a.c.c.C.[Tomcat].[localhost].[/] - Initializing Spring embedded WebApplicationContext
2025-12-05 16:23:03 INFO  o.s.b.w.s.c.ServletWebServerApplicationContext - Root WebApplicationContext: initialization completed in 11735 ms
2025-12-05 16:23:03 INFO  o.h.jpa.internal.util.LogHelper - HHH000204: Processing PersistenceUnitInfo [name: default]
2025-12-05 16:23:04 INFO  o.h.c.i.RegionFactoryInitiator - HHH000026: Second-level cache disabled
2025-12-05 16:23:04 INFO  o.s.o.j.p.SpringPersistenceUnitInfo - No LoadTimeWeaver setup: ignoring JPA class transformer
2025-12-05 16:23:04 INFO  com.zaxxer.hikari.HikariDataSource - HikariPool-4 - Starting...
2025-12-05 16:23:04 INFO  com.zaxxer.hikari.pool.HikariPool - HikariPool-4 - Added connection org.postgresql.jdbc.PgConnection@198660
2025-12-05 16:23:04 INFO  com.zaxxer.hikari.HikariDataSource - HikariPool-4 - Start completed.
2025-12-05 16:23:04 WARN  org.hibernate.orm.deprecation - HHH90000025: PostgreSQLDialect does not need to be specified explicitly using 'hibernate.dialect' (remove the property setting and it will be selected by default)
2025-12-05 16:23:04 INFO  o.hibernate.orm.connections.pooling - HHH10001005: Database info:
	Database JDBC URL [Connecting through datasource 'HikariDataSource (HikariPool-4)']
	Database driver: undefined/unknown
	Database version: 15.13
	Autocommit mode: undefined/unknown
	Isolation level: undefined/unknown
	Minimum pool size: undefined/unknown
	Maximum pool size: undefined/unknown
2025-12-05 16:23:05 INFO  o.h.e.t.j.p.i.JtaPlatformInitiator - HHH000489: No JTA platform available (set 'hibernate.transaction.jta.platform' to enable JTA platform integration)
2025-12-05 16:23:05 INFO  o.s.o.j.LocalContainerEntityManagerFactoryBean - Initialized JPA EntityManagerFactory for persistence unit 'default'
2025-12-05 16:23:06 WARN  o.s.b.a.o.j.JpaBaseConfiguration$JpaWebConfiguration - spring.jpa.open-in-view is enabled by default. Therefore, database queries may be performed during view rendering. Explicitly configure spring.jpa.open-in-view to disable this warning
2025-12-05 16:23:07 INFO  o.s.b.d.a.OptionalLiveReloadServer - LiveReload server is running on port 35729
2025-12-05 16:23:07 INFO  o.a.coyote.http11.Http11NioProtocol - Starting ProtocolHandler ["http-nio-8083"]
2025-12-05 16:23:07 INFO  o.s.b.w.e.tomcat.TomcatWebServer - Tomcat started on port 8083 (http) with context path '/'
2025-12-05 16:23:07 INFO  o.a.k.c.consumer.ConsumerConfig - ConsumerConfig values: 
	allow.auto.create.topics = true
	auto.commit.interval.ms = 5000
	auto.include.jmx.reporter = true
	auto.offset.reset = latest
	bootstrap.servers = [kafka:9092]
	check.crcs = true
	client.dns.lookup = use_all_dns_ips
	client.id = consumer-normalizer-group-7
	client.rack = 
	connections.max.idle.ms = 540000
	default.api.timeout.ms = 60000
	enable.auto.commit = false
	enable.metrics.push = true
	exclude.internal.topics = true
	fetch.max.bytes = 52428800
	fetch.max.wait.ms = 500
	fetch.min.bytes = 1
	group.id = normalizer-group
	group.instance.id = null
	group.protocol = classic
	group.remote.assignor = null
	heartbeat.interval.ms = 3000
	interceptor.classes = []
	internal.leave.group.on.close = true
	internal.throw.on.fetch.stable.offset.unsupported = false
	isolation.level = read_uncommitted
	key.deserializer = class org.apache.kafka.common.serialization.StringDeserializer
	max.partition.fetch.bytes = 1048576
	max.poll.interval.ms = 300000
	max.poll.records = 500
	metadata.max.age.ms = 300000
	metadata.recovery.strategy = none
	metric.reporters = []
	metrics.num.samples = 2
	metrics.recording.level = INFO
	metrics.sample.window.ms = 30000
	partition.assignment.strategy = [class org.apache.kafka.clients.consumer.RangeAssignor, class org.apache.kafka.clients.consumer.CooperativeStickyAssignor]
	receive.buffer.bytes = 65536
	reconnect.backoff.max.ms = 1000
	reconnect.backoff.ms = 50
	request.timeout.ms = 30000
	retry.backoff.max.ms = 1000
	retry.backoff.ms = 100
	sasl.client.callback.handler.class = null
	sasl.jaas.config = null
	sasl.kerberos.kinit.cmd = /usr/bin/kinit
	sasl.kerberos.min.time.before.relogin = 60000
	sasl.kerberos.service.name = null
	sasl.kerberos.ticket.renew.jitter = 0.05
	sasl.kerberos.ticket.renew.window.factor = 0.8
	sasl.login.callback.handler.class = null
	sasl.login.class = null
	sasl.login.connect.timeout.ms = null
	sasl.login.read.timeout.ms = null
	sasl.login.refresh.buffer.seconds = 300
	sasl.login.refresh.min.period.seconds = 60
	sasl.login.refresh.window.factor = 0.8
	sasl.login.refresh.window.jitter = 0.05
	sasl.login.retry.backoff.max.ms = 10000
	sasl.login.retry.backoff.ms = 100
	sasl.mechanism = GSSAPI
	sasl.oauthbearer.clock.skew.seconds = 30
	sasl.oauthbearer.expected.audience = null
	sasl.oauthbearer.expected.issuer = null
	sasl.oauthbearer.header.urlencode = false
	sasl.oauthbearer.jwks.endpoint.refresh.ms = 3600000
	sasl.oauthbearer.jwks.endpoint.retry.backoff.max.ms = 10000
	sasl.oauthbearer.jwks.endpoint.retry.backoff.ms = 100
	sasl.oauthbearer.jwks.endpoint.url = null
	sasl.oauthbearer.scope.claim.name = scope
	sasl.oauthbearer.sub.claim.name = sub
	sasl.oauthbearer.token.endpoint.url = null
	security.protocol = PLAINTEXT
	security.providers = null
	send.buffer.bytes = 131072
	session.timeout.ms = 45000
	socket.connection.setup.timeout.max.ms = 30000
	socket.connection.setup.timeout.ms = 10000
	ssl.cipher.suites = null
	ssl.enabled.protocols = [TLSv1.2, TLSv1.3]
	ssl.endpoint.identification.algorithm = https
	ssl.engine.factory.class = null
	ssl.key.password = null
	ssl.keymanager.algorithm = SunX509
	ssl.keystore.certificate.chain = null
	ssl.keystore.key = null
	ssl.keystore.location = null
	ssl.keystore.password = null
	ssl.keystore.type = JKS
	ssl.protocol = TLSv1.3
	ssl.provider = null
	ssl.secure.random.implementation = null
	ssl.trustmanager.algorithm = PKIX
	ssl.truststore.certificates = null
	ssl.truststore.location = null
	ssl.truststore.password = null
	ssl.truststore.type = JKS
	value.deserializer = class org.springframework.kafka.support.serializer.JsonDeserializer

2025-12-05 16:23:07 INFO  o.a.k.c.t.i.KafkaMetricsCollector - initializing Kafka metrics collector
2025-12-05 16:23:07 INFO  o.a.kafka.common.utils.AppInfoParser - Kafka version: 3.9.1
2025-12-05 16:23:07 INFO  o.a.kafka.common.utils.AppInfoParser - Kafka commitId: f745dfdcee2b9851
2025-12-05 16:23:07 INFO  o.a.kafka.common.utils.AppInfoParser - Kafka startTimeMs: 1764951787099
2025-12-05 16:23:07 INFO  o.a.k.c.c.i.ClassicKafkaConsumer - [Consumer clientId=consumer-normalizer-group-7, groupId=normalizer-group] Subscribed to topic(s): transactions
2025-12-05 16:23:07 INFO  o.a.k.c.consumer.ConsumerConfig - ConsumerConfig values: 
	allow.auto.create.topics = true
	auto.commit.interval.ms = 5000
	auto.include.jmx.reporter = true
	auto.offset.reset = latest
	bootstrap.servers = [kafka:9092]
	check.crcs = true
	client.dns.lookup = use_all_dns_ips
	client.id = consumer-normalizer-group-8
	client.rack = 
	connections.max.idle.ms = 540000
	default.api.timeout.ms = 60000
	enable.auto.commit = false
	enable.metrics.push = true
	exclude.internal.topics = true
	fetch.max.bytes = 52428800
	fetch.max.wait.ms = 500
	fetch.min.bytes = 1
	group.id = normalizer-group
	group.instance.id = null
	group.protocol = classic
	group.remote.assignor = null
	heartbeat.interval.ms = 3000
	interceptor.classes = []
	internal.leave.group.on.close = true
	internal.throw.on.fetch.stable.offset.unsupported = false
	isolation.level = read_uncommitted
	key.deserializer = class org.apache.kafka.common.serialization.StringDeserializer
	max.partition.fetch.bytes = 1048576
	max.poll.interval.ms = 300000
	max.poll.records = 500
	metadata.max.age.ms = 300000
	metadata.recovery.strategy = none
	metric.reporters = []
	metrics.num.samples = 2
	metrics.recording.level = INFO
	metrics.sample.window.ms = 30000
	partition.assignment.strategy = [class org.apache.kafka.clients.consumer.RangeAssignor, class org.apache.kafka.clients.consumer.CooperativeStickyAssignor]
	receive.buffer.bytes = 65536
	reconnect.backoff.max.ms = 1000
	reconnect.backoff.ms = 50
	request.timeout.ms = 30000
	retry.backoff.max.ms = 1000
	retry.backoff.ms = 100
	sasl.client.callback.handler.class = null
	sasl.jaas.config = null
	sasl.kerberos.kinit.cmd = /usr/bin/kinit
	sasl.kerberos.min.time.before.relogin = 60000
	sasl.kerberos.service.name = null
	sasl.kerberos.ticket.renew.jitter = 0.05
	sasl.kerberos.ticket.renew.window.factor = 0.8
	sasl.login.callback.handler.class = null
	sasl.login.class = null
	sasl.login.connect.timeout.ms = null
	sasl.login.read.timeout.ms = null
	sasl.login.refresh.buffer.seconds = 300
	sasl.login.refresh.min.period.seconds = 60
	sasl.login.refresh.window.factor = 0.8
	sasl.login.refresh.window.jitter = 0.05
	sasl.login.retry.backoff.max.ms = 10000
	sasl.login.retry.backoff.ms = 100
	sasl.mechanism = GSSAPI
	sasl.oauthbearer.clock.skew.seconds = 30
	sasl.oauthbearer.expected.audience = null
	sasl.oauthbearer.expected.issuer = null
	sasl.oauthbearer.header.urlencode = false
	sasl.oauthbearer.jwks.endpoint.refresh.ms = 3600000
	sasl.oauthbearer.jwks.endpoint.retry.backoff.max.ms = 10000
	sasl.oauthbearer.jwks.endpoint.retry.backoff.ms = 100
	sasl.oauthbearer.jwks.endpoint.url = null
	sasl.oauthbearer.scope.claim.name = scope
	sasl.oauthbearer.sub.claim.name = sub
	sasl.oauthbearer.token.endpoint.url = null
	security.protocol = PLAINTEXT
	security.providers = null
	send.buffer.bytes = 131072
	session.timeout.ms = 45000
	socket.connection.setup.timeout.max.ms = 30000
	socket.connection.setup.timeout.ms = 10000
	ssl.cipher.suites = null
	ssl.enabled.protocols = [TLSv1.2, TLSv1.3]
	ssl.endpoint.identification.algorithm = https
	ssl.engine.factory.class = null
	ssl.key.password = null
	ssl.keymanager.algorithm = SunX509
	ssl.keystore.certificate.chain = null
	ssl.keystore.key = null
	ssl.keystore.location = null
	ssl.keystore.password = null
	ssl.keystore.type = JKS
	ssl.protocol = TLSv1.3
	ssl.provider = null
	ssl.secure.random.implementation = null
	ssl.trustmanager.algorithm = PKIX
	ssl.truststore.certificates = null
	ssl.truststore.location = null
	ssl.truststore.password = null
	ssl.truststore.type = JKS
	value.deserializer = class org.springframework.kafka.support.serializer.JsonDeserializer

2025-12-05 16:23:07 INFO  o.a.k.c.t.i.KafkaMetricsCollector - initializing Kafka metrics collector
2025-12-05 16:23:07 INFO  o.a.kafka.common.utils.AppInfoParser - Kafka version: 3.9.1
2025-12-05 16:23:07 INFO  o.a.kafka.common.utils.AppInfoParser - Kafka commitId: f745dfdcee2b9851
2025-12-05 16:23:07 INFO  o.a.kafka.common.utils.AppInfoParser - Kafka startTimeMs: 1764951787132
2025-12-05 16:23:07 INFO  o.a.k.c.c.i.ClassicKafkaConsumer - [Consumer clientId=consumer-normalizer-group-8, groupId=normalizer-group] Subscribed to topic(s): raw-transactions
2025-12-05 16:23:07 INFO  c.P.U.n.NormalizerServiceApplication - Started NormalizerServiceApplication in 16.261 seconds (process running for 1592.711)
2025-12-05 16:23:07 INFO  o.s.b.d.a.ConditionEvaluationDeltaLoggingListener - Condition evaluation unchanged
2025-12-05 16:23:07 INFO  org.apache.kafka.clients.Metadata - [Consumer clientId=consumer-normalizer-group-8, groupId=normalizer-group] Cluster ID: -Ev3b8JLS_uTHl36QpBdMw
2025-12-05 16:23:07 INFO  org.apache.kafka.clients.Metadata - [Consumer clientId=consumer-normalizer-group-7, groupId=normalizer-group] Cluster ID: -Ev3b8JLS_uTHl36QpBdMw
2025-12-05 16:23:07 INFO  o.a.k.c.c.i.ConsumerCoordinator - [Consumer clientId=consumer-normalizer-group-7, groupId=normalizer-group] Discovered group coordinator kafka:9092 (id: 2147483646 rack: null)
2025-12-05 16:23:07 INFO  o.a.k.c.c.i.ConsumerCoordinator - [Consumer clientId=consumer-normalizer-group-8, groupId=normalizer-group] Discovered group coordinator kafka:9092 (id: 2147483646 rack: null)
2025-12-05 16:23:07 INFO  o.a.k.c.c.i.ConsumerCoordinator - [Consumer clientId=consumer-normalizer-group-7, groupId=normalizer-group] (Re-)joining group
2025-12-05 16:23:07 INFO  o.a.k.c.c.i.ConsumerCoordinator - [Consumer clientId=consumer-normalizer-group-8, groupId=normalizer-group] (Re-)joining group
2025-12-05 16:23:07 INFO  o.a.k.c.c.i.ConsumerCoordinator - [Consumer clientId=consumer-normalizer-group-7, groupId=normalizer-group] Request joining group due to: need to re-join with the given member-id: consumer-normalizer-group-7-a77f7668-9691-4694-81ee-54860e71c447
2025-12-05 16:23:07 INFO  o.a.k.c.c.i.ConsumerCoordinator - [Consumer clientId=consumer-normalizer-group-8, groupId=normalizer-group] Request joining group due to: need to re-join with the given member-id: consumer-normalizer-group-8-e8d9e5de-3a8b-4b3e-9b0b-df9fd1aed8eb
2025-12-05 16:23:07 INFO  o.a.k.c.c.i.ConsumerCoordinator - [Consumer clientId=consumer-normalizer-group-7, groupId=normalizer-group] (Re-)joining group
2025-12-05 16:23:07 INFO  o.a.k.c.c.i.ConsumerCoordinator - [Consumer clientId=consumer-normalizer-group-8, groupId=normalizer-group] (Re-)joining group
2025-12-05 16:23:10 INFO  o.a.k.c.c.i.ConsumerCoordinator - [Consumer clientId=consumer-normalizer-group-8, groupId=normalizer-group] Successfully joined group with generation Generation{generationId=9, memberId='consumer-normalizer-group-8-e8d9e5de-3a8b-4b3e-9b0b-df9fd1aed8eb', protocol='range'}
2025-12-05 16:23:10 INFO  o.a.k.c.c.i.ConsumerCoordinator - [Consumer clientId=consumer-normalizer-group-7, groupId=normalizer-group] Successfully joined group with generation Generation{generationId=9, memberId='consumer-normalizer-group-7-a77f7668-9691-4694-81ee-54860e71c447', protocol='range'}
2025-12-05 16:23:10 INFO  o.a.k.c.c.i.ConsumerCoordinator - [Consumer clientId=consumer-normalizer-group-7, groupId=normalizer-group] Finished assignment for group at generation 9: {consumer-normalizer-group-8-e8d9e5de-3a8b-4b3e-9b0b-df9fd1aed8eb=Assignment(partitions=[raw-transactions-0]), consumer-normalizer-group-7-a77f7668-9691-4694-81ee-54860e71c447=Assignment(partitions=[transactions-0])}
2025-12-05 16:23:10 INFO  o.a.k.c.c.i.ConsumerCoordinator - [Consumer clientId=consumer-normalizer-group-8, groupId=normalizer-group] Successfully synced group in generation Generation{generationId=9, memberId='consumer-normalizer-group-8-e8d9e5de-3a8b-4b3e-9b0b-df9fd1aed8eb', protocol='range'}
2025-12-05 16:23:10 INFO  o.a.k.c.c.i.ConsumerCoordinator - [Consumer clientId=consumer-normalizer-group-7, groupId=normalizer-group] Successfully synced group in generation Generation{generationId=9, memberId='consumer-normalizer-group-7-a77f7668-9691-4694-81ee-54860e71c447', protocol='range'}
2025-12-05 16:23:10 INFO  o.a.k.c.c.i.ConsumerCoordinator - [Consumer clientId=consumer-normalizer-group-7, groupId=normalizer-group] Notifying assignor about the new Assignment(partitions=[transactions-0])
2025-12-05 16:23:10 INFO  o.a.k.c.c.i.ConsumerCoordinator - [Consumer clientId=consumer-normalizer-group-8, groupId=normalizer-group] Notifying assignor about the new Assignment(partitions=[raw-transactions-0])
2025-12-05 16:23:10 INFO  o.a.k.c.c.i.ConsumerRebalanceListenerInvoker - [Consumer clientId=consumer-normalizer-group-8, groupId=normalizer-group] Adding newly assigned partitions: raw-transactions-0
2025-12-05 16:23:10 INFO  o.a.k.c.c.i.ConsumerRebalanceListenerInvoker - [Consumer clientId=consumer-normalizer-group-7, groupId=normalizer-group] Adding newly assigned partitions: transactions-0
2025-12-05 16:23:10 INFO  o.a.k.c.c.internals.ConsumerUtils - Setting offset for partition raw-transactions-0 to the committed offset FetchPosition{offset=3, offsetEpoch=Optional.empty, currentLeader=LeaderAndEpoch{leader=Optional[kafka:9092 (id: 1 rack: null)], epoch=0}}
2025-12-05 16:23:10 INFO  o.a.k.c.c.internals.ConsumerUtils - Setting offset for partition transactions-0 to the committed offset FetchPosition{offset=0, offsetEpoch=Optional.empty, currentLeader=LeaderAndEpoch{leader=Optional[kafka:9092 (id: 1 rack: null)], epoch=0}}
2025-12-05 16:23:10 INFO  o.s.k.l.KafkaMessageListenerContainer - normalizer-group: partitions assigned: [raw-transactions-0]
2025-12-05 16:23:10 INFO  o.s.k.l.KafkaMessageListenerContainer - normalizer-group: partitions assigned: [transactions-0]
2025-12-05 16:23:11 INFO  o.s.b.d.a.LocalDevToolsAutoConfiguration$RestartingClassPathChangeChangedEventListener - Restarting due to 1 class path change (0 additions, 0 deletions, 1 modification)
2025-12-05 16:23:11 INFO  o.a.k.c.c.i.ConsumerRebalanceListenerInvoker - [Consumer clientId=consumer-normalizer-group-7, groupId=normalizer-group] Revoke previously assigned partitions transactions-0
2025-12-05 16:23:11 INFO  o.a.k.c.c.i.ConsumerRebalanceListenerInvoker - [Consumer clientId=consumer-normalizer-group-8, groupId=normalizer-group] Revoke previously assigned partitions raw-transactions-0
2025-12-05 16:23:11 INFO  o.s.k.l.KafkaMessageListenerContainer - normalizer-group: partitions revoked: [transactions-0]
2025-12-05 16:23:11 INFO  o.s.k.l.KafkaMessageListenerContainer - normalizer-group: partitions revoked: [raw-transactions-0]
2025-12-05 16:23:11 INFO  o.a.k.c.c.i.ConsumerCoordinator - [Consumer clientId=consumer-normalizer-group-7, groupId=normalizer-group] Member consumer-normalizer-group-7-a77f7668-9691-4694-81ee-54860e71c447 sending LeaveGroup request to coordinator kafka:9092 (id: 2147483646 rack: null) due to the consumer unsubscribed from all topics
2025-12-05 16:23:11 INFO  o.a.k.c.c.i.ConsumerCoordinator - [Consumer clientId=consumer-normalizer-group-8, groupId=normalizer-group] Member consumer-normalizer-group-8-e8d9e5de-3a8b-4b3e-9b0b-df9fd1aed8eb sending LeaveGroup request to coordinator kafka:9092 (id: 2147483646 rack: null) due to the consumer unsubscribed from all topics
2025-12-05 16:23:11 INFO  o.a.k.c.c.i.ConsumerCoordinator - [Consumer clientId=consumer-normalizer-group-7, groupId=normalizer-group] Resetting generation and member id due to: consumer pro-actively leaving the group
2025-12-05 16:23:11 INFO  o.a.k.c.c.i.ConsumerCoordinator - [Consumer clientId=consumer-normalizer-group-8, groupId=normalizer-group] Resetting generation and member id due to: consumer pro-actively leaving the group
2025-12-05 16:23:11 INFO  o.a.k.c.c.i.ConsumerCoordinator - [Consumer clientId=consumer-normalizer-group-7, groupId=normalizer-group] Request joining group due to: consumer pro-actively leaving the group
2025-12-05 16:23:11 INFO  o.a.k.c.c.i.ConsumerCoordinator - [Consumer clientId=consumer-normalizer-group-8, groupId=normalizer-group] Request joining group due to: consumer pro-actively leaving the group
2025-12-05 16:23:11 INFO  o.a.k.c.c.i.ClassicKafkaConsumer - [Consumer clientId=consumer-normalizer-group-7, groupId=normalizer-group] Unsubscribed all topics or patterns and assigned partitions
2025-12-05 16:23:11 INFO  o.a.k.c.c.i.ClassicKafkaConsumer - [Consumer clientId=consumer-normalizer-group-8, groupId=normalizer-group] Unsubscribed all topics or patterns and assigned partitions
2025-12-05 16:23:11 INFO  o.a.k.c.c.i.ConsumerCoordinator - [Consumer clientId=consumer-normalizer-group-7, groupId=normalizer-group] Resetting generation and member id due to: consumer pro-actively leaving the group
2025-12-05 16:23:11 INFO  o.a.k.c.c.i.ConsumerCoordinator - [Consumer clientId=consumer-normalizer-group-8, groupId=normalizer-group] Resetting generation and member id due to: consumer pro-actively leaving the group
2025-12-05 16:23:11 INFO  o.a.k.c.c.i.ConsumerCoordinator - [Consumer clientId=consumer-normalizer-group-8, groupId=normalizer-group] Request joining group due to: consumer pro-actively leaving the group
2025-12-05 16:23:11 INFO  o.a.k.c.c.i.ConsumerCoordinator - [Consumer clientId=consumer-normalizer-group-7, groupId=normalizer-group] Request joining group due to: consumer pro-actively leaving the group
2025-12-05 16:23:11 INFO  o.a.kafka.common.metrics.Metrics - Metrics scheduler closed
2025-12-05 16:23:11 INFO  o.a.kafka.common.metrics.Metrics - Metrics scheduler closed
2025-12-05 16:23:11 INFO  o.a.kafka.common.metrics.Metrics - Closing reporter org.apache.kafka.common.metrics.JmxReporter
2025-12-05 16:23:11 INFO  o.a.kafka.common.metrics.Metrics - Closing reporter org.apache.kafka.common.metrics.JmxReporter
2025-12-05 16:23:11 INFO  o.a.kafka.common.metrics.Metrics - Closing reporter org.apache.kafka.common.telemetry.internals.ClientTelemetryReporter
2025-12-05 16:23:11 INFO  o.a.kafka.common.metrics.Metrics - Closing reporter org.apache.kafka.common.telemetry.internals.ClientTelemetryReporter
2025-12-05 16:23:11 INFO  o.a.kafka.common.metrics.Metrics - Metrics reporters closed
2025-12-05 16:23:11 INFO  o.a.kafka.common.metrics.Metrics - Metrics reporters closed
2025-12-05 16:23:11 INFO  o.a.kafka.common.utils.AppInfoParser - App info kafka.consumer for consumer-normalizer-group-8 unregistered
2025-12-05 16:23:11 INFO  o.s.k.l.KafkaMessageListenerContainer - normalizer-group: Consumer stopped
2025-12-05 16:23:11 INFO  o.a.kafka.common.utils.AppInfoParser - App info kafka.consumer for consumer-normalizer-group-7 unregistered
2025-12-05 16:23:11 INFO  o.s.k.l.KafkaMessageListenerContainer - normalizer-group: Consumer stopped
2025-12-05 16:23:11 INFO  o.s.b.w.e.tomcat.GracefulShutdown - Commencing graceful shutdown. Waiting for active requests to complete
2025-12-05 16:23:11 INFO  o.a.coyote.http11.Http11NioProtocol - Pausing ProtocolHandler ["http-nio-8083"]
2025-12-05 16:23:11 INFO  o.s.b.w.e.tomcat.GracefulShutdown - Graceful shutdown complete
2025-12-05 16:23:11 INFO  o.a.coyote.http11.Http11NioProtocol - Stopping ProtocolHandler ["http-nio-8083"]
2025-12-05 16:23:11 INFO  o.s.o.j.LocalContainerEntityManagerFactoryBean - Closing JPA EntityManagerFactory for persistence unit 'default'
2025-12-05 16:23:11 INFO  com.zaxxer.hikari.HikariDataSource - HikariPool-4 - Shutdown initiated...
2025-12-05 16:23:11 INFO  com.zaxxer.hikari.HikariDataSource - HikariPool-4 - Shutdown completed.
2025-12-05 16:23:13 INFO  c.P.U.n.NormalizerServiceApplication - Starting NormalizerServiceApplication using Java 17.0.17 with PID 65 (/app/target/classes started by root in /app)
2025-12-05 16:23:13 INFO  c.P.U.n.NormalizerServiceApplication - No active profile set, falling back to 1 default profile: "default"
2025-12-05 16:23:18 INFO  o.s.d.r.c.RepositoryConfigurationDelegate - Bootstrapping Spring Data JPA repositories in DEFAULT mode.
2025-12-05 16:23:19 INFO  o.s.d.r.c.RepositoryConfigurationDelegate - Finished Spring Data repository scanning in 329 ms. Found 1 JPA repository interface.
2025-12-05 16:23:21 INFO  o.s.b.w.e.tomcat.TomcatWebServer - Tomcat initialized with port 8083 (http)
2025-12-05 16:23:21 INFO  o.a.coyote.http11.Http11NioProtocol - Initializing ProtocolHandler ["http-nio-8083"]
2025-12-05 16:23:21 INFO  o.a.catalina.core.StandardService - Starting service [Tomcat]
2025-12-05 16:23:21 INFO  o.a.catalina.core.StandardEngine - Starting Servlet engine: [Apache Tomcat/10.1.42]
2025-12-05 16:23:21 INFO  o.a.c.c.C.[Tomcat].[localhost].[/] - Initializing Spring embedded WebApplicationContext
2025-12-05 16:23:21 INFO  o.s.b.w.s.c.ServletWebServerApplicationContext - Root WebApplicationContext: initialization completed in 8250 ms
2025-12-05 16:23:22 INFO  o.h.jpa.internal.util.LogHelper - HHH000204: Processing PersistenceUnitInfo [name: default]
2025-12-05 16:23:23 INFO  o.h.c.i.RegionFactoryInitiator - HHH000026: Second-level cache disabled
2025-12-05 16:23:24 INFO  o.s.o.j.p.SpringPersistenceUnitInfo - No LoadTimeWeaver setup: ignoring JPA class transformer
2025-12-05 16:23:25 INFO  com.zaxxer.hikari.HikariDataSource - HikariPool-5 - Starting...
2025-12-05 16:23:25 INFO  com.zaxxer.hikari.pool.HikariPool - HikariPool-5 - Added connection org.postgresql.jdbc.PgConnection@74751301
2025-12-05 16:23:25 INFO  com.zaxxer.hikari.HikariDataSource - HikariPool-5 - Start completed.
2025-12-05 16:23:25 WARN  org.hibernate.orm.deprecation - HHH90000025: PostgreSQLDialect does not need to be specified explicitly using 'hibernate.dialect' (remove the property setting and it will be selected by default)
2025-12-05 16:23:25 INFO  o.hibernate.orm.connections.pooling - HHH10001005: Database info:
	Database JDBC URL [Connecting through datasource 'HikariDataSource (HikariPool-5)']
	Database driver: undefined/unknown
	Database version: 15.13
	Autocommit mode: undefined/unknown
	Isolation level: undefined/unknown
	Minimum pool size: undefined/unknown
	Maximum pool size: undefined/unknown
2025-12-05 16:23:28 INFO  o.h.e.t.j.p.i.JtaPlatformInitiator - HHH000489: No JTA platform available (set 'hibernate.transaction.jta.platform' to enable JTA platform integration)
2025-12-05 16:23:28 INFO  o.s.o.j.LocalContainerEntityManagerFactoryBean - Initialized JPA EntityManagerFactory for persistence unit 'default'
2025-12-05 16:23:29 WARN  o.s.b.a.o.j.JpaBaseConfiguration$JpaWebConfiguration - spring.jpa.open-in-view is enabled by default. Therefore, database queries may be performed during view rendering. Explicitly configure spring.jpa.open-in-view to disable this warning
2025-12-05 16:23:30 INFO  o.s.b.d.a.OptionalLiveReloadServer - LiveReload server is running on port 35729
2025-12-05 16:23:30 INFO  o.a.coyote.http11.Http11NioProtocol - Starting ProtocolHandler ["http-nio-8083"]
2025-12-05 16:23:30 INFO  o.s.b.w.e.tomcat.TomcatWebServer - Tomcat started on port 8083 (http) with context path '/'
2025-12-05 16:23:30 INFO  o.a.k.c.consumer.ConsumerConfig - ConsumerConfig values: 
	allow.auto.create.topics = true
	auto.commit.interval.ms = 5000
	auto.include.jmx.reporter = true
	auto.offset.reset = latest
	bootstrap.servers = [kafka:9092]
	check.crcs = true
	client.dns.lookup = use_all_dns_ips
	client.id = consumer-normalizer-group-9
	client.rack = 
	connections.max.idle.ms = 540000
	default.api.timeout.ms = 60000
	enable.auto.commit = false
	enable.metrics.push = true
	exclude.internal.topics = true
	fetch.max.bytes = 52428800
	fetch.max.wait.ms = 500
	fetch.min.bytes = 1
	group.id = normalizer-group
	group.instance.id = null
	group.protocol = classic
	group.remote.assignor = null
	heartbeat.interval.ms = 3000
	interceptor.classes = []
	internal.leave.group.on.close = true
	internal.throw.on.fetch.stable.offset.unsupported = false
	isolation.level = read_uncommitted
	key.deserializer = class org.apache.kafka.common.serialization.StringDeserializer
	max.partition.fetch.bytes = 1048576
	max.poll.interval.ms = 300000
	max.poll.records = 500
	metadata.max.age.ms = 300000
	metadata.recovery.strategy = none
	metric.reporters = []
	metrics.num.samples = 2
	metrics.recording.level = INFO
	metrics.sample.window.ms = 30000
	partition.assignment.strategy = [class org.apache.kafka.clients.consumer.RangeAssignor, class org.apache.kafka.clients.consumer.CooperativeStickyAssignor]
	receive.buffer.bytes = 65536
	reconnect.backoff.max.ms = 1000
	reconnect.backoff.ms = 50
	request.timeout.ms = 30000
	retry.backoff.max.ms = 1000
	retry.backoff.ms = 100
	sasl.client.callback.handler.class = null
	sasl.jaas.config = null
	sasl.kerberos.kinit.cmd = /usr/bin/kinit
	sasl.kerberos.min.time.before.relogin = 60000
	sasl.kerberos.service.name = null
	sasl.kerberos.ticket.renew.jitter = 0.05
	sasl.kerberos.ticket.renew.window.factor = 0.8
	sasl.login.callback.handler.class = null
	sasl.login.class = null
	sasl.login.connect.timeout.ms = null
	sasl.login.read.timeout.ms = null
	sasl.login.refresh.buffer.seconds = 300
	sasl.login.refresh.min.period.seconds = 60
	sasl.login.refresh.window.factor = 0.8
	sasl.login.refresh.window.jitter = 0.05
	sasl.login.retry.backoff.max.ms = 10000
	sasl.login.retry.backoff.ms = 100
	sasl.mechanism = GSSAPI
	sasl.oauthbearer.clock.skew.seconds = 30
	sasl.oauthbearer.expected.audience = null
	sasl.oauthbearer.expected.issuer = null
	sasl.oauthbearer.header.urlencode = false
	sasl.oauthbearer.jwks.endpoint.refresh.ms = 3600000
	sasl.oauthbearer.jwks.endpoint.retry.backoff.max.ms = 10000
	sasl.oauthbearer.jwks.endpoint.retry.backoff.ms = 100
	sasl.oauthbearer.jwks.endpoint.url = null
	sasl.oauthbearer.scope.claim.name = scope
	sasl.oauthbearer.sub.claim.name = sub
	sasl.oauthbearer.token.endpoint.url = null
	security.protocol = PLAINTEXT
	security.providers = null
	send.buffer.bytes = 131072
	session.timeout.ms = 45000
	socket.connection.setup.timeout.max.ms = 30000
	socket.connection.setup.timeout.ms = 10000
	ssl.cipher.suites = null
	ssl.enabled.protocols = [TLSv1.2, TLSv1.3]
	ssl.endpoint.identification.algorithm = https
	ssl.engine.factory.class = null
	ssl.key.password = null
	ssl.keymanager.algorithm = SunX509
	ssl.keystore.certificate.chain = null
	ssl.keystore.key = null
	ssl.keystore.location = null
	ssl.keystore.password = null
	ssl.keystore.type = JKS
	ssl.protocol = TLSv1.3
	ssl.provider = null
	ssl.secure.random.implementation = null
	ssl.trustmanager.algorithm = PKIX
	ssl.truststore.certificates = null
	ssl.truststore.location = null
	ssl.truststore.password = null
	ssl.truststore.type = JKS
	value.deserializer = class org.springframework.kafka.support.serializer.JsonDeserializer

2025-12-05 16:23:30 INFO  o.a.k.c.t.i.KafkaMetricsCollector - initializing Kafka metrics collector
2025-12-05 16:23:30 INFO  o.a.kafka.common.utils.AppInfoParser - Kafka version: 3.9.1
2025-12-05 16:23:30 INFO  o.a.kafka.common.utils.AppInfoParser - Kafka commitId: f745dfdcee2b9851
2025-12-05 16:23:30 INFO  o.a.kafka.common.utils.AppInfoParser - Kafka startTimeMs: 1764951810842
2025-12-05 16:23:30 INFO  o.a.k.c.c.i.ClassicKafkaConsumer - [Consumer clientId=consumer-normalizer-group-9, groupId=normalizer-group] Subscribed to topic(s): transactions
2025-12-05 16:23:30 INFO  o.a.k.c.consumer.ConsumerConfig - ConsumerConfig values: 
	allow.auto.create.topics = true
	auto.commit.interval.ms = 5000
	auto.include.jmx.reporter = true
	auto.offset.reset = latest
	bootstrap.servers = [kafka:9092]
	check.crcs = true
	client.dns.lookup = use_all_dns_ips
	client.id = consumer-normalizer-group-10
	client.rack = 
	connections.max.idle.ms = 540000
	default.api.timeout.ms = 60000
	enable.auto.commit = false
	enable.metrics.push = true
	exclude.internal.topics = true
	fetch.max.bytes = 52428800
	fetch.max.wait.ms = 500
	fetch.min.bytes = 1
	group.id = normalizer-group
	group.instance.id = null
	group.protocol = classic
	group.remote.assignor = null
	heartbeat.interval.ms = 3000
	interceptor.classes = []
	internal.leave.group.on.close = true
	internal.throw.on.fetch.stable.offset.unsupported = false
	isolation.level = read_uncommitted
	key.deserializer = class org.apache.kafka.common.serialization.StringDeserializer
	max.partition.fetch.bytes = 1048576
	max.poll.interval.ms = 300000
	max.poll.records = 500
	metadata.max.age.ms = 300000
	metadata.recovery.strategy = none
	metric.reporters = []
	metrics.num.samples = 2
	metrics.recording.level = INFO
	metrics.sample.window.ms = 30000
	partition.assignment.strategy = [class org.apache.kafka.clients.consumer.RangeAssignor, class org.apache.kafka.clients.consumer.CooperativeStickyAssignor]
	receive.buffer.bytes = 65536
	reconnect.backoff.max.ms = 1000
	reconnect.backoff.ms = 50
	request.timeout.ms = 30000
	retry.backoff.max.ms = 1000
	retry.backoff.ms = 100
	sasl.client.callback.handler.class = null
	sasl.jaas.config = null
	sasl.kerberos.kinit.cmd = /usr/bin/kinit
	sasl.kerberos.min.time.before.relogin = 60000
	sasl.kerberos.service.name = null
	sasl.kerberos.ticket.renew.jitter = 0.05
	sasl.kerberos.ticket.renew.window.factor = 0.8
	sasl.login.callback.handler.class = null
	sasl.login.class = null
	sasl.login.connect.timeout.ms = null
	sasl.login.read.timeout.ms = null
	sasl.login.refresh.buffer.seconds = 300
	sasl.login.refresh.min.period.seconds = 60
	sasl.login.refresh.window.factor = 0.8
	sasl.login.refresh.window.jitter = 0.05
	sasl.login.retry.backoff.max.ms = 10000
	sasl.login.retry.backoff.ms = 100
	sasl.mechanism = GSSAPI
	sasl.oauthbearer.clock.skew.seconds = 30
	sasl.oauthbearer.expected.audience = null
	sasl.oauthbearer.expected.issuer = null
	sasl.oauthbearer.header.urlencode = false
	sasl.oauthbearer.jwks.endpoint.refresh.ms = 3600000
	sasl.oauthbearer.jwks.endpoint.retry.backoff.max.ms = 10000
	sasl.oauthbearer.jwks.endpoint.retry.backoff.ms = 100
	sasl.oauthbearer.jwks.endpoint.url = null
	sasl.oauthbearer.scope.claim.name = scope
	sasl.oauthbearer.sub.claim.name = sub
	sasl.oauthbearer.token.endpoint.url = null
	security.protocol = PLAINTEXT
	security.providers = null
	send.buffer.bytes = 131072
	session.timeout.ms = 45000
	socket.connection.setup.timeout.max.ms = 30000
	socket.connection.setup.timeout.ms = 10000
	ssl.cipher.suites = null
	ssl.enabled.protocols = [TLSv1.2, TLSv1.3]
	ssl.endpoint.identification.algorithm = https
	ssl.engine.factory.class = null
	ssl.key.password = null
	ssl.keymanager.algorithm = SunX509
	ssl.keystore.certificate.chain = null
	ssl.keystore.key = null
	ssl.keystore.location = null
	ssl.keystore.password = null
	ssl.keystore.type = JKS
	ssl.protocol = TLSv1.3
	ssl.provider = null
	ssl.secure.random.implementation = null
	ssl.trustmanager.algorithm = PKIX
	ssl.truststore.certificates = null
	ssl.truststore.location = null
	ssl.truststore.password = null
	ssl.truststore.type = JKS
	value.deserializer = class org.springframework.kafka.support.serializer.JsonDeserializer

2025-12-05 16:23:30 INFO  o.a.k.c.t.i.KafkaMetricsCollector - initializing Kafka metrics collector
2025-12-05 16:23:30 INFO  o.a.kafka.common.utils.AppInfoParser - Kafka version: 3.9.1
2025-12-05 16:23:30 INFO  o.a.kafka.common.utils.AppInfoParser - Kafka commitId: f745dfdcee2b9851
2025-12-05 16:23:30 INFO  o.a.kafka.common.utils.AppInfoParser - Kafka startTimeMs: 1764951810883
2025-12-05 16:23:30 INFO  o.a.k.c.c.i.ClassicKafkaConsumer - [Consumer clientId=consumer-normalizer-group-10, groupId=normalizer-group] Subscribed to topic(s): raw-transactions
2025-12-05 16:23:30 INFO  org.apache.kafka.clients.Metadata - [Consumer clientId=consumer-normalizer-group-9, groupId=normalizer-group] Cluster ID: -Ev3b8JLS_uTHl36QpBdMw
2025-12-05 16:23:30 INFO  org.apache.kafka.clients.Metadata - [Consumer clientId=consumer-normalizer-group-10, groupId=normalizer-group] Cluster ID: -Ev3b8JLS_uTHl36QpBdMw
2025-12-05 16:23:30 INFO  o.a.k.c.c.i.ConsumerCoordinator - [Consumer clientId=consumer-normalizer-group-10, groupId=normalizer-group] Discovered group coordinator kafka:9092 (id: 2147483646 rack: null)
2025-12-05 16:23:30 INFO  o.a.k.c.c.i.ConsumerCoordinator - [Consumer clientId=consumer-normalizer-group-9, groupId=normalizer-group] Discovered group coordinator kafka:9092 (id: 2147483646 rack: null)
2025-12-05 16:23:30 INFO  o.a.k.c.c.i.ConsumerCoordinator - [Consumer clientId=consumer-normalizer-group-10, groupId=normalizer-group] (Re-)joining group
2025-12-05 16:23:30 INFO  c.P.U.n.NormalizerServiceApplication - Started NormalizerServiceApplication in 18.76 seconds (process running for 1616.488)
2025-12-05 16:23:30 INFO  o.a.k.c.c.i.ConsumerCoordinator - [Consumer clientId=consumer-normalizer-group-9, groupId=normalizer-group] (Re-)joining group
2025-12-05 16:23:30 INFO  o.s.b.d.a.ConditionEvaluationDeltaLoggingListener - Condition evaluation unchanged
2025-12-05 16:23:30 INFO  o.a.k.c.c.i.ConsumerCoordinator - [Consumer clientId=consumer-normalizer-group-10, groupId=normalizer-group] Request joining group due to: need to re-join with the given member-id: consumer-normalizer-group-10-9c24fea9-daa0-4f12-826e-f83c558e0e82
2025-12-05 16:23:30 INFO  o.a.k.c.c.i.ConsumerCoordinator - [Consumer clientId=consumer-normalizer-group-10, groupId=normalizer-group] (Re-)joining group
2025-12-05 16:23:30 INFO  o.a.k.c.c.i.ConsumerCoordinator - [Consumer clientId=consumer-normalizer-group-9, groupId=normalizer-group] Request joining group due to: need to re-join with the given member-id: consumer-normalizer-group-9-fff6aa4d-b050-4b66-af30-624193e0747a
2025-12-05 16:23:30 INFO  o.a.k.c.c.i.ConsumerCoordinator - [Consumer clientId=consumer-normalizer-group-9, groupId=normalizer-group] (Re-)joining group
2025-12-05 16:23:33 INFO  o.a.k.c.c.i.ConsumerCoordinator - [Consumer clientId=consumer-normalizer-group-10, groupId=normalizer-group] Successfully joined group with generation Generation{generationId=11, memberId='consumer-normalizer-group-10-9c24fea9-daa0-4f12-826e-f83c558e0e82', protocol='range'}
2025-12-05 16:23:33 INFO  o.a.k.c.c.i.ConsumerCoordinator - [Consumer clientId=consumer-normalizer-group-9, groupId=normalizer-group] Successfully joined group with generation Generation{generationId=11, memberId='consumer-normalizer-group-9-fff6aa4d-b050-4b66-af30-624193e0747a', protocol='range'}
2025-12-05 16:23:33 INFO  o.a.k.c.c.i.ConsumerCoordinator - [Consumer clientId=consumer-normalizer-group-10, groupId=normalizer-group] Finished assignment for group at generation 11: {consumer-normalizer-group-10-9c24fea9-daa0-4f12-826e-f83c558e0e82=Assignment(partitions=[raw-transactions-0]), consumer-normalizer-group-9-fff6aa4d-b050-4b66-af30-624193e0747a=Assignment(partitions=[transactions-0])}
2025-12-05 16:23:34 INFO  o.a.k.c.c.i.ConsumerCoordinator - [Consumer clientId=consumer-normalizer-group-9, groupId=normalizer-group] Successfully synced group in generation Generation{generationId=11, memberId='consumer-normalizer-group-9-fff6aa4d-b050-4b66-af30-624193e0747a', protocol='range'}
2025-12-05 16:23:34 INFO  o.a.k.c.c.i.ConsumerCoordinator - [Consumer clientId=consumer-normalizer-group-10, groupId=normalizer-group] Successfully synced group in generation Generation{generationId=11, memberId='consumer-normalizer-group-10-9c24fea9-daa0-4f12-826e-f83c558e0e82', protocol='range'}
2025-12-05 16:23:34 INFO  o.a.k.c.c.i.ConsumerCoordinator - [Consumer clientId=consumer-normalizer-group-9, groupId=normalizer-group] Notifying assignor about the new Assignment(partitions=[transactions-0])
2025-12-05 16:23:34 INFO  o.a.k.c.c.i.ConsumerRebalanceListenerInvoker - [Consumer clientId=consumer-normalizer-group-9, groupId=normalizer-group] Adding newly assigned partitions: transactions-0
2025-12-05 16:23:34 INFO  o.a.k.c.c.i.ConsumerCoordinator - [Consumer clientId=consumer-normalizer-group-10, groupId=normalizer-group] Notifying assignor about the new Assignment(partitions=[raw-transactions-0])
2025-12-05 16:23:34 INFO  o.a.k.c.c.i.ConsumerRebalanceListenerInvoker - [Consumer clientId=consumer-normalizer-group-10, groupId=normalizer-group] Adding newly assigned partitions: raw-transactions-0
2025-12-05 16:23:34 INFO  o.a.k.c.c.internals.ConsumerUtils - Setting offset for partition transactions-0 to the committed offset FetchPosition{offset=0, offsetEpoch=Optional.empty, currentLeader=LeaderAndEpoch{leader=Optional[kafka:9092 (id: 1 rack: null)], epoch=0}}
2025-12-05 16:23:34 INFO  o.s.k.l.KafkaMessageListenerContainer - normalizer-group: partitions assigned: [transactions-0]
2025-12-05 16:23:34 INFO  o.a.k.c.c.internals.ConsumerUtils - Setting offset for partition raw-transactions-0 to the committed offset FetchPosition{offset=3, offsetEpoch=Optional.empty, currentLeader=LeaderAndEpoch{leader=Optional[kafka:9092 (id: 1 rack: null)], epoch=0}}
2025-12-05 16:23:34 INFO  o.s.k.l.KafkaMessageListenerContainer - normalizer-group: partitions assigned: [raw-transactions-0]
2025-12-05 16:23:37 INFO  o.s.b.d.a.LocalDevToolsAutoConfiguration$RestartingClassPathChangeChangedEventListener - Restarting due to 1 class path change (0 additions, 0 deletions, 1 modification)
2025-12-05 16:23:37 INFO  o.a.k.c.c.i.ConsumerRebalanceListenerInvoker - [Consumer clientId=consumer-normalizer-group-9, groupId=normalizer-group] Revoke previously assigned partitions transactions-0
2025-12-05 16:23:37 INFO  o.a.k.c.c.i.ConsumerRebalanceListenerInvoker - [Consumer clientId=consumer-normalizer-group-10, groupId=normalizer-group] Revoke previously assigned partitions raw-transactions-0
2025-12-05 16:23:37 INFO  o.s.k.l.KafkaMessageListenerContainer - normalizer-group: partitions revoked: [raw-transactions-0]
2025-12-05 16:23:37 INFO  o.s.k.l.KafkaMessageListenerContainer - normalizer-group: partitions revoked: [transactions-0]
2025-12-05 16:23:37 INFO  o.a.k.c.c.i.ConsumerCoordinator - [Consumer clientId=consumer-normalizer-group-10, groupId=normalizer-group] Member consumer-normalizer-group-10-9c24fea9-daa0-4f12-826e-f83c558e0e82 sending LeaveGroup request to coordinator kafka:9092 (id: 2147483646 rack: null) due to the consumer unsubscribed from all topics
2025-12-05 16:23:37 INFO  o.a.k.c.c.i.ConsumerCoordinator - [Consumer clientId=consumer-normalizer-group-9, groupId=normalizer-group] Member consumer-normalizer-group-9-fff6aa4d-b050-4b66-af30-624193e0747a sending LeaveGroup request to coordinator kafka:9092 (id: 2147483646 rack: null) due to the consumer unsubscribed from all topics
2025-12-05 16:23:37 INFO  o.a.k.c.c.i.ConsumerCoordinator - [Consumer clientId=consumer-normalizer-group-10, groupId=normalizer-group] Resetting generation and member id due to: consumer pro-actively leaving the group
2025-12-05 16:23:37 INFO  o.a.k.c.c.i.ConsumerCoordinator - [Consumer clientId=consumer-normalizer-group-9, groupId=normalizer-group] Resetting generation and member id due to: consumer pro-actively leaving the group
2025-12-05 16:23:37 INFO  o.a.k.c.c.i.ConsumerCoordinator - [Consumer clientId=consumer-normalizer-group-10, groupId=normalizer-group] Request joining group due to: consumer pro-actively leaving the group
2025-12-05 16:23:37 INFO  o.a.k.c.c.i.ConsumerCoordinator - [Consumer clientId=consumer-normalizer-group-9, groupId=normalizer-group] Request joining group due to: consumer pro-actively leaving the group
2025-12-05 16:23:37 INFO  o.a.k.c.c.i.ClassicKafkaConsumer - [Consumer clientId=consumer-normalizer-group-10, groupId=normalizer-group] Unsubscribed all topics or patterns and assigned partitions
2025-12-05 16:23:37 INFO  o.a.k.c.c.i.ClassicKafkaConsumer - [Consumer clientId=consumer-normalizer-group-9, groupId=normalizer-group] Unsubscribed all topics or patterns and assigned partitions
2025-12-05 16:23:37 INFO  o.a.k.c.c.i.ConsumerCoordinator - [Consumer clientId=consumer-normalizer-group-10, groupId=normalizer-group] Resetting generation and member id due to: consumer pro-actively leaving the group
2025-12-05 16:23:37 INFO  o.a.k.c.c.i.ConsumerCoordinator - [Consumer clientId=consumer-normalizer-group-10, groupId=normalizer-group] Request joining group due to: consumer pro-actively leaving the group
2025-12-05 16:23:37 INFO  o.a.k.c.c.i.ConsumerCoordinator - [Consumer clientId=consumer-normalizer-group-9, groupId=normalizer-group] Resetting generation and member id due to: consumer pro-actively leaving the group
2025-12-05 16:23:37 INFO  o.a.k.c.c.i.ConsumerCoordinator - [Consumer clientId=consumer-normalizer-group-9, groupId=normalizer-group] Request joining group due to: consumer pro-actively leaving the group
2025-12-05 16:23:37 INFO  o.a.kafka.common.metrics.Metrics - Metrics scheduler closed
2025-12-05 16:23:37 INFO  o.a.kafka.common.metrics.Metrics - Closing reporter org.apache.kafka.common.metrics.JmxReporter
2025-12-05 16:23:37 INFO  o.a.kafka.common.metrics.Metrics - Closing reporter org.apache.kafka.common.telemetry.internals.ClientTelemetryReporter
2025-12-05 16:23:37 INFO  o.a.kafka.common.metrics.Metrics - Metrics reporters closed
2025-12-05 16:23:37 INFO  o.a.kafka.common.metrics.Metrics - Metrics scheduler closed
2025-12-05 16:23:37 INFO  o.a.kafka.common.utils.AppInfoParser - App info kafka.consumer for consumer-normalizer-group-9 unregistered
2025-12-05 16:23:37 INFO  o.a.kafka.common.metrics.Metrics - Closing reporter org.apache.kafka.common.metrics.JmxReporter
2025-12-05 16:23:37 INFO  o.s.k.l.KafkaMessageListenerContainer - normalizer-group: Consumer stopped
2025-12-05 16:23:37 INFO  o.a.kafka.common.metrics.Metrics - Closing reporter org.apache.kafka.common.telemetry.internals.ClientTelemetryReporter
2025-12-05 16:23:37 INFO  o.a.kafka.common.metrics.Metrics - Metrics reporters closed
2025-12-05 16:23:37 INFO  o.a.kafka.common.utils.AppInfoParser - App info kafka.consumer for consumer-normalizer-group-10 unregistered
2025-12-05 16:23:37 INFO  o.s.k.l.KafkaMessageListenerContainer - normalizer-group: Consumer stopped
2025-12-05 16:23:37 INFO  o.s.b.w.e.tomcat.GracefulShutdown - Commencing graceful shutdown. Waiting for active requests to complete
2025-12-05 16:23:37 INFO  o.a.coyote.http11.Http11NioProtocol - Pausing ProtocolHandler ["http-nio-8083"]
2025-12-05 16:23:37 INFO  o.s.b.w.e.tomcat.GracefulShutdown - Graceful shutdown complete
2025-12-05 16:23:37 INFO  o.a.coyote.http11.Http11NioProtocol - Stopping ProtocolHandler ["http-nio-8083"]
2025-12-05 16:23:37 INFO  o.s.o.j.LocalContainerEntityManagerFactoryBean - Closing JPA EntityManagerFactory for persistence unit 'default'
2025-12-05 16:23:37 INFO  com.zaxxer.hikari.HikariDataSource - HikariPool-5 - Shutdown initiated...
2025-12-05 16:23:38 INFO  com.zaxxer.hikari.HikariDataSource - HikariPool-5 - Shutdown completed.
2025-12-05 16:23:40 INFO  c.P.U.n.NormalizerServiceApplication - Starting NormalizerServiceApplication using Java 17.0.17 with PID 65 (/app/target/classes started by root in /app)
2025-12-05 16:23:40 INFO  c.P.U.n.NormalizerServiceApplication - No active profile set, falling back to 1 default profile: "default"
2025-12-05 16:23:47 INFO  o.s.d.r.c.RepositoryConfigurationDelegate - Bootstrapping Spring Data JPA repositories in DEFAULT mode.
2025-12-05 16:23:47 INFO  o.s.d.r.c.RepositoryConfigurationDelegate - Finished Spring Data repository scanning in 450 ms. Found 1 JPA repository interface.
2025-12-05 16:23:48 INFO  o.s.b.w.e.tomcat.TomcatWebServer - Tomcat initialized with port 8083 (http)
2025-12-05 16:23:48 INFO  o.a.coyote.http11.Http11NioProtocol - Initializing ProtocolHandler ["http-nio-8083"]
2025-12-05 16:23:48 INFO  o.a.catalina.core.StandardService - Starting service [Tomcat]
2025-12-05 16:23:48 INFO  o.a.catalina.core.StandardEngine - Starting Servlet engine: [Apache Tomcat/10.1.42]
2025-12-05 16:23:48 INFO  o.a.c.c.C.[Tomcat].[localhost].[/] - Initializing Spring embedded WebApplicationContext
2025-12-05 16:23:48 INFO  o.s.b.w.s.c.ServletWebServerApplicationContext - Root WebApplicationContext: initialization completed in 7828 ms
2025-12-05 16:23:49 INFO  o.h.jpa.internal.util.LogHelper - HHH000204: Processing PersistenceUnitInfo [name: default]
2025-12-05 16:23:49 INFO  o.h.c.i.RegionFactoryInitiator - HHH000026: Second-level cache disabled
2025-12-05 16:23:49 INFO  o.s.o.j.p.SpringPersistenceUnitInfo - No LoadTimeWeaver setup: ignoring JPA class transformer
2025-12-05 16:23:49 INFO  com.zaxxer.hikari.HikariDataSource - HikariPool-6 - Starting...
2025-12-05 16:23:49 INFO  com.zaxxer.hikari.pool.HikariPool - HikariPool-6 - Added connection org.postgresql.jdbc.PgConnection@3401d9f6
2025-12-05 16:23:49 INFO  com.zaxxer.hikari.HikariDataSource - HikariPool-6 - Start completed.
2025-12-05 16:23:49 WARN  org.hibernate.orm.deprecation - HHH90000025: PostgreSQLDialect does not need to be specified explicitly using 'hibernate.dialect' (remove the property setting and it will be selected by default)
2025-12-05 16:23:49 INFO  o.hibernate.orm.connections.pooling - HHH10001005: Database info:
	Database JDBC URL [Connecting through datasource 'HikariDataSource (HikariPool-6)']
	Database driver: undefined/unknown
	Database version: 15.13
	Autocommit mode: undefined/unknown
	Isolation level: undefined/unknown
	Minimum pool size: undefined/unknown
	Maximum pool size: undefined/unknown
2025-12-05 16:23:50 INFO  o.h.e.t.j.p.i.JtaPlatformInitiator - HHH000489: No JTA platform available (set 'hibernate.transaction.jta.platform' to enable JTA platform integration)
2025-12-05 16:23:50 INFO  o.s.o.j.LocalContainerEntityManagerFactoryBean - Initialized JPA EntityManagerFactory for persistence unit 'default'
2025-12-05 16:23:51 WARN  o.s.b.a.o.j.JpaBaseConfiguration$JpaWebConfiguration - spring.jpa.open-in-view is enabled by default. Therefore, database queries may be performed during view rendering. Explicitly configure spring.jpa.open-in-view to disable this warning
2025-12-05 16:23:51 INFO  o.s.b.d.a.OptionalLiveReloadServer - LiveReload server is running on port 35729
2025-12-05 16:23:51 INFO  o.a.coyote.http11.Http11NioProtocol - Starting ProtocolHandler ["http-nio-8083"]
2025-12-05 16:23:51 INFO  o.s.b.w.e.tomcat.TomcatWebServer - Tomcat started on port 8083 (http) with context path '/'
2025-12-05 16:23:51 INFO  o.a.k.c.consumer.ConsumerConfig - ConsumerConfig values: 
	allow.auto.create.topics = true
	auto.commit.interval.ms = 5000
	auto.include.jmx.reporter = true
	auto.offset.reset = latest
	bootstrap.servers = [kafka:9092]
	check.crcs = true
	client.dns.lookup = use_all_dns_ips
	client.id = consumer-normalizer-group-11
	client.rack = 
	connections.max.idle.ms = 540000
	default.api.timeout.ms = 60000
	enable.auto.commit = false
	enable.metrics.push = true
	exclude.internal.topics = true
	fetch.max.bytes = 52428800
	fetch.max.wait.ms = 500
	fetch.min.bytes = 1
	group.id = normalizer-group
	group.instance.id = null
	group.protocol = classic
	group.remote.assignor = null
	heartbeat.interval.ms = 3000
	interceptor.classes = []
	internal.leave.group.on.close = true
	internal.throw.on.fetch.stable.offset.unsupported = false
	isolation.level = read_uncommitted
	key.deserializer = class org.apache.kafka.common.serialization.StringDeserializer
	max.partition.fetch.bytes = 1048576
	max.poll.interval.ms = 300000
	max.poll.records = 500
	metadata.max.age.ms = 300000
	metadata.recovery.strategy = none
	metric.reporters = []
	metrics.num.samples = 2
	metrics.recording.level = INFO
	metrics.sample.window.ms = 30000
	partition.assignment.strategy = [class org.apache.kafka.clients.consumer.RangeAssignor, class org.apache.kafka.clients.consumer.CooperativeStickyAssignor]
	receive.buffer.bytes = 65536
	reconnect.backoff.max.ms = 1000
	reconnect.backoff.ms = 50
	request.timeout.ms = 30000
	retry.backoff.max.ms = 1000
	retry.backoff.ms = 100
	sasl.client.callback.handler.class = null
	sasl.jaas.config = null
	sasl.kerberos.kinit.cmd = /usr/bin/kinit
	sasl.kerberos.min.time.before.relogin = 60000
	sasl.kerberos.service.name = null
	sasl.kerberos.ticket.renew.jitter = 0.05
	sasl.kerberos.ticket.renew.window.factor = 0.8
	sasl.login.callback.handler.class = null
	sasl.login.class = null
	sasl.login.connect.timeout.ms = null
	sasl.login.read.timeout.ms = null
	sasl.login.refresh.buffer.seconds = 300
	sasl.login.refresh.min.period.seconds = 60
	sasl.login.refresh.window.factor = 0.8
	sasl.login.refresh.window.jitter = 0.05
	sasl.login.retry.backoff.max.ms = 10000
	sasl.login.retry.backoff.ms = 100
	sasl.mechanism = GSSAPI
	sasl.oauthbearer.clock.skew.seconds = 30
	sasl.oauthbearer.expected.audience = null
	sasl.oauthbearer.expected.issuer = null
	sasl.oauthbearer.header.urlencode = false
	sasl.oauthbearer.jwks.endpoint.refresh.ms = 3600000
	sasl.oauthbearer.jwks.endpoint.retry.backoff.max.ms = 10000
	sasl.oauthbearer.jwks.endpoint.retry.backoff.ms = 100
	sasl.oauthbearer.jwks.endpoint.url = null
	sasl.oauthbearer.scope.claim.name = scope
	sasl.oauthbearer.sub.claim.name = sub
	sasl.oauthbearer.token.endpoint.url = null
	security.protocol = PLAINTEXT
	security.providers = null
	send.buffer.bytes = 131072
	session.timeout.ms = 45000
	socket.connection.setup.timeout.max.ms = 30000
	socket.connection.setup.timeout.ms = 10000
	ssl.cipher.suites = null
	ssl.enabled.protocols = [TLSv1.2, TLSv1.3]
	ssl.endpoint.identification.algorithm = https
	ssl.engine.factory.class = null
	ssl.key.password = null
	ssl.keymanager.algorithm = SunX509
	ssl.keystore.certificate.chain = null
	ssl.keystore.key = null
	ssl.keystore.location = null
	ssl.keystore.password = null
	ssl.keystore.type = JKS
	ssl.protocol = TLSv1.3
	ssl.provider = null
	ssl.secure.random.implementation = null
	ssl.trustmanager.algorithm = PKIX
	ssl.truststore.certificates = null
	ssl.truststore.location = null
	ssl.truststore.password = null
	ssl.truststore.type = JKS
	value.deserializer = class org.springframework.kafka.support.serializer.JsonDeserializer

2025-12-05 16:23:51 INFO  o.a.k.c.t.i.KafkaMetricsCollector - initializing Kafka metrics collector
2025-12-05 16:23:51 INFO  o.a.kafka.common.utils.AppInfoParser - Kafka version: 3.9.1
2025-12-05 16:23:51 INFO  o.a.kafka.common.utils.AppInfoParser - Kafka commitId: f745dfdcee2b9851
2025-12-05 16:23:51 INFO  o.a.kafka.common.utils.AppInfoParser - Kafka startTimeMs: 1764951831941
2025-12-05 16:23:51 INFO  o.a.k.c.c.i.ClassicKafkaConsumer - [Consumer clientId=consumer-normalizer-group-11, groupId=normalizer-group] Subscribed to topic(s): transactions
2025-12-05 16:23:51 INFO  o.a.k.c.consumer.ConsumerConfig - ConsumerConfig values: 
	allow.auto.create.topics = true
	auto.commit.interval.ms = 5000
	auto.include.jmx.reporter = true
	auto.offset.reset = latest
	bootstrap.servers = [kafka:9092]
	check.crcs = true
	client.dns.lookup = use_all_dns_ips
	client.id = consumer-normalizer-group-12
	client.rack = 
	connections.max.idle.ms = 540000
	default.api.timeout.ms = 60000
	enable.auto.commit = false
	enable.metrics.push = true
	exclude.internal.topics = true
	fetch.max.bytes = 52428800
	fetch.max.wait.ms = 500
	fetch.min.bytes = 1
	group.id = normalizer-group
	group.instance.id = null
	group.protocol = classic
	group.remote.assignor = null
	heartbeat.interval.ms = 3000
	interceptor.classes = []
	internal.leave.group.on.close = true
	internal.throw.on.fetch.stable.offset.unsupported = false
	isolation.level = read_uncommitted
	key.deserializer = class org.apache.kafka.common.serialization.StringDeserializer
	max.partition.fetch.bytes = 1048576
	max.poll.interval.ms = 300000
	max.poll.records = 500
	metadata.max.age.ms = 300000
	metadata.recovery.strategy = none
	metric.reporters = []
	metrics.num.samples = 2
	metrics.recording.level = INFO
	metrics.sample.window.ms = 30000
	partition.assignment.strategy = [class org.apache.kafka.clients.consumer.RangeAssignor, class org.apache.kafka.clients.consumer.CooperativeStickyAssignor]
	receive.buffer.bytes = 65536
	reconnect.backoff.max.ms = 1000
	reconnect.backoff.ms = 50
	request.timeout.ms = 30000
	retry.backoff.max.ms = 1000
	retry.backoff.ms = 100
	sasl.client.callback.handler.class = null
	sasl.jaas.config = null
	sasl.kerberos.kinit.cmd = /usr/bin/kinit
	sasl.kerberos.min.time.before.relogin = 60000
	sasl.kerberos.service.name = null
	sasl.kerberos.ticket.renew.jitter = 0.05
	sasl.kerberos.ticket.renew.window.factor = 0.8
	sasl.login.callback.handler.class = null
	sasl.login.class = null
	sasl.login.connect.timeout.ms = null
	sasl.login.read.timeout.ms = null
	sasl.login.refresh.buffer.seconds = 300
	sasl.login.refresh.min.period.seconds = 60
	sasl.login.refresh.window.factor = 0.8
	sasl.login.refresh.window.jitter = 0.05
	sasl.login.retry.backoff.max.ms = 10000
	sasl.login.retry.backoff.ms = 100
	sasl.mechanism = GSSAPI
	sasl.oauthbearer.clock.skew.seconds = 30
	sasl.oauthbearer.expected.audience = null
	sasl.oauthbearer.expected.issuer = null
	sasl.oauthbearer.header.urlencode = false
	sasl.oauthbearer.jwks.endpoint.refresh.ms = 3600000
	sasl.oauthbearer.jwks.endpoint.retry.backoff.max.ms = 10000
	sasl.oauthbearer.jwks.endpoint.retry.backoff.ms = 100
	sasl.oauthbearer.jwks.endpoint.url = null
	sasl.oauthbearer.scope.claim.name = scope
	sasl.oauthbearer.sub.claim.name = sub
	sasl.oauthbearer.token.endpoint.url = null
	security.protocol = PLAINTEXT
	security.providers = null
	send.buffer.bytes = 131072
	session.timeout.ms = 45000
	socket.connection.setup.timeout.max.ms = 30000
	socket.connection.setup.timeout.ms = 10000
	ssl.cipher.suites = null
	ssl.enabled.protocols = [TLSv1.2, TLSv1.3]
	ssl.endpoint.identification.algorithm = https
	ssl.engine.factory.class = null
	ssl.key.password = null
	ssl.keymanager.algorithm = SunX509
	ssl.keystore.certificate.chain = null
	ssl.keystore.key = null
	ssl.keystore.location = null
	ssl.keystore.password = null
	ssl.keystore.type = JKS
	ssl.protocol = TLSv1.3
	ssl.provider = null
	ssl.secure.random.implementation = null
	ssl.trustmanager.algorithm = PKIX
	ssl.truststore.certificates = null
	ssl.truststore.location = null
	ssl.truststore.password = null
	ssl.truststore.type = JKS
	value.deserializer = class org.springframework.kafka.support.serializer.JsonDeserializer

2025-12-05 16:23:51 INFO  o.a.k.c.t.i.KafkaMetricsCollector - initializing Kafka metrics collector
2025-12-05 16:23:51 INFO  o.a.kafka.common.utils.AppInfoParser - Kafka version: 3.9.1
2025-12-05 16:23:51 INFO  o.a.kafka.common.utils.AppInfoParser - Kafka commitId: f745dfdcee2b9851
2025-12-05 16:23:51 INFO  o.a.kafka.common.utils.AppInfoParser - Kafka startTimeMs: 1764951831987
2025-12-05 16:23:51 INFO  o.a.k.c.c.i.ClassicKafkaConsumer - [Consumer clientId=consumer-normalizer-group-12, groupId=normalizer-group] Subscribed to topic(s): raw-transactions
2025-12-05 16:23:52 INFO  org.apache.kafka.clients.Metadata - [Consumer clientId=consumer-normalizer-group-11, groupId=normalizer-group] Cluster ID: -Ev3b8JLS_uTHl36QpBdMw
2025-12-05 16:23:52 INFO  o.a.k.c.c.i.ConsumerCoordinator - [Consumer clientId=consumer-normalizer-group-11, groupId=normalizer-group] Discovered group coordinator kafka:9092 (id: 2147483646 rack: null)
2025-12-05 16:23:52 INFO  o.a.k.c.c.i.ConsumerCoordinator - [Consumer clientId=consumer-normalizer-group-11, groupId=normalizer-group] (Re-)joining group
2025-12-05 16:23:52 INFO  c.P.U.n.NormalizerServiceApplication - Started NormalizerServiceApplication in 12.761 seconds (process running for 1637.596)
2025-12-05 16:23:52 INFO  org.apache.kafka.clients.Metadata - [Consumer clientId=consumer-normalizer-group-12, groupId=normalizer-group] Cluster ID: -Ev3b8JLS_uTHl36QpBdMw
2025-12-05 16:23:52 INFO  o.s.b.d.a.ConditionEvaluationDeltaLoggingListener - Condition evaluation unchanged
2025-12-05 16:23:52 INFO  o.a.k.c.c.i.ConsumerCoordinator - [Consumer clientId=consumer-normalizer-group-12, groupId=normalizer-group] Discovered group coordinator kafka:9092 (id: 2147483646 rack: null)
2025-12-05 16:23:52 INFO  o.a.k.c.c.i.ConsumerCoordinator - [Consumer clientId=consumer-normalizer-group-12, groupId=normalizer-group] (Re-)joining group
2025-12-05 16:23:52 INFO  o.a.k.c.c.i.ConsumerCoordinator - [Consumer clientId=consumer-normalizer-group-11, groupId=normalizer-group] Request joining group due to: need to re-join with the given member-id: consumer-normalizer-group-11-d386de18-c012-4fbf-8865-2d6e8169655b
2025-12-05 16:23:52 INFO  o.a.k.c.c.i.ConsumerCoordinator - [Consumer clientId=consumer-normalizer-group-11, groupId=normalizer-group] (Re-)joining group
2025-12-05 16:23:52 INFO  o.a.k.c.c.i.ConsumerCoordinator - [Consumer clientId=consumer-normalizer-group-12, groupId=normalizer-group] Request joining group due to: need to re-join with the given member-id: consumer-normalizer-group-12-16aff185-3b30-423f-9081-6d96c997b7df
2025-12-05 16:23:52 INFO  o.a.k.c.c.i.ConsumerCoordinator - [Consumer clientId=consumer-normalizer-group-12, groupId=normalizer-group] (Re-)joining group
2025-12-05 16:23:55 INFO  o.a.k.c.c.i.ConsumerCoordinator - [Consumer clientId=consumer-normalizer-group-12, groupId=normalizer-group] Successfully joined group with generation Generation{generationId=13, memberId='consumer-normalizer-group-12-16aff185-3b30-423f-9081-6d96c997b7df', protocol='range'}
2025-12-05 16:23:55 INFO  o.a.k.c.c.i.ConsumerCoordinator - [Consumer clientId=consumer-normalizer-group-11, groupId=normalizer-group] Successfully joined group with generation Generation{generationId=13, memberId='consumer-normalizer-group-11-d386de18-c012-4fbf-8865-2d6e8169655b', protocol='range'}
2025-12-05 16:23:55 INFO  o.a.k.c.c.i.ConsumerCoordinator - [Consumer clientId=consumer-normalizer-group-11, groupId=normalizer-group] Finished assignment for group at generation 13: {consumer-normalizer-group-12-16aff185-3b30-423f-9081-6d96c997b7df=Assignment(partitions=[raw-transactions-0]), consumer-normalizer-group-11-d386de18-c012-4fbf-8865-2d6e8169655b=Assignment(partitions=[transactions-0])}
2025-12-05 16:23:55 INFO  o.a.k.c.c.i.ConsumerCoordinator - [Consumer clientId=consumer-normalizer-group-12, groupId=normalizer-group] Successfully synced group in generation Generation{generationId=13, memberId='consumer-normalizer-group-12-16aff185-3b30-423f-9081-6d96c997b7df', protocol='range'}
2025-12-05 16:23:55 INFO  o.a.k.c.c.i.ConsumerCoordinator - [Consumer clientId=consumer-normalizer-group-11, groupId=normalizer-group] Successfully synced group in generation Generation{generationId=13, memberId='consumer-normalizer-group-11-d386de18-c012-4fbf-8865-2d6e8169655b', protocol='range'}
2025-12-05 16:23:55 INFO  o.a.k.c.c.i.ConsumerCoordinator - [Consumer clientId=consumer-normalizer-group-11, groupId=normalizer-group] Notifying assignor about the new Assignment(partitions=[transactions-0])
2025-12-05 16:23:55 INFO  o.a.k.c.c.i.ConsumerRebalanceListenerInvoker - [Consumer clientId=consumer-normalizer-group-11, groupId=normalizer-group] Adding newly assigned partitions: transactions-0
2025-12-05 16:23:55 INFO  o.a.k.c.c.i.ConsumerCoordinator - [Consumer clientId=consumer-normalizer-group-12, groupId=normalizer-group] Notifying assignor about the new Assignment(partitions=[raw-transactions-0])
2025-12-05 16:23:55 INFO  o.a.k.c.c.i.ConsumerRebalanceListenerInvoker - [Consumer clientId=consumer-normalizer-group-12, groupId=normalizer-group] Adding newly assigned partitions: raw-transactions-0
2025-12-05 16:23:55 INFO  o.a.k.c.c.internals.ConsumerUtils - Setting offset for partition raw-transactions-0 to the committed offset FetchPosition{offset=3, offsetEpoch=Optional.empty, currentLeader=LeaderAndEpoch{leader=Optional[kafka:9092 (id: 1 rack: null)], epoch=0}}
2025-12-05 16:23:55 INFO  o.a.k.c.c.internals.ConsumerUtils - Setting offset for partition transactions-0 to the committed offset FetchPosition{offset=0, offsetEpoch=Optional.empty, currentLeader=LeaderAndEpoch{leader=Optional[kafka:9092 (id: 1 rack: null)], epoch=0}}
2025-12-05 16:23:55 INFO  o.s.k.l.KafkaMessageListenerContainer - normalizer-group: partitions assigned: [transactions-0]
2025-12-05 16:23:55 INFO  o.s.k.l.KafkaMessageListenerContainer - normalizer-group: partitions assigned: [raw-transactions-0]
2025-12-05 16:23:56 INFO  o.s.b.d.a.LocalDevToolsAutoConfiguration$RestartingClassPathChangeChangedEventListener - Restarting due to 1 class path change (0 additions, 0 deletions, 1 modification)
2025-12-05 16:23:56 INFO  o.a.k.c.c.i.ConsumerRebalanceListenerInvoker - [Consumer clientId=consumer-normalizer-group-11, groupId=normalizer-group] Revoke previously assigned partitions transactions-0
2025-12-05 16:23:56 INFO  o.a.k.c.c.i.ConsumerRebalanceListenerInvoker - [Consumer clientId=consumer-normalizer-group-12, groupId=normalizer-group] Revoke previously assigned partitions raw-transactions-0
2025-12-05 16:23:56 INFO  o.s.k.l.KafkaMessageListenerContainer - normalizer-group: partitions revoked: [raw-transactions-0]
2025-12-05 16:23:56 INFO  o.s.k.l.KafkaMessageListenerContainer - normalizer-group: partitions revoked: [transactions-0]
2025-12-05 16:23:56 INFO  o.a.k.c.c.i.ConsumerCoordinator - [Consumer clientId=consumer-normalizer-group-12, groupId=normalizer-group] Member consumer-normalizer-group-12-16aff185-3b30-423f-9081-6d96c997b7df sending LeaveGroup request to coordinator kafka:9092 (id: 2147483646 rack: null) due to the consumer unsubscribed from all topics
2025-12-05 16:23:56 INFO  o.a.k.c.c.i.ConsumerCoordinator - [Consumer clientId=consumer-normalizer-group-11, groupId=normalizer-group] Member consumer-normalizer-group-11-d386de18-c012-4fbf-8865-2d6e8169655b sending LeaveGroup request to coordinator kafka:9092 (id: 2147483646 rack: null) due to the consumer unsubscribed from all topics
2025-12-05 16:23:56 INFO  o.a.k.c.c.i.ConsumerCoordinator - [Consumer clientId=consumer-normalizer-group-12, groupId=normalizer-group] Resetting generation and member id due to: consumer pro-actively leaving the group
2025-12-05 16:23:56 INFO  o.a.k.c.c.i.ConsumerCoordinator - [Consumer clientId=consumer-normalizer-group-12, groupId=normalizer-group] Request joining group due to: consumer pro-actively leaving the group
2025-12-05 16:23:56 INFO  o.a.k.c.c.i.ConsumerCoordinator - [Consumer clientId=consumer-normalizer-group-11, groupId=normalizer-group] Resetting generation and member id due to: consumer pro-actively leaving the group
2025-12-05 16:23:56 INFO  o.a.k.c.c.i.ClassicKafkaConsumer - [Consumer clientId=consumer-normalizer-group-12, groupId=normalizer-group] Unsubscribed all topics or patterns and assigned partitions
2025-12-05 16:23:56 INFO  o.a.k.c.c.i.ConsumerCoordinator - [Consumer clientId=consumer-normalizer-group-11, groupId=normalizer-group] Request joining group due to: consumer pro-actively leaving the group
2025-12-05 16:23:56 INFO  o.a.k.c.c.i.ConsumerCoordinator - [Consumer clientId=consumer-normalizer-group-12, groupId=normalizer-group] Resetting generation and member id due to: consumer pro-actively leaving the group
2025-12-05 16:23:56 INFO  o.a.k.c.c.i.ClassicKafkaConsumer - [Consumer clientId=consumer-normalizer-group-11, groupId=normalizer-group] Unsubscribed all topics or patterns and assigned partitions
2025-12-05 16:23:56 INFO  o.a.k.c.c.i.ConsumerCoordinator - [Consumer clientId=consumer-normalizer-group-12, groupId=normalizer-group] Request joining group due to: consumer pro-actively leaving the group
2025-12-05 16:23:56 INFO  o.a.k.c.c.i.ConsumerCoordinator - [Consumer clientId=consumer-normalizer-group-11, groupId=normalizer-group] Resetting generation and member id due to: consumer pro-actively leaving the group
2025-12-05 16:23:56 INFO  o.a.k.c.c.i.ConsumerCoordinator - [Consumer clientId=consumer-normalizer-group-11, groupId=normalizer-group] Request joining group due to: consumer pro-actively leaving the group
2025-12-05 16:23:56 INFO  o.a.kafka.common.metrics.Metrics - Metrics scheduler closed
2025-12-05 16:23:56 INFO  o.a.kafka.common.metrics.Metrics - Closing reporter org.apache.kafka.common.metrics.JmxReporter
2025-12-05 16:23:56 INFO  o.a.kafka.common.metrics.Metrics - Closing reporter org.apache.kafka.common.telemetry.internals.ClientTelemetryReporter
2025-12-05 16:23:56 INFO  o.a.kafka.common.metrics.Metrics - Metrics reporters closed
2025-12-05 16:23:56 INFO  o.a.kafka.common.utils.AppInfoParser - App info kafka.consumer for consumer-normalizer-group-11 unregistered
2025-12-05 16:23:56 INFO  o.s.k.l.KafkaMessageListenerContainer - normalizer-group: Consumer stopped
2025-12-05 16:23:56 INFO  o.a.kafka.common.metrics.Metrics - Metrics scheduler closed
2025-12-05 16:23:56 INFO  o.a.kafka.common.metrics.Metrics - Closing reporter org.apache.kafka.common.metrics.JmxReporter
2025-12-05 16:23:56 INFO  o.a.kafka.common.metrics.Metrics - Closing reporter org.apache.kafka.common.telemetry.internals.ClientTelemetryReporter
2025-12-05 16:23:56 INFO  o.a.kafka.common.metrics.Metrics - Metrics reporters closed
2025-12-05 16:23:56 INFO  o.a.kafka.common.utils.AppInfoParser - App info kafka.consumer for consumer-normalizer-group-12 unregistered
2025-12-05 16:23:56 INFO  o.s.k.l.KafkaMessageListenerContainer - normalizer-group: Consumer stopped
2025-12-05 16:23:56 INFO  o.s.b.w.e.tomcat.GracefulShutdown - Commencing graceful shutdown. Waiting for active requests to complete
2025-12-05 16:23:56 INFO  o.a.coyote.http11.Http11NioProtocol - Pausing ProtocolHandler ["http-nio-8083"]
2025-12-05 16:23:56 INFO  o.s.b.w.e.tomcat.GracefulShutdown - Graceful shutdown complete
2025-12-05 16:23:56 INFO  o.a.coyote.http11.Http11NioProtocol - Stopping ProtocolHandler ["http-nio-8083"]
2025-12-05 16:23:56 INFO  o.s.o.j.LocalContainerEntityManagerFactoryBean - Closing JPA EntityManagerFactory for persistence unit 'default'
2025-12-05 16:23:56 INFO  com.zaxxer.hikari.HikariDataSource - HikariPool-6 - Shutdown initiated...
2025-12-05 16:23:57 INFO  com.zaxxer.hikari.HikariDataSource - HikariPool-6 - Shutdown completed.
2025-12-05 16:23:57 INFO  c.P.U.n.NormalizerServiceApplication - Starting NormalizerServiceApplication using Java 17.0.17 with PID 65 (/app/target/classes started by root in /app)
2025-12-05 16:23:57 INFO  c.P.U.n.NormalizerServiceApplication - No active profile set, falling back to 1 default profile: "default"
2025-12-05 16:24:05 INFO  o.s.d.r.c.RepositoryConfigurationDelegate - Bootstrapping Spring Data JPA repositories in DEFAULT mode.
2025-12-05 16:24:06 INFO  o.s.d.r.c.RepositoryConfigurationDelegate - Finished Spring Data repository scanning in 800 ms. Found 1 JPA repository interface.
2025-12-05 16:24:08 INFO  o.s.b.w.e.tomcat.TomcatWebServer - Tomcat initialized with port 8083 (http)
2025-12-05 16:24:08 INFO  o.a.coyote.http11.Http11NioProtocol - Initializing ProtocolHandler ["http-nio-8083"]
2025-12-05 16:24:08 INFO  o.a.catalina.core.StandardService - Starting service [Tomcat]
2025-12-05 16:24:08 INFO  o.a.catalina.core.StandardEngine - Starting Servlet engine: [Apache Tomcat/10.1.42]
2025-12-05 16:24:08 INFO  o.a.c.c.C.[Tomcat].[localhost].[/] - Initializing Spring embedded WebApplicationContext
2025-12-05 16:24:08 INFO  o.s.b.w.s.c.ServletWebServerApplicationContext - Root WebApplicationContext: initialization completed in 10748 ms
2025-12-05 16:24:09 INFO  o.h.jpa.internal.util.LogHelper - HHH000204: Processing PersistenceUnitInfo [name: default]
2025-12-05 16:24:09 INFO  o.h.c.i.RegionFactoryInitiator - HHH000026: Second-level cache disabled
2025-12-05 16:24:09 INFO  o.s.o.j.p.SpringPersistenceUnitInfo - No LoadTimeWeaver setup: ignoring JPA class transformer
2025-12-05 16:24:09 INFO  com.zaxxer.hikari.HikariDataSource - HikariPool-7 - Starting...
2025-12-05 16:24:09 INFO  com.zaxxer.hikari.pool.HikariPool - HikariPool-7 - Added connection org.postgresql.jdbc.PgConnection@71ed3618
2025-12-05 16:24:09 INFO  com.zaxxer.hikari.HikariDataSource - HikariPool-7 - Start completed.
2025-12-05 16:24:09 WARN  org.hibernate.orm.deprecation - HHH90000025: PostgreSQLDialect does not need to be specified explicitly using 'hibernate.dialect' (remove the property setting and it will be selected by default)
2025-12-05 16:24:09 INFO  o.hibernate.orm.connections.pooling - HHH10001005: Database info:
	Database JDBC URL [Connecting through datasource 'HikariDataSource (HikariPool-7)']
	Database driver: undefined/unknown
	Database version: 15.13
	Autocommit mode: undefined/unknown
	Isolation level: undefined/unknown
	Minimum pool size: undefined/unknown
	Maximum pool size: undefined/unknown
2025-12-05 16:24:10 INFO  o.h.e.t.j.p.i.JtaPlatformInitiator - HHH000489: No JTA platform available (set 'hibernate.transaction.jta.platform' to enable JTA platform integration)
2025-12-05 16:24:10 INFO  o.s.o.j.LocalContainerEntityManagerFactoryBean - Initialized JPA EntityManagerFactory for persistence unit 'default'
2025-12-05 16:24:11 WARN  o.s.b.a.o.j.JpaBaseConfiguration$JpaWebConfiguration - spring.jpa.open-in-view is enabled by default. Therefore, database queries may be performed during view rendering. Explicitly configure spring.jpa.open-in-view to disable this warning
2025-12-05 16:24:12 INFO  o.s.b.d.a.OptionalLiveReloadServer - LiveReload server is running on port 35729
2025-12-05 16:24:12 INFO  o.a.coyote.http11.Http11NioProtocol - Starting ProtocolHandler ["http-nio-8083"]
2025-12-05 16:24:12 INFO  o.s.b.w.e.tomcat.TomcatWebServer - Tomcat started on port 8083 (http) with context path '/'
2025-12-05 16:24:12 INFO  o.a.k.c.consumer.ConsumerConfig - ConsumerConfig values: 
	allow.auto.create.topics = true
	auto.commit.interval.ms = 5000
	auto.include.jmx.reporter = true
	auto.offset.reset = latest
	bootstrap.servers = [kafka:9092]
	check.crcs = true
	client.dns.lookup = use_all_dns_ips
	client.id = consumer-normalizer-group-13
	client.rack = 
	connections.max.idle.ms = 540000
	default.api.timeout.ms = 60000
	enable.auto.commit = false
	enable.metrics.push = true
	exclude.internal.topics = true
	fetch.max.bytes = 52428800
	fetch.max.wait.ms = 500
	fetch.min.bytes = 1
	group.id = normalizer-group
	group.instance.id = null
	group.protocol = classic
	group.remote.assignor = null
	heartbeat.interval.ms = 3000
	interceptor.classes = []
	internal.leave.group.on.close = true
	internal.throw.on.fetch.stable.offset.unsupported = false
	isolation.level = read_uncommitted
	key.deserializer = class org.apache.kafka.common.serialization.StringDeserializer
	max.partition.fetch.bytes = 1048576
	max.poll.interval.ms = 300000
	max.poll.records = 500
	metadata.max.age.ms = 300000
	metadata.recovery.strategy = none
	metric.reporters = []
	metrics.num.samples = 2
	metrics.recording.level = INFO
	metrics.sample.window.ms = 30000
	partition.assignment.strategy = [class org.apache.kafka.clients.consumer.RangeAssignor, class org.apache.kafka.clients.consumer.CooperativeStickyAssignor]
	receive.buffer.bytes = 65536
	reconnect.backoff.max.ms = 1000
	reconnect.backoff.ms = 50
	request.timeout.ms = 30000
	retry.backoff.max.ms = 1000
	retry.backoff.ms = 100
	sasl.client.callback.handler.class = null
	sasl.jaas.config = null
	sasl.kerberos.kinit.cmd = /usr/bin/kinit
	sasl.kerberos.min.time.before.relogin = 60000
	sasl.kerberos.service.name = null
	sasl.kerberos.ticket.renew.jitter = 0.05
	sasl.kerberos.ticket.renew.window.factor = 0.8
	sasl.login.callback.handler.class = null
	sasl.login.class = null
	sasl.login.connect.timeout.ms = null
	sasl.login.read.timeout.ms = null
	sasl.login.refresh.buffer.seconds = 300
	sasl.login.refresh.min.period.seconds = 60
	sasl.login.refresh.window.factor = 0.8
	sasl.login.refresh.window.jitter = 0.05
	sasl.login.retry.backoff.max.ms = 10000
	sasl.login.retry.backoff.ms = 100
	sasl.mechanism = GSSAPI
	sasl.oauthbearer.clock.skew.seconds = 30
	sasl.oauthbearer.expected.audience = null
	sasl.oauthbearer.expected.issuer = null
	sasl.oauthbearer.header.urlencode = false
	sasl.oauthbearer.jwks.endpoint.refresh.ms = 3600000
	sasl.oauthbearer.jwks.endpoint.retry.backoff.max.ms = 10000
	sasl.oauthbearer.jwks.endpoint.retry.backoff.ms = 100
	sasl.oauthbearer.jwks.endpoint.url = null
	sasl.oauthbearer.scope.claim.name = scope
	sasl.oauthbearer.sub.claim.name = sub
	sasl.oauthbearer.token.endpoint.url = null
	security.protocol = PLAINTEXT
	security.providers = null
	send.buffer.bytes = 131072
	session.timeout.ms = 45000
	socket.connection.setup.timeout.max.ms = 30000
	socket.connection.setup.timeout.ms = 10000
	ssl.cipher.suites = null
	ssl.enabled.protocols = [TLSv1.2, TLSv1.3]
	ssl.endpoint.identification.algorithm = https
	ssl.engine.factory.class = null
	ssl.key.password = null
	ssl.keymanager.algorithm = SunX509
	ssl.keystore.certificate.chain = null
	ssl.keystore.key = null
	ssl.keystore.location = null
	ssl.keystore.password = null
	ssl.keystore.type = JKS
	ssl.protocol = TLSv1.3
	ssl.provider = null
	ssl.secure.random.implementation = null
	ssl.trustmanager.algorithm = PKIX
	ssl.truststore.certificates = null
	ssl.truststore.location = null
	ssl.truststore.password = null
	ssl.truststore.type = JKS
	value.deserializer = class org.springframework.kafka.support.serializer.JsonDeserializer

2025-12-05 16:24:12 INFO  o.a.k.c.t.i.KafkaMetricsCollector - initializing Kafka metrics collector
2025-12-05 16:24:12 INFO  o.a.kafka.common.utils.AppInfoParser - Kafka version: 3.9.1
2025-12-05 16:24:12 INFO  o.a.kafka.common.utils.AppInfoParser - Kafka commitId: f745dfdcee2b9851
2025-12-05 16:24:12 INFO  o.a.kafka.common.utils.AppInfoParser - Kafka startTimeMs: 1764951852385
2025-12-05 16:24:12 INFO  o.a.k.c.c.i.ClassicKafkaConsumer - [Consumer clientId=consumer-normalizer-group-13, groupId=normalizer-group] Subscribed to topic(s): transactions
2025-12-05 16:24:12 INFO  o.a.k.c.consumer.ConsumerConfig - ConsumerConfig values: 
	allow.auto.create.topics = true
	auto.commit.interval.ms = 5000
	auto.include.jmx.reporter = true
	auto.offset.reset = latest
	bootstrap.servers = [kafka:9092]
	check.crcs = true
	client.dns.lookup = use_all_dns_ips
	client.id = consumer-normalizer-group-14
	client.rack = 
	connections.max.idle.ms = 540000
	default.api.timeout.ms = 60000
	enable.auto.commit = false
	enable.metrics.push = true
	exclude.internal.topics = true
	fetch.max.bytes = 52428800
	fetch.max.wait.ms = 500
	fetch.min.bytes = 1
	group.id = normalizer-group
	group.instance.id = null
	group.protocol = classic
	group.remote.assignor = null
	heartbeat.interval.ms = 3000
	interceptor.classes = []
	internal.leave.group.on.close = true
	internal.throw.on.fetch.stable.offset.unsupported = false
	isolation.level = read_uncommitted
	key.deserializer = class org.apache.kafka.common.serialization.StringDeserializer
	max.partition.fetch.bytes = 1048576
	max.poll.interval.ms = 300000
	max.poll.records = 500
	metadata.max.age.ms = 300000
	metadata.recovery.strategy = none
	metric.reporters = []
	metrics.num.samples = 2
	metrics.recording.level = INFO
	metrics.sample.window.ms = 30000
	partition.assignment.strategy = [class org.apache.kafka.clients.consumer.RangeAssignor, class org.apache.kafka.clients.consumer.CooperativeStickyAssignor]
	receive.buffer.bytes = 65536
	reconnect.backoff.max.ms = 1000
	reconnect.backoff.ms = 50
	request.timeout.ms = 30000
	retry.backoff.max.ms = 1000
	retry.backoff.ms = 100
	sasl.client.callback.handler.class = null
	sasl.jaas.config = null
	sasl.kerberos.kinit.cmd = /usr/bin/kinit
	sasl.kerberos.min.time.before.relogin = 60000
	sasl.kerberos.service.name = null
	sasl.kerberos.ticket.renew.jitter = 0.05
	sasl.kerberos.ticket.renew.window.factor = 0.8
	sasl.login.callback.handler.class = null
	sasl.login.class = null
	sasl.login.connect.timeout.ms = null
	sasl.login.read.timeout.ms = null
	sasl.login.refresh.buffer.seconds = 300
	sasl.login.refresh.min.period.seconds = 60
	sasl.login.refresh.window.factor = 0.8
	sasl.login.refresh.window.jitter = 0.05
	sasl.login.retry.backoff.max.ms = 10000
	sasl.login.retry.backoff.ms = 100
	sasl.mechanism = GSSAPI
	sasl.oauthbearer.clock.skew.seconds = 30
	sasl.oauthbearer.expected.audience = null
	sasl.oauthbearer.expected.issuer = null
	sasl.oauthbearer.header.urlencode = false
	sasl.oauthbearer.jwks.endpoint.refresh.ms = 3600000
	sasl.oauthbearer.jwks.endpoint.retry.backoff.max.ms = 10000
	sasl.oauthbearer.jwks.endpoint.retry.backoff.ms = 100
	sasl.oauthbearer.jwks.endpoint.url = null
	sasl.oauthbearer.scope.claim.name = scope
	sasl.oauthbearer.sub.claim.name = sub
	sasl.oauthbearer.token.endpoint.url = null
	security.protocol = PLAINTEXT
	security.providers = null
	send.buffer.bytes = 131072
	session.timeout.ms = 45000
	socket.connection.setup.timeout.max.ms = 30000
	socket.connection.setup.timeout.ms = 10000
	ssl.cipher.suites = null
	ssl.enabled.protocols = [TLSv1.2, TLSv1.3]
	ssl.endpoint.identification.algorithm = https
	ssl.engine.factory.class = null
	ssl.key.password = null
	ssl.keymanager.algorithm = SunX509
	ssl.keystore.certificate.chain = null
	ssl.keystore.key = null
	ssl.keystore.location = null
	ssl.keystore.password = null
	ssl.keystore.type = JKS
	ssl.protocol = TLSv1.3
	ssl.provider = null
	ssl.secure.random.implementation = null
	ssl.trustmanager.algorithm = PKIX
	ssl.truststore.certificates = null
	ssl.truststore.location = null
	ssl.truststore.password = null
	ssl.truststore.type = JKS
	value.deserializer = class org.springframework.kafka.support.serializer.JsonDeserializer

2025-12-05 16:24:12 INFO  o.a.k.c.t.i.KafkaMetricsCollector - initializing Kafka metrics collector
2025-12-05 16:24:12 INFO  org.apache.kafka.clients.Metadata - [Consumer clientId=consumer-normalizer-group-13, groupId=normalizer-group] Cluster ID: -Ev3b8JLS_uTHl36QpBdMw
2025-12-05 16:24:12 INFO  o.a.k.c.c.i.ConsumerCoordinator - [Consumer clientId=consumer-normalizer-group-13, groupId=normalizer-group] Discovered group coordinator kafka:9092 (id: 2147483646 rack: null)
2025-12-05 16:24:12 INFO  o.a.kafka.common.utils.AppInfoParser - Kafka version: 3.9.1
2025-12-05 16:24:12 INFO  o.a.kafka.common.utils.AppInfoParser - Kafka commitId: f745dfdcee2b9851
2025-12-05 16:24:12 INFO  o.a.kafka.common.utils.AppInfoParser - Kafka startTimeMs: 1764951852438
2025-12-05 16:24:12 INFO  o.a.k.c.c.i.ClassicKafkaConsumer - [Consumer clientId=consumer-normalizer-group-14, groupId=normalizer-group] Subscribed to topic(s): raw-transactions
2025-12-05 16:24:12 INFO  o.a.k.c.c.i.ConsumerCoordinator - [Consumer clientId=consumer-normalizer-group-13, groupId=normalizer-group] (Re-)joining group
2025-12-05 16:24:12 INFO  o.a.k.c.c.i.ConsumerCoordinator - [Consumer clientId=consumer-normalizer-group-13, groupId=normalizer-group] Request joining group due to: need to re-join with the given member-id: consumer-normalizer-group-13-7b13c7a1-0c4a-4444-b07c-05cb9480ae41
2025-12-05 16:24:12 INFO  o.a.k.c.c.i.ConsumerCoordinator - [Consumer clientId=consumer-normalizer-group-13, groupId=normalizer-group] (Re-)joining group
2025-12-05 16:24:12 INFO  c.P.U.n.NormalizerServiceApplication - Started NormalizerServiceApplication in 15.179 seconds (process running for 1658.056)
2025-12-05 16:24:12 INFO  o.s.b.d.a.ConditionEvaluationDeltaLoggingListener - Condition evaluation unchanged
2025-12-05 16:24:12 INFO  org.apache.kafka.clients.Metadata - [Consumer clientId=consumer-normalizer-group-14, groupId=normalizer-group] Cluster ID: -Ev3b8JLS_uTHl36QpBdMw
2025-12-05 16:24:12 INFO  o.a.k.c.c.i.ConsumerCoordinator - [Consumer clientId=consumer-normalizer-group-14, groupId=normalizer-group] Discovered group coordinator kafka:9092 (id: 2147483646 rack: null)
2025-12-05 16:24:12 INFO  o.a.k.c.c.i.ConsumerCoordinator - [Consumer clientId=consumer-normalizer-group-14, groupId=normalizer-group] (Re-)joining group
2025-12-05 16:24:12 INFO  o.a.k.c.c.i.ConsumerCoordinator - [Consumer clientId=consumer-normalizer-group-14, groupId=normalizer-group] Request joining group due to: need to re-join with the given member-id: consumer-normalizer-group-14-20a02e89-df7d-474d-9f49-1b80f633a98d
2025-12-05 16:24:12 INFO  o.a.k.c.c.i.ConsumerCoordinator - [Consumer clientId=consumer-normalizer-group-14, groupId=normalizer-group] (Re-)joining group
2025-12-05 16:24:15 INFO  o.a.k.c.c.i.ConsumerCoordinator - [Consumer clientId=consumer-normalizer-group-14, groupId=normalizer-group] Successfully joined group with generation Generation{generationId=15, memberId='consumer-normalizer-group-14-20a02e89-df7d-474d-9f49-1b80f633a98d', protocol='range'}
2025-12-05 16:24:15 INFO  o.a.k.c.c.i.ConsumerCoordinator - [Consumer clientId=consumer-normalizer-group-13, groupId=normalizer-group] Successfully joined group with generation Generation{generationId=15, memberId='consumer-normalizer-group-13-7b13c7a1-0c4a-4444-b07c-05cb9480ae41', protocol='range'}
2025-12-05 16:24:15 INFO  o.a.k.c.c.i.ConsumerCoordinator - [Consumer clientId=consumer-normalizer-group-13, groupId=normalizer-group] Finished assignment for group at generation 15: {consumer-normalizer-group-14-20a02e89-df7d-474d-9f49-1b80f633a98d=Assignment(partitions=[raw-transactions-0]), consumer-normalizer-group-13-7b13c7a1-0c4a-4444-b07c-05cb9480ae41=Assignment(partitions=[transactions-0])}
2025-12-05 16:24:15 INFO  o.a.k.c.c.i.ConsumerCoordinator - [Consumer clientId=consumer-normalizer-group-14, groupId=normalizer-group] Successfully synced group in generation Generation{generationId=15, memberId='consumer-normalizer-group-14-20a02e89-df7d-474d-9f49-1b80f633a98d', protocol='range'}
2025-12-05 16:24:15 INFO  o.a.k.c.c.i.ConsumerCoordinator - [Consumer clientId=consumer-normalizer-group-13, groupId=normalizer-group] Successfully synced group in generation Generation{generationId=15, memberId='consumer-normalizer-group-13-7b13c7a1-0c4a-4444-b07c-05cb9480ae41', protocol='range'}
2025-12-05 16:24:15 INFO  o.a.k.c.c.i.ConsumerCoordinator - [Consumer clientId=consumer-normalizer-group-14, groupId=normalizer-group] Notifying assignor about the new Assignment(partitions=[raw-transactions-0])
2025-12-05 16:24:15 INFO  o.a.k.c.c.i.ConsumerCoordinator - [Consumer clientId=consumer-normalizer-group-13, groupId=normalizer-group] Notifying assignor about the new Assignment(partitions=[transactions-0])
2025-12-05 16:24:15 INFO  o.a.k.c.c.i.ConsumerRebalanceListenerInvoker - [Consumer clientId=consumer-normalizer-group-14, groupId=normalizer-group] Adding newly assigned partitions: raw-transactions-0
2025-12-05 16:24:15 INFO  o.a.k.c.c.i.ConsumerRebalanceListenerInvoker - [Consumer clientId=consumer-normalizer-group-13, groupId=normalizer-group] Adding newly assigned partitions: transactions-0
2025-12-05 16:24:15 INFO  o.a.k.c.c.internals.ConsumerUtils - Setting offset for partition transactions-0 to the committed offset FetchPosition{offset=0, offsetEpoch=Optional.empty, currentLeader=LeaderAndEpoch{leader=Optional[kafka:9092 (id: 1 rack: null)], epoch=0}}
2025-12-05 16:24:15 INFO  o.s.k.l.KafkaMessageListenerContainer - normalizer-group: partitions assigned: [transactions-0]
2025-12-05 16:24:15 INFO  o.a.k.c.c.internals.ConsumerUtils - Setting offset for partition raw-transactions-0 to the committed offset FetchPosition{offset=3, offsetEpoch=Optional.empty, currentLeader=LeaderAndEpoch{leader=Optional[kafka:9092 (id: 1 rack: null)], epoch=0}}
2025-12-05 16:24:15 INFO  o.s.k.l.KafkaMessageListenerContainer - normalizer-group: partitions assigned: [raw-transactions-0]
2025-12-05 16:30:19 INFO  o.s.b.d.a.LocalDevToolsAutoConfiguration$RestartingClassPathChangeChangedEventListener - Restarting due to 1 class path change (0 additions, 0 deletions, 1 modification)
2025-12-05 16:30:19 INFO  o.a.k.c.c.i.ConsumerRebalanceListenerInvoker - [Consumer clientId=consumer-normalizer-group-14, groupId=normalizer-group] Revoke previously assigned partitions raw-transactions-0
2025-12-05 16:30:19 INFO  o.a.k.c.c.i.ConsumerRebalanceListenerInvoker - [Consumer clientId=consumer-normalizer-group-13, groupId=normalizer-group] Revoke previously assigned partitions transactions-0
2025-12-05 16:30:19 INFO  o.s.k.l.KafkaMessageListenerContainer - normalizer-group: partitions revoked: [transactions-0]
2025-12-05 16:30:19 INFO  o.s.k.l.KafkaMessageListenerContainer - normalizer-group: partitions revoked: [raw-transactions-0]
2025-12-05 16:30:19 INFO  o.a.k.c.c.i.ConsumerCoordinator - [Consumer clientId=consumer-normalizer-group-14, groupId=normalizer-group] Member consumer-normalizer-group-14-20a02e89-df7d-474d-9f49-1b80f633a98d sending LeaveGroup request to coordinator kafka:9092 (id: 2147483646 rack: null) due to the consumer unsubscribed from all topics
2025-12-05 16:30:19 INFO  o.a.k.c.c.i.ConsumerCoordinator - [Consumer clientId=consumer-normalizer-group-13, groupId=normalizer-group] Member consumer-normalizer-group-13-7b13c7a1-0c4a-4444-b07c-05cb9480ae41 sending LeaveGroup request to coordinator kafka:9092 (id: 2147483646 rack: null) due to the consumer unsubscribed from all topics
2025-12-05 16:30:19 INFO  o.a.k.c.c.i.ConsumerCoordinator - [Consumer clientId=consumer-normalizer-group-14, groupId=normalizer-group] Resetting generation and member id due to: consumer pro-actively leaving the group
2025-12-05 16:30:19 INFO  o.a.k.c.c.i.ConsumerCoordinator - [Consumer clientId=consumer-normalizer-group-13, groupId=normalizer-group] Resetting generation and member id due to: consumer pro-actively leaving the group
2025-12-05 16:30:19 INFO  o.a.k.c.c.i.ConsumerCoordinator - [Consumer clientId=consumer-normalizer-group-14, groupId=normalizer-group] Request joining group due to: consumer pro-actively leaving the group
2025-12-05 16:30:19 INFO  o.a.k.c.c.i.ConsumerCoordinator - [Consumer clientId=consumer-normalizer-group-13, groupId=normalizer-group] Request joining group due to: consumer pro-actively leaving the group
2025-12-05 16:30:19 INFO  o.a.k.c.c.i.ClassicKafkaConsumer - [Consumer clientId=consumer-normalizer-group-14, groupId=normalizer-group] Unsubscribed all topics or patterns and assigned partitions
2025-12-05 16:30:19 INFO  o.a.k.c.c.i.ClassicKafkaConsumer - [Consumer clientId=consumer-normalizer-group-13, groupId=normalizer-group] Unsubscribed all topics or patterns and assigned partitions
2025-12-05 16:30:19 INFO  o.a.k.c.c.i.ConsumerCoordinator - [Consumer clientId=consumer-normalizer-group-13, groupId=normalizer-group] Resetting generation and member id due to: consumer pro-actively leaving the group
2025-12-05 16:30:19 INFO  o.a.k.c.c.i.ConsumerCoordinator - [Consumer clientId=consumer-normalizer-group-14, groupId=normalizer-group] Resetting generation and member id due to: consumer pro-actively leaving the group
2025-12-05 16:30:19 INFO  o.a.k.c.c.i.ConsumerCoordinator - [Consumer clientId=consumer-normalizer-group-13, groupId=normalizer-group] Request joining group due to: consumer pro-actively leaving the group
2025-12-05 16:30:19 INFO  o.a.k.c.c.i.ConsumerCoordinator - [Consumer clientId=consumer-normalizer-group-14, groupId=normalizer-group] Request joining group due to: consumer pro-actively leaving the group
2025-12-05 16:30:20 INFO  o.a.kafka.common.metrics.Metrics - Metrics scheduler closed
2025-12-05 16:30:20 INFO  o.a.kafka.common.metrics.Metrics - Metrics scheduler closed
2025-12-05 16:30:20 INFO  o.a.kafka.common.metrics.Metrics - Closing reporter org.apache.kafka.common.metrics.JmxReporter
2025-12-05 16:30:20 INFO  o.a.kafka.common.metrics.Metrics - Closing reporter org.apache.kafka.common.metrics.JmxReporter
2025-12-05 16:30:20 INFO  o.a.kafka.common.metrics.Metrics - Closing reporter org.apache.kafka.common.telemetry.internals.ClientTelemetryReporter
2025-12-05 16:30:20 INFO  o.a.kafka.common.metrics.Metrics - Closing reporter org.apache.kafka.common.telemetry.internals.ClientTelemetryReporter
2025-12-05 16:30:20 INFO  o.a.kafka.common.metrics.Metrics - Metrics reporters closed
2025-12-05 16:30:20 INFO  o.a.kafka.common.metrics.Metrics - Metrics reporters closed
2025-12-05 16:30:20 INFO  o.a.kafka.common.utils.AppInfoParser - App info kafka.consumer for consumer-normalizer-group-14 unregistered
2025-12-05 16:30:20 INFO  o.s.k.l.KafkaMessageListenerContainer - normalizer-group: Consumer stopped
2025-12-05 16:30:20 INFO  o.a.kafka.common.utils.AppInfoParser - App info kafka.consumer for consumer-normalizer-group-13 unregistered
2025-12-05 16:30:20 INFO  o.s.k.l.KafkaMessageListenerContainer - normalizer-group: Consumer stopped
2025-12-05 16:30:20 INFO  o.s.b.w.e.tomcat.GracefulShutdown - Commencing graceful shutdown. Waiting for active requests to complete
2025-12-05 16:30:20 INFO  o.a.coyote.http11.Http11NioProtocol - Pausing ProtocolHandler ["http-nio-8083"]
2025-12-05 16:30:20 INFO  o.s.b.w.e.tomcat.GracefulShutdown - Graceful shutdown complete
2025-12-05 16:30:20 INFO  o.a.coyote.http11.Http11NioProtocol - Stopping ProtocolHandler ["http-nio-8083"]
2025-12-05 16:30:20 INFO  o.s.o.j.LocalContainerEntityManagerFactoryBean - Closing JPA EntityManagerFactory for persistence unit 'default'
2025-12-05 16:30:20 INFO  com.zaxxer.hikari.HikariDataSource - HikariPool-7 - Shutdown initiated...
2025-12-05 16:30:20 INFO  com.zaxxer.hikari.HikariDataSource - HikariPool-7 - Shutdown completed.
2025-12-05 16:30:24 INFO  c.P.U.n.NormalizerServiceApplication - Starting NormalizerServiceApplication using Java 17.0.17 with PID 65 (/app/target/classes started by root in /app)
2025-12-05 16:30:24 INFO  c.P.U.n.NormalizerServiceApplication - No active profile set, falling back to 1 default profile: "default"
2025-12-05 16:30:31 INFO  o.s.d.r.c.RepositoryConfigurationDelegate - Bootstrapping Spring Data JPA repositories in DEFAULT mode.
2025-12-05 16:30:32 INFO  o.s.d.r.c.RepositoryConfigurationDelegate - Finished Spring Data repository scanning in 586 ms. Found 1 JPA repository interface.
2025-12-05 16:30:34 INFO  o.s.b.w.e.tomcat.TomcatWebServer - Tomcat initialized with port 8083 (http)
2025-12-05 16:30:34 INFO  o.a.coyote.http11.Http11NioProtocol - Initializing ProtocolHandler ["http-nio-8083"]
2025-12-05 16:30:34 INFO  o.a.catalina.core.StandardService - Starting service [Tomcat]
2025-12-05 16:30:34 INFO  o.a.catalina.core.StandardEngine - Starting Servlet engine: [Apache Tomcat/10.1.42]
2025-12-05 16:30:34 INFO  o.a.c.c.C.[Tomcat].[localhost].[/] - Initializing Spring embedded WebApplicationContext
2025-12-05 16:30:34 INFO  o.s.b.w.s.c.ServletWebServerApplicationContext - Root WebApplicationContext: initialization completed in 10141 ms
2025-12-05 16:30:35 INFO  o.h.jpa.internal.util.LogHelper - HHH000204: Processing PersistenceUnitInfo [name: default]
2025-12-05 16:30:35 INFO  o.h.c.i.RegionFactoryInitiator - HHH000026: Second-level cache disabled
2025-12-05 16:30:35 INFO  o.s.o.j.p.SpringPersistenceUnitInfo - No LoadTimeWeaver setup: ignoring JPA class transformer
2025-12-05 16:30:35 INFO  com.zaxxer.hikari.HikariDataSource - HikariPool-8 - Starting...
2025-12-05 16:30:35 INFO  com.zaxxer.hikari.pool.HikariPool - HikariPool-8 - Added connection org.postgresql.jdbc.PgConnection@28afe750
2025-12-05 16:30:35 INFO  com.zaxxer.hikari.HikariDataSource - HikariPool-8 - Start completed.
2025-12-05 16:30:35 WARN  org.hibernate.orm.deprecation - HHH90000025: PostgreSQLDialect does not need to be specified explicitly using 'hibernate.dialect' (remove the property setting and it will be selected by default)
2025-12-05 16:30:35 INFO  o.hibernate.orm.connections.pooling - HHH10001005: Database info:
	Database JDBC URL [Connecting through datasource 'HikariDataSource (HikariPool-8)']
	Database driver: undefined/unknown
	Database version: 15.13
	Autocommit mode: undefined/unknown
	Isolation level: undefined/unknown
	Minimum pool size: undefined/unknown
	Maximum pool size: undefined/unknown
2025-12-05 16:30:36 INFO  o.h.e.t.j.p.i.JtaPlatformInitiator - HHH000489: No JTA platform available (set 'hibernate.transaction.jta.platform' to enable JTA platform integration)
2025-12-05 16:30:36 INFO  o.s.o.j.LocalContainerEntityManagerFactoryBean - Initialized JPA EntityManagerFactory for persistence unit 'default'
2025-12-05 16:30:37 WARN  o.s.b.a.o.j.JpaBaseConfiguration$JpaWebConfiguration - spring.jpa.open-in-view is enabled by default. Therefore, database queries may be performed during view rendering. Explicitly configure spring.jpa.open-in-view to disable this warning
2025-12-05 16:30:38 INFO  o.s.b.d.a.OptionalLiveReloadServer - LiveReload server is running on port 35729
2025-12-05 16:30:38 INFO  o.a.coyote.http11.Http11NioProtocol - Starting ProtocolHandler ["http-nio-8083"]
2025-12-05 16:30:38 INFO  o.s.b.w.e.tomcat.TomcatWebServer - Tomcat started on port 8083 (http) with context path '/'
2025-12-05 16:30:38 INFO  o.a.k.c.consumer.ConsumerConfig - ConsumerConfig values: 
	allow.auto.create.topics = true
	auto.commit.interval.ms = 5000
	auto.include.jmx.reporter = true
	auto.offset.reset = latest
	bootstrap.servers = [kafka:9092]
	check.crcs = true
	client.dns.lookup = use_all_dns_ips
	client.id = consumer-normalizer-group-15
	client.rack = 
	connections.max.idle.ms = 540000
	default.api.timeout.ms = 60000
	enable.auto.commit = false
	enable.metrics.push = true
	exclude.internal.topics = true
	fetch.max.bytes = 52428800
	fetch.max.wait.ms = 500
	fetch.min.bytes = 1
	group.id = normalizer-group
	group.instance.id = null
	group.protocol = classic
	group.remote.assignor = null
	heartbeat.interval.ms = 3000
	interceptor.classes = []
	internal.leave.group.on.close = true
	internal.throw.on.fetch.stable.offset.unsupported = false
	isolation.level = read_uncommitted
	key.deserializer = class org.apache.kafka.common.serialization.StringDeserializer
	max.partition.fetch.bytes = 1048576
	max.poll.interval.ms = 300000
	max.poll.records = 500
	metadata.max.age.ms = 300000
	metadata.recovery.strategy = none
	metric.reporters = []
	metrics.num.samples = 2
	metrics.recording.level = INFO
	metrics.sample.window.ms = 30000
	partition.assignment.strategy = [class org.apache.kafka.clients.consumer.RangeAssignor, class org.apache.kafka.clients.consumer.CooperativeStickyAssignor]
	receive.buffer.bytes = 65536
	reconnect.backoff.max.ms = 1000
	reconnect.backoff.ms = 50
	request.timeout.ms = 30000
	retry.backoff.max.ms = 1000
	retry.backoff.ms = 100
	sasl.client.callback.handler.class = null
	sasl.jaas.config = null
	sasl.kerberos.kinit.cmd = /usr/bin/kinit
	sasl.kerberos.min.time.before.relogin = 60000
	sasl.kerberos.service.name = null
	sasl.kerberos.ticket.renew.jitter = 0.05
	sasl.kerberos.ticket.renew.window.factor = 0.8
	sasl.login.callback.handler.class = null
	sasl.login.class = null
	sasl.login.connect.timeout.ms = null
	sasl.login.read.timeout.ms = null
	sasl.login.refresh.buffer.seconds = 300
	sasl.login.refresh.min.period.seconds = 60
	sasl.login.refresh.window.factor = 0.8
	sasl.login.refresh.window.jitter = 0.05
	sasl.login.retry.backoff.max.ms = 10000
	sasl.login.retry.backoff.ms = 100
	sasl.mechanism = GSSAPI
	sasl.oauthbearer.clock.skew.seconds = 30
	sasl.oauthbearer.expected.audience = null
	sasl.oauthbearer.expected.issuer = null
	sasl.oauthbearer.header.urlencode = false
	sasl.oauthbearer.jwks.endpoint.refresh.ms = 3600000
	sasl.oauthbearer.jwks.endpoint.retry.backoff.max.ms = 10000
	sasl.oauthbearer.jwks.endpoint.retry.backoff.ms = 100
	sasl.oauthbearer.jwks.endpoint.url = null
	sasl.oauthbearer.scope.claim.name = scope
	sasl.oauthbearer.sub.claim.name = sub
	sasl.oauthbearer.token.endpoint.url = null
	security.protocol = PLAINTEXT
	security.providers = null
	send.buffer.bytes = 131072
	session.timeout.ms = 45000
	socket.connection.setup.timeout.max.ms = 30000
	socket.connection.setup.timeout.ms = 10000
	ssl.cipher.suites = null
	ssl.enabled.protocols = [TLSv1.2, TLSv1.3]
	ssl.endpoint.identification.algorithm = https
	ssl.engine.factory.class = null
	ssl.key.password = null
	ssl.keymanager.algorithm = SunX509
	ssl.keystore.certificate.chain = null
	ssl.keystore.key = null
	ssl.keystore.location = null
	ssl.keystore.password = null
	ssl.keystore.type = JKS
	ssl.protocol = TLSv1.3
	ssl.provider = null
	ssl.secure.random.implementation = null
	ssl.trustmanager.algorithm = PKIX
	ssl.truststore.certificates = null
	ssl.truststore.location = null
	ssl.truststore.password = null
	ssl.truststore.type = JKS
	value.deserializer = class org.springframework.kafka.support.serializer.JsonDeserializer

2025-12-05 16:30:38 INFO  o.a.k.c.t.i.KafkaMetricsCollector - initializing Kafka metrics collector
2025-12-05 16:30:38 INFO  o.a.kafka.common.utils.AppInfoParser - Kafka version: 3.9.1
2025-12-05 16:30:38 INFO  o.a.kafka.common.utils.AppInfoParser - Kafka commitId: f745dfdcee2b9851
2025-12-05 16:30:38 INFO  o.a.kafka.common.utils.AppInfoParser - Kafka startTimeMs: 1764952238420
2025-12-05 16:30:38 INFO  o.a.k.c.c.i.ClassicKafkaConsumer - [Consumer clientId=consumer-normalizer-group-15, groupId=normalizer-group] Subscribed to topic(s): transactions
2025-12-05 16:30:38 INFO  o.a.k.c.consumer.ConsumerConfig - ConsumerConfig values: 
	allow.auto.create.topics = true
	auto.commit.interval.ms = 5000
	auto.include.jmx.reporter = true
	auto.offset.reset = latest
	bootstrap.servers = [kafka:9092]
	check.crcs = true
	client.dns.lookup = use_all_dns_ips
	client.id = consumer-normalizer-group-16
	client.rack = 
	connections.max.idle.ms = 540000
	default.api.timeout.ms = 60000
	enable.auto.commit = false
	enable.metrics.push = true
	exclude.internal.topics = true
	fetch.max.bytes = 52428800
	fetch.max.wait.ms = 500
	fetch.min.bytes = 1
	group.id = normalizer-group
	group.instance.id = null
	group.protocol = classic
	group.remote.assignor = null
	heartbeat.interval.ms = 3000
	interceptor.classes = []
	internal.leave.group.on.close = true
	internal.throw.on.fetch.stable.offset.unsupported = false
	isolation.level = read_uncommitted
	key.deserializer = class org.apache.kafka.common.serialization.StringDeserializer
	max.partition.fetch.bytes = 1048576
	max.poll.interval.ms = 300000
	max.poll.records = 500
	metadata.max.age.ms = 300000
	metadata.recovery.strategy = none
	metric.reporters = []
	metrics.num.samples = 2
	metrics.recording.level = INFO
	metrics.sample.window.ms = 30000
	partition.assignment.strategy = [class org.apache.kafka.clients.consumer.RangeAssignor, class org.apache.kafka.clients.consumer.CooperativeStickyAssignor]
	receive.buffer.bytes = 65536
	reconnect.backoff.max.ms = 1000
	reconnect.backoff.ms = 50
	request.timeout.ms = 30000
	retry.backoff.max.ms = 1000
	retry.backoff.ms = 100
	sasl.client.callback.handler.class = null
	sasl.jaas.config = null
	sasl.kerberos.kinit.cmd = /usr/bin/kinit
	sasl.kerberos.min.time.before.relogin = 60000
	sasl.kerberos.service.name = null
	sasl.kerberos.ticket.renew.jitter = 0.05
	sasl.kerberos.ticket.renew.window.factor = 0.8
	sasl.login.callback.handler.class = null
	sasl.login.class = null
	sasl.login.connect.timeout.ms = null
	sasl.login.read.timeout.ms = null
	sasl.login.refresh.buffer.seconds = 300
	sasl.login.refresh.min.period.seconds = 60
	sasl.login.refresh.window.factor = 0.8
	sasl.login.refresh.window.jitter = 0.05
	sasl.login.retry.backoff.max.ms = 10000
	sasl.login.retry.backoff.ms = 100
	sasl.mechanism = GSSAPI
	sasl.oauthbearer.clock.skew.seconds = 30
	sasl.oauthbearer.expected.audience = null
	sasl.oauthbearer.expected.issuer = null
	sasl.oauthbearer.header.urlencode = false
	sasl.oauthbearer.jwks.endpoint.refresh.ms = 3600000
	sasl.oauthbearer.jwks.endpoint.retry.backoff.max.ms = 10000
	sasl.oauthbearer.jwks.endpoint.retry.backoff.ms = 100
	sasl.oauthbearer.jwks.endpoint.url = null
	sasl.oauthbearer.scope.claim.name = scope
	sasl.oauthbearer.sub.claim.name = sub
	sasl.oauthbearer.token.endpoint.url = null
	security.protocol = PLAINTEXT
	security.providers = null
	send.buffer.bytes = 131072
	session.timeout.ms = 45000
	socket.connection.setup.timeout.max.ms = 30000
	socket.connection.setup.timeout.ms = 10000
	ssl.cipher.suites = null
	ssl.enabled.protocols = [TLSv1.2, TLSv1.3]
	ssl.endpoint.identification.algorithm = https
	ssl.engine.factory.class = null
	ssl.key.password = null
	ssl.keymanager.algorithm = SunX509
	ssl.keystore.certificate.chain = null
	ssl.keystore.key = null
	ssl.keystore.location = null
	ssl.keystore.password = null
	ssl.keystore.type = JKS
	ssl.protocol = TLSv1.3
	ssl.provider = null
	ssl.secure.random.implementation = null
	ssl.trustmanager.algorithm = PKIX
	ssl.truststore.certificates = null
	ssl.truststore.location = null
	ssl.truststore.password = null
	ssl.truststore.type = JKS
	value.deserializer = class org.springframework.kafka.support.serializer.JsonDeserializer

2025-12-05 16:30:38 INFO  o.a.k.c.t.i.KafkaMetricsCollector - initializing Kafka metrics collector
2025-12-05 16:30:38 INFO  o.a.kafka.common.utils.AppInfoParser - Kafka version: 3.9.1
2025-12-05 16:30:38 INFO  o.a.kafka.common.utils.AppInfoParser - Kafka commitId: f745dfdcee2b9851
2025-12-05 16:30:38 INFO  o.a.kafka.common.utils.AppInfoParser - Kafka startTimeMs: 1764952238458
2025-12-05 16:30:38 INFO  o.a.k.c.c.i.ClassicKafkaConsumer - [Consumer clientId=consumer-normalizer-group-16, groupId=normalizer-group] Subscribed to topic(s): raw-transactions
2025-12-05 16:30:38 INFO  org.apache.kafka.clients.Metadata - [Consumer clientId=consumer-normalizer-group-16, groupId=normalizer-group] Cluster ID: -Ev3b8JLS_uTHl36QpBdMw
2025-12-05 16:30:38 INFO  org.apache.kafka.clients.Metadata - [Consumer clientId=consumer-normalizer-group-15, groupId=normalizer-group] Cluster ID: -Ev3b8JLS_uTHl36QpBdMw
2025-12-05 16:30:38 INFO  c.P.U.n.NormalizerServiceApplication - Started NormalizerServiceApplication in 15.621 seconds (process running for 2044.133)
2025-12-05 16:30:38 INFO  o.a.k.c.c.i.ConsumerCoordinator - [Consumer clientId=consumer-normalizer-group-15, groupId=normalizer-group] Discovered group coordinator kafka:9092 (id: 2147483646 rack: null)
2025-12-05 16:30:38 INFO  o.a.k.c.c.i.ConsumerCoordinator - [Consumer clientId=consumer-normalizer-group-16, groupId=normalizer-group] Discovered group coordinator kafka:9092 (id: 2147483646 rack: null)
2025-12-05 16:30:38 INFO  o.s.b.d.a.ConditionEvaluationDeltaLoggingListener - Condition evaluation unchanged
2025-12-05 16:30:38 INFO  o.a.k.c.c.i.ConsumerCoordinator - [Consumer clientId=consumer-normalizer-group-15, groupId=normalizer-group] (Re-)joining group
2025-12-05 16:30:38 INFO  o.a.k.c.c.i.ConsumerCoordinator - [Consumer clientId=consumer-normalizer-group-16, groupId=normalizer-group] (Re-)joining group
2025-12-05 16:30:38 INFO  o.a.k.c.c.i.ConsumerCoordinator - [Consumer clientId=consumer-normalizer-group-15, groupId=normalizer-group] Request joining group due to: need to re-join with the given member-id: consumer-normalizer-group-15-7bb1d33a-47fa-483a-86f8-470793bf5ee5
2025-12-05 16:30:38 INFO  o.a.k.c.c.i.ConsumerCoordinator - [Consumer clientId=consumer-normalizer-group-16, groupId=normalizer-group] Request joining group due to: need to re-join with the given member-id: consumer-normalizer-group-16-5d347731-d6ab-427a-8fff-a7dbb8ee7b23
2025-12-05 16:30:38 INFO  o.a.k.c.c.i.ConsumerCoordinator - [Consumer clientId=consumer-normalizer-group-15, groupId=normalizer-group] (Re-)joining group
2025-12-05 16:30:38 INFO  o.a.k.c.c.i.ConsumerCoordinator - [Consumer clientId=consumer-normalizer-group-16, groupId=normalizer-group] (Re-)joining group
2025-12-05 16:30:41 INFO  o.a.k.c.c.i.ConsumerCoordinator - [Consumer clientId=consumer-normalizer-group-15, groupId=normalizer-group] Successfully joined group with generation Generation{generationId=17, memberId='consumer-normalizer-group-15-7bb1d33a-47fa-483a-86f8-470793bf5ee5', protocol='range'}
2025-12-05 16:30:41 INFO  o.a.k.c.c.i.ConsumerCoordinator - [Consumer clientId=consumer-normalizer-group-16, groupId=normalizer-group] Successfully joined group with generation Generation{generationId=17, memberId='consumer-normalizer-group-16-5d347731-d6ab-427a-8fff-a7dbb8ee7b23', protocol='range'}
2025-12-05 16:30:41 INFO  o.a.k.c.c.i.ConsumerCoordinator - [Consumer clientId=consumer-normalizer-group-16, groupId=normalizer-group] Finished assignment for group at generation 17: {consumer-normalizer-group-15-7bb1d33a-47fa-483a-86f8-470793bf5ee5=Assignment(partitions=[transactions-0]), consumer-normalizer-group-16-5d347731-d6ab-427a-8fff-a7dbb8ee7b23=Assignment(partitions=[raw-transactions-0])}
2025-12-05 16:30:41 INFO  o.a.k.c.c.i.ConsumerCoordinator - [Consumer clientId=consumer-normalizer-group-15, groupId=normalizer-group] Successfully synced group in generation Generation{generationId=17, memberId='consumer-normalizer-group-15-7bb1d33a-47fa-483a-86f8-470793bf5ee5', protocol='range'}
2025-12-05 16:30:41 INFO  o.a.k.c.c.i.ConsumerCoordinator - [Consumer clientId=consumer-normalizer-group-16, groupId=normalizer-group] Successfully synced group in generation Generation{generationId=17, memberId='consumer-normalizer-group-16-5d347731-d6ab-427a-8fff-a7dbb8ee7b23', protocol='range'}
2025-12-05 16:30:41 INFO  o.a.k.c.c.i.ConsumerCoordinator - [Consumer clientId=consumer-normalizer-group-15, groupId=normalizer-group] Notifying assignor about the new Assignment(partitions=[transactions-0])
2025-12-05 16:30:41 INFO  o.a.k.c.c.i.ConsumerCoordinator - [Consumer clientId=consumer-normalizer-group-16, groupId=normalizer-group] Notifying assignor about the new Assignment(partitions=[raw-transactions-0])
2025-12-05 16:30:41 INFO  o.a.k.c.c.i.ConsumerRebalanceListenerInvoker - [Consumer clientId=consumer-normalizer-group-15, groupId=normalizer-group] Adding newly assigned partitions: transactions-0
2025-12-05 16:30:41 INFO  o.a.k.c.c.i.ConsumerRebalanceListenerInvoker - [Consumer clientId=consumer-normalizer-group-16, groupId=normalizer-group] Adding newly assigned partitions: raw-transactions-0
2025-12-05 16:30:41 INFO  o.a.k.c.c.internals.ConsumerUtils - Setting offset for partition transactions-0 to the committed offset FetchPosition{offset=0, offsetEpoch=Optional.empty, currentLeader=LeaderAndEpoch{leader=Optional[kafka:9092 (id: 1 rack: null)], epoch=0}}
2025-12-05 16:30:41 INFO  o.s.k.l.KafkaMessageListenerContainer - normalizer-group: partitions assigned: [transactions-0]
2025-12-05 16:30:41 INFO  o.a.k.c.c.internals.ConsumerUtils - Setting offset for partition raw-transactions-0 to the committed offset FetchPosition{offset=3, offsetEpoch=Optional.empty, currentLeader=LeaderAndEpoch{leader=Optional[kafka:9092 (id: 1 rack: null)], epoch=0}}
2025-12-05 16:30:41 INFO  o.s.k.l.KafkaMessageListenerContainer - normalizer-group: partitions assigned: [raw-transactions-0]
2025-12-05 16:31:11 INFO  o.s.b.d.a.LocalDevToolsAutoConfiguration$RestartingClassPathChangeChangedEventListener - Restarting due to 4 class path changes (0 additions, 1 deletion, 3 modifications)
2025-12-05 16:31:11 INFO  o.a.k.c.c.i.ConsumerRebalanceListenerInvoker - [Consumer clientId=consumer-normalizer-group-16, groupId=normalizer-group] Revoke previously assigned partitions raw-transactions-0
2025-12-05 16:31:11 INFO  o.a.k.c.c.i.ConsumerRebalanceListenerInvoker - [Consumer clientId=consumer-normalizer-group-15, groupId=normalizer-group] Revoke previously assigned partitions transactions-0
2025-12-05 16:31:11 INFO  o.s.k.l.KafkaMessageListenerContainer - normalizer-group: partitions revoked: [raw-transactions-0]
2025-12-05 16:31:11 INFO  o.a.k.c.c.i.ConsumerCoordinator - [Consumer clientId=consumer-normalizer-group-16, groupId=normalizer-group] Member consumer-normalizer-group-16-5d347731-d6ab-427a-8fff-a7dbb8ee7b23 sending LeaveGroup request to coordinator kafka:9092 (id: 2147483646 rack: null) due to the consumer unsubscribed from all topics
2025-12-05 16:31:11 INFO  o.s.k.l.KafkaMessageListenerContainer - normalizer-group: partitions revoked: [transactions-0]
2025-12-05 16:31:11 INFO  o.a.k.c.c.i.ConsumerCoordinator - [Consumer clientId=consumer-normalizer-group-15, groupId=normalizer-group] Member consumer-normalizer-group-15-7bb1d33a-47fa-483a-86f8-470793bf5ee5 sending LeaveGroup request to coordinator kafka:9092 (id: 2147483646 rack: null) due to the consumer unsubscribed from all topics
2025-12-05 16:31:11 INFO  o.a.k.c.c.i.ConsumerCoordinator - [Consumer clientId=consumer-normalizer-group-16, groupId=normalizer-group] Resetting generation and member id due to: consumer pro-actively leaving the group
2025-12-05 16:31:11 INFO  o.a.k.c.c.i.ConsumerCoordinator - [Consumer clientId=consumer-normalizer-group-15, groupId=normalizer-group] Resetting generation and member id due to: consumer pro-actively leaving the group
2025-12-05 16:31:11 INFO  o.a.k.c.c.i.ConsumerCoordinator - [Consumer clientId=consumer-normalizer-group-16, groupId=normalizer-group] Request joining group due to: consumer pro-actively leaving the group
2025-12-05 16:31:11 INFO  o.a.k.c.c.i.ConsumerCoordinator - [Consumer clientId=consumer-normalizer-group-15, groupId=normalizer-group] Request joining group due to: consumer pro-actively leaving the group
2025-12-05 16:31:11 INFO  o.a.k.c.c.i.ClassicKafkaConsumer - [Consumer clientId=consumer-normalizer-group-15, groupId=normalizer-group] Unsubscribed all topics or patterns and assigned partitions
2025-12-05 16:31:11 INFO  o.a.k.c.c.i.ClassicKafkaConsumer - [Consumer clientId=consumer-normalizer-group-16, groupId=normalizer-group] Unsubscribed all topics or patterns and assigned partitions
2025-12-05 16:31:11 INFO  o.a.k.c.c.i.ConsumerCoordinator - [Consumer clientId=consumer-normalizer-group-15, groupId=normalizer-group] Resetting generation and member id due to: consumer pro-actively leaving the group
2025-12-05 16:31:11 INFO  o.a.k.c.c.i.ConsumerCoordinator - [Consumer clientId=consumer-normalizer-group-15, groupId=normalizer-group] Request joining group due to: consumer pro-actively leaving the group
2025-12-05 16:31:11 INFO  o.a.k.c.c.i.ConsumerCoordinator - [Consumer clientId=consumer-normalizer-group-16, groupId=normalizer-group] Resetting generation and member id due to: consumer pro-actively leaving the group
2025-12-05 16:31:11 INFO  o.a.k.c.c.i.ConsumerCoordinator - [Consumer clientId=consumer-normalizer-group-16, groupId=normalizer-group] Request joining group due to: consumer pro-actively leaving the group
2025-12-05 16:31:11 INFO  o.a.kafka.common.metrics.Metrics - Metrics scheduler closed
2025-12-05 16:31:11 INFO  o.a.kafka.common.metrics.Metrics - Closing reporter org.apache.kafka.common.metrics.JmxReporter
2025-12-05 16:31:11 INFO  o.a.kafka.common.metrics.Metrics - Closing reporter org.apache.kafka.common.telemetry.internals.ClientTelemetryReporter
2025-12-05 16:31:11 INFO  o.a.kafka.common.metrics.Metrics - Metrics reporters closed
2025-12-05 16:31:11 INFO  o.a.kafka.common.utils.AppInfoParser - App info kafka.consumer for consumer-normalizer-group-15 unregistered
2025-12-05 16:31:11 INFO  o.s.k.l.KafkaMessageListenerContainer - normalizer-group: Consumer stopped
2025-12-05 16:31:11 INFO  o.a.kafka.common.metrics.Metrics - Metrics scheduler closed
2025-12-05 16:31:11 INFO  o.a.kafka.common.metrics.Metrics - Closing reporter org.apache.kafka.common.metrics.JmxReporter
2025-12-05 16:31:11 INFO  o.a.kafka.common.metrics.Metrics - Closing reporter org.apache.kafka.common.telemetry.internals.ClientTelemetryReporter
2025-12-05 16:31:11 INFO  o.a.kafka.common.metrics.Metrics - Metrics reporters closed
2025-12-05 16:31:11 INFO  o.a.kafka.common.utils.AppInfoParser - App info kafka.consumer for consumer-normalizer-group-16 unregistered
2025-12-05 16:31:11 INFO  o.s.k.l.KafkaMessageListenerContainer - normalizer-group: Consumer stopped
2025-12-05 16:31:11 INFO  o.s.b.w.e.tomcat.GracefulShutdown - Commencing graceful shutdown. Waiting for active requests to complete
2025-12-05 16:31:11 INFO  o.a.coyote.http11.Http11NioProtocol - Pausing ProtocolHandler ["http-nio-8083"]
2025-12-05 16:31:11 INFO  o.s.b.w.e.tomcat.GracefulShutdown - Graceful shutdown complete
2025-12-05 16:31:11 INFO  o.a.coyote.http11.Http11NioProtocol - Stopping ProtocolHandler ["http-nio-8083"]
2025-12-05 16:31:11 INFO  o.s.o.j.LocalContainerEntityManagerFactoryBean - Closing JPA EntityManagerFactory for persistence unit 'default'
2025-12-05 16:31:11 INFO  com.zaxxer.hikari.HikariDataSource - HikariPool-8 - Shutdown initiated...
2025-12-05 16:31:11 INFO  com.zaxxer.hikari.HikariDataSource - HikariPool-8 - Shutdown completed.
2025-12-05 16:31:12 INFO  c.P.U.n.NormalizerServiceApplication - Starting NormalizerServiceApplication using Java 17.0.17 with PID 65 (/app/target/classes started by root in /app)
2025-12-05 16:31:12 INFO  c.P.U.n.NormalizerServiceApplication - No active profile set, falling back to 1 default profile: "default"
2025-12-05 16:31:19 INFO  o.s.d.r.c.RepositoryConfigurationDelegate - Bootstrapping Spring Data JPA repositories in DEFAULT mode.
2025-12-05 16:31:19 INFO  o.s.d.r.c.RepositoryConfigurationDelegate - Finished Spring Data repository scanning in 283 ms. Found 1 JPA repository interface.
2025-12-05 16:31:20 INFO  o.s.b.w.e.tomcat.TomcatWebServer - Tomcat initialized with port 8083 (http)
2025-12-05 16:31:20 INFO  o.a.coyote.http11.Http11NioProtocol - Initializing ProtocolHandler ["http-nio-8083"]
2025-12-05 16:31:20 INFO  o.a.catalina.core.StandardService - Starting service [Tomcat]
2025-12-05 16:31:20 INFO  o.a.catalina.core.StandardEngine - Starting Servlet engine: [Apache Tomcat/10.1.42]
2025-12-05 16:31:20 INFO  o.a.c.c.C.[Tomcat].[localhost].[/] - Initializing Spring embedded WebApplicationContext
2025-12-05 16:31:20 INFO  o.s.b.w.s.c.ServletWebServerApplicationContext - Root WebApplicationContext: initialization completed in 7236 ms
2025-12-05 16:31:20 INFO  o.h.jpa.internal.util.LogHelper - HHH000204: Processing PersistenceUnitInfo [name: default]
2025-12-05 16:31:20 INFO  o.h.c.i.RegionFactoryInitiator - HHH000026: Second-level cache disabled
2025-12-05 16:31:20 INFO  o.s.o.j.p.SpringPersistenceUnitInfo - No LoadTimeWeaver setup: ignoring JPA class transformer
2025-12-05 16:31:20 INFO  com.zaxxer.hikari.HikariDataSource - HikariPool-9 - Starting...
2025-12-05 16:31:20 INFO  com.zaxxer.hikari.pool.HikariPool - HikariPool-9 - Added connection org.postgresql.jdbc.PgConnection@13ee47a6
2025-12-05 16:31:20 INFO  com.zaxxer.hikari.HikariDataSource - HikariPool-9 - Start completed.
2025-12-05 16:31:20 WARN  org.hibernate.orm.deprecation - HHH90000025: PostgreSQLDialect does not need to be specified explicitly using 'hibernate.dialect' (remove the property setting and it will be selected by default)
2025-12-05 16:31:20 INFO  o.hibernate.orm.connections.pooling - HHH10001005: Database info:
	Database JDBC URL [Connecting through datasource 'HikariDataSource (HikariPool-9)']
	Database driver: undefined/unknown
	Database version: 15.13
	Autocommit mode: undefined/unknown
	Isolation level: undefined/unknown
	Minimum pool size: undefined/unknown
	Maximum pool size: undefined/unknown
2025-12-05 16:31:21 INFO  o.h.e.t.j.p.i.JtaPlatformInitiator - HHH000489: No JTA platform available (set 'hibernate.transaction.jta.platform' to enable JTA platform integration)
2025-12-05 16:31:21 INFO  o.s.o.j.LocalContainerEntityManagerFactoryBean - Initialized JPA EntityManagerFactory for persistence unit 'default'
2025-12-05 16:31:21 WARN  o.s.b.a.o.j.JpaBaseConfiguration$JpaWebConfiguration - spring.jpa.open-in-view is enabled by default. Therefore, database queries may be performed during view rendering. Explicitly configure spring.jpa.open-in-view to disable this warning
2025-12-05 16:31:22 INFO  o.s.b.d.a.OptionalLiveReloadServer - LiveReload server is running on port 35729
2025-12-05 16:31:22 INFO  o.a.coyote.http11.Http11NioProtocol - Starting ProtocolHandler ["http-nio-8083"]
2025-12-05 16:31:22 INFO  o.s.b.w.e.tomcat.TomcatWebServer - Tomcat started on port 8083 (http) with context path '/'
2025-12-05 16:31:22 INFO  o.a.k.c.consumer.ConsumerConfig - ConsumerConfig values: 
	allow.auto.create.topics = true
	auto.commit.interval.ms = 5000
	auto.include.jmx.reporter = true
	auto.offset.reset = latest
	bootstrap.servers = [kafka:9092]
	check.crcs = true
	client.dns.lookup = use_all_dns_ips
	client.id = consumer-normalizer-group-17
	client.rack = 
	connections.max.idle.ms = 540000
	default.api.timeout.ms = 60000
	enable.auto.commit = false
	enable.metrics.push = true
	exclude.internal.topics = true
	fetch.max.bytes = 52428800
	fetch.max.wait.ms = 500
	fetch.min.bytes = 1
	group.id = normalizer-group
	group.instance.id = null
	group.protocol = classic
	group.remote.assignor = null
	heartbeat.interval.ms = 3000
	interceptor.classes = []
	internal.leave.group.on.close = true
	internal.throw.on.fetch.stable.offset.unsupported = false
	isolation.level = read_uncommitted
	key.deserializer = class org.apache.kafka.common.serialization.StringDeserializer
	max.partition.fetch.bytes = 1048576
	max.poll.interval.ms = 300000
	max.poll.records = 500
	metadata.max.age.ms = 300000
	metadata.recovery.strategy = none
	metric.reporters = []
	metrics.num.samples = 2
	metrics.recording.level = INFO
	metrics.sample.window.ms = 30000
	partition.assignment.strategy = [class org.apache.kafka.clients.consumer.RangeAssignor, class org.apache.kafka.clients.consumer.CooperativeStickyAssignor]
	receive.buffer.bytes = 65536
	reconnect.backoff.max.ms = 1000
	reconnect.backoff.ms = 50
	request.timeout.ms = 30000
	retry.backoff.max.ms = 1000
	retry.backoff.ms = 100
	sasl.client.callback.handler.class = null
	sasl.jaas.config = null
	sasl.kerberos.kinit.cmd = /usr/bin/kinit
	sasl.kerberos.min.time.before.relogin = 60000
	sasl.kerberos.service.name = null
	sasl.kerberos.ticket.renew.jitter = 0.05
	sasl.kerberos.ticket.renew.window.factor = 0.8
	sasl.login.callback.handler.class = null
	sasl.login.class = null
	sasl.login.connect.timeout.ms = null
	sasl.login.read.timeout.ms = null
	sasl.login.refresh.buffer.seconds = 300
	sasl.login.refresh.min.period.seconds = 60
	sasl.login.refresh.window.factor = 0.8
	sasl.login.refresh.window.jitter = 0.05
	sasl.login.retry.backoff.max.ms = 10000
	sasl.login.retry.backoff.ms = 100
	sasl.mechanism = GSSAPI
	sasl.oauthbearer.clock.skew.seconds = 30
	sasl.oauthbearer.expected.audience = null
	sasl.oauthbearer.expected.issuer = null
	sasl.oauthbearer.header.urlencode = false
	sasl.oauthbearer.jwks.endpoint.refresh.ms = 3600000
	sasl.oauthbearer.jwks.endpoint.retry.backoff.max.ms = 10000
	sasl.oauthbearer.jwks.endpoint.retry.backoff.ms = 100
	sasl.oauthbearer.jwks.endpoint.url = null
	sasl.oauthbearer.scope.claim.name = scope
	sasl.oauthbearer.sub.claim.name = sub
	sasl.oauthbearer.token.endpoint.url = null
	security.protocol = PLAINTEXT
	security.providers = null
	send.buffer.bytes = 131072
	session.timeout.ms = 45000
	socket.connection.setup.timeout.max.ms = 30000
	socket.connection.setup.timeout.ms = 10000
	ssl.cipher.suites = null
	ssl.enabled.protocols = [TLSv1.2, TLSv1.3]
	ssl.endpoint.identification.algorithm = https
	ssl.engine.factory.class = null
	ssl.key.password = null
	ssl.keymanager.algorithm = SunX509
	ssl.keystore.certificate.chain = null
	ssl.keystore.key = null
	ssl.keystore.location = null
	ssl.keystore.password = null
	ssl.keystore.type = JKS
	ssl.protocol = TLSv1.3
	ssl.provider = null
	ssl.secure.random.implementation = null
	ssl.trustmanager.algorithm = PKIX
	ssl.truststore.certificates = null
	ssl.truststore.location = null
	ssl.truststore.password = null
	ssl.truststore.type = JKS
	value.deserializer = class org.springframework.kafka.support.serializer.JsonDeserializer

2025-12-05 16:31:22 INFO  o.a.k.c.t.i.KafkaMetricsCollector - initializing Kafka metrics collector
2025-12-05 16:31:22 INFO  o.a.kafka.common.utils.AppInfoParser - Kafka version: 3.9.1
2025-12-05 16:31:22 INFO  o.a.kafka.common.utils.AppInfoParser - Kafka commitId: f745dfdcee2b9851
2025-12-05 16:31:22 INFO  o.a.kafka.common.utils.AppInfoParser - Kafka startTimeMs: 1764952282368
2025-12-05 16:31:22 INFO  o.a.k.c.c.i.ClassicKafkaConsumer - [Consumer clientId=consumer-normalizer-group-17, groupId=normalizer-group] Subscribed to topic(s): transactions
2025-12-05 16:31:22 INFO  o.a.k.c.consumer.ConsumerConfig - ConsumerConfig values: 
	allow.auto.create.topics = true
	auto.commit.interval.ms = 5000
	auto.include.jmx.reporter = true
	auto.offset.reset = latest
	bootstrap.servers = [kafka:9092]
	check.crcs = true
	client.dns.lookup = use_all_dns_ips
	client.id = consumer-normalizer-group-18
	client.rack = 
	connections.max.idle.ms = 540000
	default.api.timeout.ms = 60000
	enable.auto.commit = false
	enable.metrics.push = true
	exclude.internal.topics = true
	fetch.max.bytes = 52428800
	fetch.max.wait.ms = 500
	fetch.min.bytes = 1
	group.id = normalizer-group
	group.instance.id = null
	group.protocol = classic
	group.remote.assignor = null
	heartbeat.interval.ms = 3000
	interceptor.classes = []
	internal.leave.group.on.close = true
	internal.throw.on.fetch.stable.offset.unsupported = false
	isolation.level = read_uncommitted
	key.deserializer = class org.apache.kafka.common.serialization.StringDeserializer
	max.partition.fetch.bytes = 1048576
	max.poll.interval.ms = 300000
	max.poll.records = 500
	metadata.max.age.ms = 300000
	metadata.recovery.strategy = none
	metric.reporters = []
	metrics.num.samples = 2
	metrics.recording.level = INFO
	metrics.sample.window.ms = 30000
	partition.assignment.strategy = [class org.apache.kafka.clients.consumer.RangeAssignor, class org.apache.kafka.clients.consumer.CooperativeStickyAssignor]
	receive.buffer.bytes = 65536
	reconnect.backoff.max.ms = 1000
	reconnect.backoff.ms = 50
	request.timeout.ms = 30000
	retry.backoff.max.ms = 1000
	retry.backoff.ms = 100
	sasl.client.callback.handler.class = null
	sasl.jaas.config = null
	sasl.kerberos.kinit.cmd = /usr/bin/kinit
	sasl.kerberos.min.time.before.relogin = 60000
	sasl.kerberos.service.name = null
	sasl.kerberos.ticket.renew.jitter = 0.05
	sasl.kerberos.ticket.renew.window.factor = 0.8
	sasl.login.callback.handler.class = null
	sasl.login.class = null
	sasl.login.connect.timeout.ms = null
	sasl.login.read.timeout.ms = null
	sasl.login.refresh.buffer.seconds = 300
	sasl.login.refresh.min.period.seconds = 60
	sasl.login.refresh.window.factor = 0.8
	sasl.login.refresh.window.jitter = 0.05
	sasl.login.retry.backoff.max.ms = 10000
	sasl.login.retry.backoff.ms = 100
	sasl.mechanism = GSSAPI
	sasl.oauthbearer.clock.skew.seconds = 30
	sasl.oauthbearer.expected.audience = null
	sasl.oauthbearer.expected.issuer = null
	sasl.oauthbearer.header.urlencode = false
	sasl.oauthbearer.jwks.endpoint.refresh.ms = 3600000
	sasl.oauthbearer.jwks.endpoint.retry.backoff.max.ms = 10000
	sasl.oauthbearer.jwks.endpoint.retry.backoff.ms = 100
	sasl.oauthbearer.jwks.endpoint.url = null
	sasl.oauthbearer.scope.claim.name = scope
	sasl.oauthbearer.sub.claim.name = sub
	sasl.oauthbearer.token.endpoint.url = null
	security.protocol = PLAINTEXT
	security.providers = null
	send.buffer.bytes = 131072
	session.timeout.ms = 45000
	socket.connection.setup.timeout.max.ms = 30000
	socket.connection.setup.timeout.ms = 10000
	ssl.cipher.suites = null
	ssl.enabled.protocols = [TLSv1.2, TLSv1.3]
	ssl.endpoint.identification.algorithm = https
	ssl.engine.factory.class = null
	ssl.key.password = null
	ssl.keymanager.algorithm = SunX509
	ssl.keystore.certificate.chain = null
	ssl.keystore.key = null
	ssl.keystore.location = null
	ssl.keystore.password = null
	ssl.keystore.type = JKS
	ssl.protocol = TLSv1.3
	ssl.provider = null
	ssl.secure.random.implementation = null
	ssl.trustmanager.algorithm = PKIX
	ssl.truststore.certificates = null
	ssl.truststore.location = null
	ssl.truststore.password = null
	ssl.truststore.type = JKS
	value.deserializer = class org.springframework.kafka.support.serializer.JsonDeserializer

2025-12-05 16:31:22 INFO  o.a.k.c.t.i.KafkaMetricsCollector - initializing Kafka metrics collector
2025-12-05 16:31:22 INFO  org.apache.kafka.clients.Metadata - [Consumer clientId=consumer-normalizer-group-17, groupId=normalizer-group] Cluster ID: -Ev3b8JLS_uTHl36QpBdMw
2025-12-05 16:31:22 INFO  o.a.k.c.c.i.ConsumerCoordinator - [Consumer clientId=consumer-normalizer-group-17, groupId=normalizer-group] Discovered group coordinator kafka:9092 (id: 2147483646 rack: null)
2025-12-05 16:31:22 INFO  o.a.kafka.common.utils.AppInfoParser - Kafka version: 3.9.1
2025-12-05 16:31:22 INFO  o.a.kafka.common.utils.AppInfoParser - Kafka commitId: f745dfdcee2b9851
2025-12-05 16:31:22 INFO  o.a.kafka.common.utils.AppInfoParser - Kafka startTimeMs: 1764952282400
2025-12-05 16:31:22 INFO  o.a.k.c.c.i.ConsumerCoordinator - [Consumer clientId=consumer-normalizer-group-17, groupId=normalizer-group] (Re-)joining group
2025-12-05 16:31:22 INFO  o.a.k.c.c.i.ClassicKafkaConsumer - [Consumer clientId=consumer-normalizer-group-18, groupId=normalizer-group] Subscribed to topic(s): raw-transactions
2025-12-05 16:31:22 INFO  o.a.k.c.c.i.ConsumerCoordinator - [Consumer clientId=consumer-normalizer-group-17, groupId=normalizer-group] Request joining group due to: need to re-join with the given member-id: consumer-normalizer-group-17-128ccfc1-dd0c-4162-8c1e-e1a35c12b93d
2025-12-05 16:31:22 INFO  org.apache.kafka.clients.Metadata - [Consumer clientId=consumer-normalizer-group-18, groupId=normalizer-group] Cluster ID: -Ev3b8JLS_uTHl36QpBdMw
2025-12-05 16:31:22 INFO  o.a.k.c.c.i.ConsumerCoordinator - [Consumer clientId=consumer-normalizer-group-17, groupId=normalizer-group] (Re-)joining group
2025-12-05 16:31:22 INFO  o.a.k.c.c.i.ConsumerCoordinator - [Consumer clientId=consumer-normalizer-group-18, groupId=normalizer-group] Discovered group coordinator kafka:9092 (id: 2147483646 rack: null)
2025-12-05 16:31:22 INFO  c.P.U.n.NormalizerServiceApplication - Started NormalizerServiceApplication in 10.343 seconds (process running for 2088.083)
2025-12-05 16:31:22 INFO  o.a.k.c.c.i.ConsumerCoordinator - [Consumer clientId=consumer-normalizer-group-18, groupId=normalizer-group] (Re-)joining group
2025-12-05 16:31:22 INFO  o.s.b.d.a.ConditionEvaluationDeltaLoggingListener - Condition evaluation unchanged
2025-12-05 16:31:22 INFO  o.a.k.c.c.i.ConsumerCoordinator - [Consumer clientId=consumer-normalizer-group-18, groupId=normalizer-group] Request joining group due to: need to re-join with the given member-id: consumer-normalizer-group-18-68029e70-cebc-4b1d-924a-a5e202c7b313
2025-12-05 16:31:22 INFO  o.a.k.c.c.i.ConsumerCoordinator - [Consumer clientId=consumer-normalizer-group-18, groupId=normalizer-group] (Re-)joining group
2025-12-05 16:31:25 INFO  o.a.k.c.c.i.ConsumerCoordinator - [Consumer clientId=consumer-normalizer-group-17, groupId=normalizer-group] Successfully joined group with generation Generation{generationId=19, memberId='consumer-normalizer-group-17-128ccfc1-dd0c-4162-8c1e-e1a35c12b93d', protocol='range'}
2025-12-05 16:31:25 INFO  o.a.k.c.c.i.ConsumerCoordinator - [Consumer clientId=consumer-normalizer-group-18, groupId=normalizer-group] Successfully joined group with generation Generation{generationId=19, memberId='consumer-normalizer-group-18-68029e70-cebc-4b1d-924a-a5e202c7b313', protocol='range'}
2025-12-05 16:31:25 INFO  o.a.k.c.c.i.ConsumerCoordinator - [Consumer clientId=consumer-normalizer-group-17, groupId=normalizer-group] Finished assignment for group at generation 19: {consumer-normalizer-group-18-68029e70-cebc-4b1d-924a-a5e202c7b313=Assignment(partitions=[raw-transactions-0]), consumer-normalizer-group-17-128ccfc1-dd0c-4162-8c1e-e1a35c12b93d=Assignment(partitions=[transactions-0])}
2025-12-05 16:31:25 INFO  o.a.k.c.c.i.ConsumerCoordinator - [Consumer clientId=consumer-normalizer-group-17, groupId=normalizer-group] Successfully synced group in generation Generation{generationId=19, memberId='consumer-normalizer-group-17-128ccfc1-dd0c-4162-8c1e-e1a35c12b93d', protocol='range'}
2025-12-05 16:31:25 INFO  o.a.k.c.c.i.ConsumerCoordinator - [Consumer clientId=consumer-normalizer-group-18, groupId=normalizer-group] Successfully synced group in generation Generation{generationId=19, memberId='consumer-normalizer-group-18-68029e70-cebc-4b1d-924a-a5e202c7b313', protocol='range'}
2025-12-05 16:31:25 INFO  o.a.k.c.c.i.ConsumerCoordinator - [Consumer clientId=consumer-normalizer-group-17, groupId=normalizer-group] Notifying assignor about the new Assignment(partitions=[transactions-0])
2025-12-05 16:31:25 INFO  o.a.k.c.c.i.ConsumerCoordinator - [Consumer clientId=consumer-normalizer-group-18, groupId=normalizer-group] Notifying assignor about the new Assignment(partitions=[raw-transactions-0])
2025-12-05 16:31:25 INFO  o.a.k.c.c.i.ConsumerRebalanceListenerInvoker - [Consumer clientId=consumer-normalizer-group-17, groupId=normalizer-group] Adding newly assigned partitions: transactions-0
2025-12-05 16:31:25 INFO  o.a.k.c.c.i.ConsumerRebalanceListenerInvoker - [Consumer clientId=consumer-normalizer-group-18, groupId=normalizer-group] Adding newly assigned partitions: raw-transactions-0
2025-12-05 16:31:25 INFO  o.a.k.c.c.internals.ConsumerUtils - Setting offset for partition raw-transactions-0 to the committed offset FetchPosition{offset=3, offsetEpoch=Optional.empty, currentLeader=LeaderAndEpoch{leader=Optional[kafka:9092 (id: 1 rack: null)], epoch=0}}
2025-12-05 16:31:25 INFO  o.a.k.c.c.internals.ConsumerUtils - Setting offset for partition transactions-0 to the committed offset FetchPosition{offset=0, offsetEpoch=Optional.empty, currentLeader=LeaderAndEpoch{leader=Optional[kafka:9092 (id: 1 rack: null)], epoch=0}}
2025-12-05 16:31:25 INFO  o.s.k.l.KafkaMessageListenerContainer - normalizer-group: partitions assigned: [raw-transactions-0]
2025-12-05 16:31:25 INFO  o.s.k.l.KafkaMessageListenerContainer - normalizer-group: partitions assigned: [transactions-0]
2025-12-05 16:34:40 INFO  o.s.b.d.a.LocalDevToolsAutoConfiguration$RestartingClassPathChangeChangedEventListener - Restarting due to 1 class path change (0 additions, 0 deletions, 1 modification)
2025-12-05 16:34:40 INFO  o.a.k.c.c.i.ConsumerRebalanceListenerInvoker - [Consumer clientId=consumer-normalizer-group-17, groupId=normalizer-group] Revoke previously assigned partitions transactions-0
2025-12-05 16:34:40 INFO  o.a.k.c.c.i.ConsumerRebalanceListenerInvoker - [Consumer clientId=consumer-normalizer-group-18, groupId=normalizer-group] Revoke previously assigned partitions raw-transactions-0
2025-12-05 16:34:40 INFO  o.s.k.l.KafkaMessageListenerContainer - normalizer-group: partitions revoked: [raw-transactions-0]
2025-12-05 16:34:40 INFO  o.s.k.l.KafkaMessageListenerContainer - normalizer-group: partitions revoked: [transactions-0]
2025-12-05 16:34:40 INFO  o.a.k.c.c.i.ConsumerCoordinator - [Consumer clientId=consumer-normalizer-group-18, groupId=normalizer-group] Member consumer-normalizer-group-18-68029e70-cebc-4b1d-924a-a5e202c7b313 sending LeaveGroup request to coordinator kafka:9092 (id: 2147483646 rack: null) due to the consumer unsubscribed from all topics
2025-12-05 16:34:40 INFO  o.a.k.c.c.i.ConsumerCoordinator - [Consumer clientId=consumer-normalizer-group-17, groupId=normalizer-group] Member consumer-normalizer-group-17-128ccfc1-dd0c-4162-8c1e-e1a35c12b93d sending LeaveGroup request to coordinator kafka:9092 (id: 2147483646 rack: null) due to the consumer unsubscribed from all topics
2025-12-05 16:34:40 INFO  o.a.k.c.c.i.ConsumerCoordinator - [Consumer clientId=consumer-normalizer-group-18, groupId=normalizer-group] Resetting generation and member id due to: consumer pro-actively leaving the group
2025-12-05 16:34:40 INFO  o.a.k.c.c.i.ConsumerCoordinator - [Consumer clientId=consumer-normalizer-group-17, groupId=normalizer-group] Resetting generation and member id due to: consumer pro-actively leaving the group
2025-12-05 16:34:40 INFO  o.a.k.c.c.i.ConsumerCoordinator - [Consumer clientId=consumer-normalizer-group-18, groupId=normalizer-group] Request joining group due to: consumer pro-actively leaving the group
2025-12-05 16:34:40 INFO  o.a.k.c.c.i.ConsumerCoordinator - [Consumer clientId=consumer-normalizer-group-17, groupId=normalizer-group] Request joining group due to: consumer pro-actively leaving the group
2025-12-05 16:34:40 INFO  o.a.k.c.c.i.ClassicKafkaConsumer - [Consumer clientId=consumer-normalizer-group-18, groupId=normalizer-group] Unsubscribed all topics or patterns and assigned partitions
2025-12-05 16:34:40 INFO  o.a.k.c.c.i.ClassicKafkaConsumer - [Consumer clientId=consumer-normalizer-group-17, groupId=normalizer-group] Unsubscribed all topics or patterns and assigned partitions
2025-12-05 16:34:40 INFO  o.a.k.c.c.i.ConsumerCoordinator - [Consumer clientId=consumer-normalizer-group-18, groupId=normalizer-group] Resetting generation and member id due to: consumer pro-actively leaving the group
2025-12-05 16:34:40 INFO  o.a.k.c.c.i.ConsumerCoordinator - [Consumer clientId=consumer-normalizer-group-17, groupId=normalizer-group] Resetting generation and member id due to: consumer pro-actively leaving the group
2025-12-05 16:34:40 INFO  o.a.k.c.c.i.ConsumerCoordinator - [Consumer clientId=consumer-normalizer-group-18, groupId=normalizer-group] Request joining group due to: consumer pro-actively leaving the group
2025-12-05 16:34:40 INFO  o.a.k.c.c.i.ConsumerCoordinator - [Consumer clientId=consumer-normalizer-group-17, groupId=normalizer-group] Request joining group due to: consumer pro-actively leaving the group
2025-12-05 16:34:40 INFO  o.a.kafka.common.metrics.Metrics - Metrics scheduler closed
2025-12-05 16:34:40 INFO  o.a.kafka.common.metrics.Metrics - Metrics scheduler closed
2025-12-05 16:34:40 INFO  o.a.kafka.common.metrics.Metrics - Closing reporter org.apache.kafka.common.metrics.JmxReporter
2025-12-05 16:34:40 INFO  o.a.kafka.common.metrics.Metrics - Closing reporter org.apache.kafka.common.metrics.JmxReporter
2025-12-05 16:34:40 INFO  o.a.kafka.common.metrics.Metrics - Closing reporter org.apache.kafka.common.telemetry.internals.ClientTelemetryReporter
2025-12-05 16:34:40 INFO  o.a.kafka.common.metrics.Metrics - Closing reporter org.apache.kafka.common.telemetry.internals.ClientTelemetryReporter
2025-12-05 16:34:40 INFO  o.a.kafka.common.metrics.Metrics - Metrics reporters closed
2025-12-05 16:34:40 INFO  o.a.kafka.common.metrics.Metrics - Metrics reporters closed
2025-12-05 16:34:40 INFO  o.a.kafka.common.utils.AppInfoParser - App info kafka.consumer for consumer-normalizer-group-17 unregistered
2025-12-05 16:34:40 INFO  o.a.kafka.common.utils.AppInfoParser - App info kafka.consumer for consumer-normalizer-group-18 unregistered
2025-12-05 16:34:40 INFO  o.s.k.l.KafkaMessageListenerContainer - normalizer-group: Consumer stopped
2025-12-05 16:34:40 INFO  o.s.k.l.KafkaMessageListenerContainer - normalizer-group: Consumer stopped
2025-12-05 16:34:40 INFO  o.s.b.w.e.tomcat.GracefulShutdown - Commencing graceful shutdown. Waiting for active requests to complete
2025-12-05 16:34:40 INFO  o.a.coyote.http11.Http11NioProtocol - Pausing ProtocolHandler ["http-nio-8083"]
2025-12-05 16:34:40 INFO  o.s.b.w.e.tomcat.GracefulShutdown - Graceful shutdown complete
2025-12-05 16:34:40 INFO  o.a.coyote.http11.Http11NioProtocol - Stopping ProtocolHandler ["http-nio-8083"]
2025-12-05 16:34:40 INFO  o.s.o.j.LocalContainerEntityManagerFactoryBean - Closing JPA EntityManagerFactory for persistence unit 'default'
2025-12-05 16:34:40 INFO  com.zaxxer.hikari.HikariDataSource - HikariPool-9 - Shutdown initiated...
2025-12-05 16:34:40 INFO  com.zaxxer.hikari.HikariDataSource - HikariPool-9 - Shutdown completed.
2025-12-05 16:34:42 INFO  c.P.U.n.NormalizerServiceApplication - Starting NormalizerServiceApplication using Java 17.0.17 with PID 65 (/app/target/classes started by root in /app)
2025-12-05 16:34:42 INFO  c.P.U.n.NormalizerServiceApplication - No active profile set, falling back to 1 default profile: "default"
2025-12-05 16:34:48 INFO  o.s.d.r.c.RepositoryConfigurationDelegate - Bootstrapping Spring Data JPA repositories in DEFAULT mode.
2025-12-05 16:34:49 INFO  o.s.d.r.c.RepositoryConfigurationDelegate - Finished Spring Data repository scanning in 585 ms. Found 1 JPA repository interface.
2025-12-05 16:34:50 INFO  o.s.b.w.e.tomcat.TomcatWebServer - Tomcat initialized with port 8083 (http)
2025-12-05 16:34:50 INFO  o.a.coyote.http11.Http11NioProtocol - Initializing ProtocolHandler ["http-nio-8083"]
2025-12-05 16:34:50 INFO  o.a.catalina.core.StandardService - Starting service [Tomcat]
2025-12-05 16:34:50 INFO  o.a.catalina.core.StandardEngine - Starting Servlet engine: [Apache Tomcat/10.1.42]
2025-12-05 16:34:51 INFO  o.a.c.c.C.[Tomcat].[localhost].[/] - Initializing Spring embedded WebApplicationContext
2025-12-05 16:34:51 INFO  o.s.b.w.s.c.ServletWebServerApplicationContext - Root WebApplicationContext: initialization completed in 8847 ms
2025-12-05 16:34:51 INFO  o.h.jpa.internal.util.LogHelper - HHH000204: Processing PersistenceUnitInfo [name: default]
2025-12-05 16:34:51 INFO  o.h.c.i.RegionFactoryInitiator - HHH000026: Second-level cache disabled
2025-12-05 16:34:51 INFO  o.s.o.j.p.SpringPersistenceUnitInfo - No LoadTimeWeaver setup: ignoring JPA class transformer
2025-12-05 16:34:51 INFO  com.zaxxer.hikari.HikariDataSource - HikariPool-10 - Starting...
2025-12-05 16:34:52 INFO  com.zaxxer.hikari.pool.HikariPool - HikariPool-10 - Added connection org.postgresql.jdbc.PgConnection@5a83d947
2025-12-05 16:34:52 INFO  com.zaxxer.hikari.HikariDataSource - HikariPool-10 - Start completed.
2025-12-05 16:34:52 WARN  org.hibernate.orm.deprecation - HHH90000025: PostgreSQLDialect does not need to be specified explicitly using 'hibernate.dialect' (remove the property setting and it will be selected by default)
2025-12-05 16:34:52 INFO  o.hibernate.orm.connections.pooling - HHH10001005: Database info:
	Database JDBC URL [Connecting through datasource 'HikariDataSource (HikariPool-10)']
	Database driver: undefined/unknown
	Database version: 15.13
	Autocommit mode: undefined/unknown
	Isolation level: undefined/unknown
	Minimum pool size: undefined/unknown
	Maximum pool size: undefined/unknown
2025-12-05 16:34:54 INFO  o.h.e.t.j.p.i.JtaPlatformInitiator - HHH000489: No JTA platform available (set 'hibernate.transaction.jta.platform' to enable JTA platform integration)
2025-12-05 16:34:54 INFO  o.s.o.j.LocalContainerEntityManagerFactoryBean - Initialized JPA EntityManagerFactory for persistence unit 'default'
2025-12-05 16:34:55 WARN  o.s.b.a.o.j.JpaBaseConfiguration$JpaWebConfiguration - spring.jpa.open-in-view is enabled by default. Therefore, database queries may be performed during view rendering. Explicitly configure spring.jpa.open-in-view to disable this warning
2025-12-05 16:34:56 INFO  o.s.b.d.a.OptionalLiveReloadServer - LiveReload server is running on port 35729
2025-12-05 16:34:56 INFO  o.a.coyote.http11.Http11NioProtocol - Starting ProtocolHandler ["http-nio-8083"]
2025-12-05 16:34:56 INFO  o.s.b.w.e.tomcat.TomcatWebServer - Tomcat started on port 8083 (http) with context path '/'
2025-12-05 16:34:56 INFO  o.a.k.c.consumer.ConsumerConfig - ConsumerConfig values: 
	allow.auto.create.topics = true
	auto.commit.interval.ms = 5000
	auto.include.jmx.reporter = true
	auto.offset.reset = latest
	bootstrap.servers = [kafka:9092]
	check.crcs = true
	client.dns.lookup = use_all_dns_ips
	client.id = consumer-normalizer-group-19
	client.rack = 
	connections.max.idle.ms = 540000
	default.api.timeout.ms = 60000
	enable.auto.commit = false
	enable.metrics.push = true
	exclude.internal.topics = true
	fetch.max.bytes = 52428800
	fetch.max.wait.ms = 500
	fetch.min.bytes = 1
	group.id = normalizer-group
	group.instance.id = null
	group.protocol = classic
	group.remote.assignor = null
	heartbeat.interval.ms = 3000
	interceptor.classes = []
	internal.leave.group.on.close = true
	internal.throw.on.fetch.stable.offset.unsupported = false
	isolation.level = read_uncommitted
	key.deserializer = class org.apache.kafka.common.serialization.StringDeserializer
	max.partition.fetch.bytes = 1048576
	max.poll.interval.ms = 300000
	max.poll.records = 500
	metadata.max.age.ms = 300000
	metadata.recovery.strategy = none
	metric.reporters = []
	metrics.num.samples = 2
	metrics.recording.level = INFO
	metrics.sample.window.ms = 30000
	partition.assignment.strategy = [class org.apache.kafka.clients.consumer.RangeAssignor, class org.apache.kafka.clients.consumer.CooperativeStickyAssignor]
	receive.buffer.bytes = 65536
	reconnect.backoff.max.ms = 1000
	reconnect.backoff.ms = 50
	request.timeout.ms = 30000
	retry.backoff.max.ms = 1000
	retry.backoff.ms = 100
	sasl.client.callback.handler.class = null
	sasl.jaas.config = null
	sasl.kerberos.kinit.cmd = /usr/bin/kinit
	sasl.kerberos.min.time.before.relogin = 60000
	sasl.kerberos.service.name = null
	sasl.kerberos.ticket.renew.jitter = 0.05
	sasl.kerberos.ticket.renew.window.factor = 0.8
	sasl.login.callback.handler.class = null
	sasl.login.class = null
	sasl.login.connect.timeout.ms = null
	sasl.login.read.timeout.ms = null
	sasl.login.refresh.buffer.seconds = 300
	sasl.login.refresh.min.period.seconds = 60
	sasl.login.refresh.window.factor = 0.8
	sasl.login.refresh.window.jitter = 0.05
	sasl.login.retry.backoff.max.ms = 10000
	sasl.login.retry.backoff.ms = 100
	sasl.mechanism = GSSAPI
	sasl.oauthbearer.clock.skew.seconds = 30
	sasl.oauthbearer.expected.audience = null
	sasl.oauthbearer.expected.issuer = null
	sasl.oauthbearer.header.urlencode = false
	sasl.oauthbearer.jwks.endpoint.refresh.ms = 3600000
	sasl.oauthbearer.jwks.endpoint.retry.backoff.max.ms = 10000
	sasl.oauthbearer.jwks.endpoint.retry.backoff.ms = 100
	sasl.oauthbearer.jwks.endpoint.url = null
	sasl.oauthbearer.scope.claim.name = scope
	sasl.oauthbearer.sub.claim.name = sub
	sasl.oauthbearer.token.endpoint.url = null
	security.protocol = PLAINTEXT
	security.providers = null
	send.buffer.bytes = 131072
	session.timeout.ms = 45000
	socket.connection.setup.timeout.max.ms = 30000
	socket.connection.setup.timeout.ms = 10000
	ssl.cipher.suites = null
	ssl.enabled.protocols = [TLSv1.2, TLSv1.3]
	ssl.endpoint.identification.algorithm = https
	ssl.engine.factory.class = null
	ssl.key.password = null
	ssl.keymanager.algorithm = SunX509
	ssl.keystore.certificate.chain = null
	ssl.keystore.key = null
	ssl.keystore.location = null
	ssl.keystore.password = null
	ssl.keystore.type = JKS
	ssl.protocol = TLSv1.3
	ssl.provider = null
	ssl.secure.random.implementation = null
	ssl.trustmanager.algorithm = PKIX
	ssl.truststore.certificates = null
	ssl.truststore.location = null
	ssl.truststore.password = null
	ssl.truststore.type = JKS
	value.deserializer = class org.springframework.kafka.support.serializer.JsonDeserializer

2025-12-05 16:34:56 INFO  o.a.k.c.t.i.KafkaMetricsCollector - initializing Kafka metrics collector
2025-12-05 16:34:57 INFO  o.a.kafka.common.utils.AppInfoParser - Kafka version: 3.9.1
2025-12-05 16:34:57 INFO  o.a.kafka.common.utils.AppInfoParser - Kafka commitId: f745dfdcee2b9851
2025-12-05 16:34:57 INFO  o.a.kafka.common.utils.AppInfoParser - Kafka startTimeMs: 1764952497017
2025-12-05 16:34:57 INFO  o.a.k.c.c.i.ClassicKafkaConsumer - [Consumer clientId=consumer-normalizer-group-19, groupId=normalizer-group] Subscribed to topic(s): transactions
2025-12-05 16:34:57 INFO  o.a.k.c.consumer.ConsumerConfig - ConsumerConfig values: 
	allow.auto.create.topics = true
	auto.commit.interval.ms = 5000
	auto.include.jmx.reporter = true
	auto.offset.reset = latest
	bootstrap.servers = [kafka:9092]
	check.crcs = true
	client.dns.lookup = use_all_dns_ips
	client.id = consumer-normalizer-group-20
	client.rack = 
	connections.max.idle.ms = 540000
	default.api.timeout.ms = 60000
	enable.auto.commit = false
	enable.metrics.push = true
	exclude.internal.topics = true
	fetch.max.bytes = 52428800
	fetch.max.wait.ms = 500
	fetch.min.bytes = 1
	group.id = normalizer-group
	group.instance.id = null
	group.protocol = classic
	group.remote.assignor = null
	heartbeat.interval.ms = 3000
	interceptor.classes = []
	internal.leave.group.on.close = true
	internal.throw.on.fetch.stable.offset.unsupported = false
	isolation.level = read_uncommitted
	key.deserializer = class org.apache.kafka.common.serialization.StringDeserializer
	max.partition.fetch.bytes = 1048576
	max.poll.interval.ms = 300000
	max.poll.records = 500
	metadata.max.age.ms = 300000
	metadata.recovery.strategy = none
	metric.reporters = []
	metrics.num.samples = 2
	metrics.recording.level = INFO
	metrics.sample.window.ms = 30000
	partition.assignment.strategy = [class org.apache.kafka.clients.consumer.RangeAssignor, class org.apache.kafka.clients.consumer.CooperativeStickyAssignor]
	receive.buffer.bytes = 65536
	reconnect.backoff.max.ms = 1000
	reconnect.backoff.ms = 50
	request.timeout.ms = 30000
	retry.backoff.max.ms = 1000
	retry.backoff.ms = 100
	sasl.client.callback.handler.class = null
	sasl.jaas.config = null
	sasl.kerberos.kinit.cmd = /usr/bin/kinit
	sasl.kerberos.min.time.before.relogin = 60000
	sasl.kerberos.service.name = null
	sasl.kerberos.ticket.renew.jitter = 0.05
	sasl.kerberos.ticket.renew.window.factor = 0.8
	sasl.login.callback.handler.class = null
	sasl.login.class = null
	sasl.login.connect.timeout.ms = null
	sasl.login.read.timeout.ms = null
	sasl.login.refresh.buffer.seconds = 300
	sasl.login.refresh.min.period.seconds = 60
	sasl.login.refresh.window.factor = 0.8
	sasl.login.refresh.window.jitter = 0.05
	sasl.login.retry.backoff.max.ms = 10000
	sasl.login.retry.backoff.ms = 100
	sasl.mechanism = GSSAPI
	sasl.oauthbearer.clock.skew.seconds = 30
	sasl.oauthbearer.expected.audience = null
	sasl.oauthbearer.expected.issuer = null
	sasl.oauthbearer.header.urlencode = false
	sasl.oauthbearer.jwks.endpoint.refresh.ms = 3600000
	sasl.oauthbearer.jwks.endpoint.retry.backoff.max.ms = 10000
	sasl.oauthbearer.jwks.endpoint.retry.backoff.ms = 100
	sasl.oauthbearer.jwks.endpoint.url = null
	sasl.oauthbearer.scope.claim.name = scope
	sasl.oauthbearer.sub.claim.name = sub
	sasl.oauthbearer.token.endpoint.url = null
	security.protocol = PLAINTEXT
	security.providers = null
	send.buffer.bytes = 131072
	session.timeout.ms = 45000
	socket.connection.setup.timeout.max.ms = 30000
	socket.connection.setup.timeout.ms = 10000
	ssl.cipher.suites = null
	ssl.enabled.protocols = [TLSv1.2, TLSv1.3]
	ssl.endpoint.identification.algorithm = https
	ssl.engine.factory.class = null
	ssl.key.password = null
	ssl.keymanager.algorithm = SunX509
	ssl.keystore.certificate.chain = null
	ssl.keystore.key = null
	ssl.keystore.location = null
	ssl.keystore.password = null
	ssl.keystore.type = JKS
	ssl.protocol = TLSv1.3
	ssl.provider = null
	ssl.secure.random.implementation = null
	ssl.trustmanager.algorithm = PKIX
	ssl.truststore.certificates = null
	ssl.truststore.location = null
	ssl.truststore.password = null
	ssl.truststore.type = JKS
	value.deserializer = class org.springframework.kafka.support.serializer.JsonDeserializer

2025-12-05 16:34:57 INFO  o.a.k.c.t.i.KafkaMetricsCollector - initializing Kafka metrics collector
2025-12-05 16:34:57 INFO  o.a.kafka.common.utils.AppInfoParser - Kafka version: 3.9.1
2025-12-05 16:34:57 INFO  o.a.kafka.common.utils.AppInfoParser - Kafka commitId: f745dfdcee2b9851
2025-12-05 16:34:57 INFO  o.a.kafka.common.utils.AppInfoParser - Kafka startTimeMs: 1764952497147
2025-12-05 16:34:57 INFO  o.a.k.c.c.i.ClassicKafkaConsumer - [Consumer clientId=consumer-normalizer-group-20, groupId=normalizer-group] Subscribed to topic(s): raw-transactions
2025-12-05 16:34:57 INFO  org.apache.kafka.clients.Metadata - [Consumer clientId=consumer-normalizer-group-19, groupId=normalizer-group] Cluster ID: -Ev3b8JLS_uTHl36QpBdMw
2025-12-05 16:34:57 INFO  c.P.U.n.NormalizerServiceApplication - Started NormalizerServiceApplication in 15.542 seconds (process running for 2302.876)
2025-12-05 16:34:57 INFO  org.apache.kafka.clients.Metadata - [Consumer clientId=consumer-normalizer-group-20, groupId=normalizer-group] Cluster ID: -Ev3b8JLS_uTHl36QpBdMw
2025-12-05 16:34:57 INFO  o.s.b.d.a.ConditionEvaluationDeltaLoggingListener - Condition evaluation unchanged
2025-12-05 16:34:57 INFO  o.a.k.c.c.i.ConsumerCoordinator - [Consumer clientId=consumer-normalizer-group-19, groupId=normalizer-group] Discovered group coordinator kafka:9092 (id: 2147483646 rack: null)
2025-12-05 16:34:57 INFO  o.a.k.c.c.i.ConsumerCoordinator - [Consumer clientId=consumer-normalizer-group-20, groupId=normalizer-group] Discovered group coordinator kafka:9092 (id: 2147483646 rack: null)
2025-12-05 16:34:57 INFO  o.a.k.c.c.i.ConsumerCoordinator - [Consumer clientId=consumer-normalizer-group-19, groupId=normalizer-group] (Re-)joining group
2025-12-05 16:34:57 INFO  o.a.k.c.c.i.ConsumerCoordinator - [Consumer clientId=consumer-normalizer-group-20, groupId=normalizer-group] (Re-)joining group
2025-12-05 16:34:57 INFO  o.a.k.c.c.i.ConsumerCoordinator - [Consumer clientId=consumer-normalizer-group-20, groupId=normalizer-group] Request joining group due to: need to re-join with the given member-id: consumer-normalizer-group-20-48c3cf05-586f-48b0-a308-f7f28d4d2bce
2025-12-05 16:34:57 INFO  o.a.k.c.c.i.ConsumerCoordinator - [Consumer clientId=consumer-normalizer-group-19, groupId=normalizer-group] Request joining group due to: need to re-join with the given member-id: consumer-normalizer-group-19-8c4a9675-15f5-44f0-91ec-4bc905e726c8
2025-12-05 16:34:57 INFO  o.a.k.c.c.i.ConsumerCoordinator - [Consumer clientId=consumer-normalizer-group-20, groupId=normalizer-group] (Re-)joining group
2025-12-05 16:34:57 INFO  o.a.k.c.c.i.ConsumerCoordinator - [Consumer clientId=consumer-normalizer-group-19, groupId=normalizer-group] (Re-)joining group
2025-12-05 16:35:00 INFO  o.a.k.c.c.i.ConsumerCoordinator - [Consumer clientId=consumer-normalizer-group-19, groupId=normalizer-group] Successfully joined group with generation Generation{generationId=21, memberId='consumer-normalizer-group-19-8c4a9675-15f5-44f0-91ec-4bc905e726c8', protocol='range'}
2025-12-05 16:35:00 INFO  o.a.k.c.c.i.ConsumerCoordinator - [Consumer clientId=consumer-normalizer-group-20, groupId=normalizer-group] Successfully joined group with generation Generation{generationId=21, memberId='consumer-normalizer-group-20-48c3cf05-586f-48b0-a308-f7f28d4d2bce', protocol='range'}
2025-12-05 16:35:00 INFO  o.a.k.c.c.i.ConsumerCoordinator - [Consumer clientId=consumer-normalizer-group-20, groupId=normalizer-group] Finished assignment for group at generation 21: {consumer-normalizer-group-19-8c4a9675-15f5-44f0-91ec-4bc905e726c8=Assignment(partitions=[transactions-0]), consumer-normalizer-group-20-48c3cf05-586f-48b0-a308-f7f28d4d2bce=Assignment(partitions=[raw-transactions-0])}
2025-12-05 16:35:00 INFO  o.a.k.c.c.i.ConsumerCoordinator - [Consumer clientId=consumer-normalizer-group-20, groupId=normalizer-group] Successfully synced group in generation Generation{generationId=21, memberId='consumer-normalizer-group-20-48c3cf05-586f-48b0-a308-f7f28d4d2bce', protocol='range'}
2025-12-05 16:35:00 INFO  o.a.k.c.c.i.ConsumerCoordinator - [Consumer clientId=consumer-normalizer-group-19, groupId=normalizer-group] Successfully synced group in generation Generation{generationId=21, memberId='consumer-normalizer-group-19-8c4a9675-15f5-44f0-91ec-4bc905e726c8', protocol='range'}
2025-12-05 16:35:00 INFO  o.a.k.c.c.i.ConsumerCoordinator - [Consumer clientId=consumer-normalizer-group-20, groupId=normalizer-group] Notifying assignor about the new Assignment(partitions=[raw-transactions-0])
2025-12-05 16:35:00 INFO  o.a.k.c.c.i.ConsumerCoordinator - [Consumer clientId=consumer-normalizer-group-19, groupId=normalizer-group] Notifying assignor about the new Assignment(partitions=[transactions-0])
2025-12-05 16:35:00 INFO  o.a.k.c.c.i.ConsumerRebalanceListenerInvoker - [Consumer clientId=consumer-normalizer-group-20, groupId=normalizer-group] Adding newly assigned partitions: raw-transactions-0
2025-12-05 16:35:00 INFO  o.a.k.c.c.i.ConsumerRebalanceListenerInvoker - [Consumer clientId=consumer-normalizer-group-19, groupId=normalizer-group] Adding newly assigned partitions: transactions-0
2025-12-05 16:35:00 INFO  o.a.k.c.c.internals.ConsumerUtils - Setting offset for partition transactions-0 to the committed offset FetchPosition{offset=0, offsetEpoch=Optional.empty, currentLeader=LeaderAndEpoch{leader=Optional[kafka:9092 (id: 1 rack: null)], epoch=0}}
2025-12-05 16:35:00 INFO  o.s.k.l.KafkaMessageListenerContainer - normalizer-group: partitions assigned: [transactions-0]
2025-12-05 16:35:00 INFO  o.a.k.c.c.internals.ConsumerUtils - Setting offset for partition raw-transactions-0 to the committed offset FetchPosition{offset=3, offsetEpoch=Optional.empty, currentLeader=LeaderAndEpoch{leader=Optional[kafka:9092 (id: 1 rack: null)], epoch=0}}
2025-12-05 16:35:00 INFO  o.s.k.l.KafkaMessageListenerContainer - normalizer-group: partitions assigned: [raw-transactions-0]
2025-12-05 16:35:03 INFO  o.s.b.d.a.LocalDevToolsAutoConfiguration$RestartingClassPathChangeChangedEventListener - Restarting due to 1 class path change (0 additions, 0 deletions, 1 modification)
2025-12-05 16:35:03 INFO  o.a.k.c.c.i.ConsumerRebalanceListenerInvoker - [Consumer clientId=consumer-normalizer-group-20, groupId=normalizer-group] Revoke previously assigned partitions raw-transactions-0
2025-12-05 16:35:03 INFO  o.s.k.l.KafkaMessageListenerContainer - normalizer-group: partitions revoked: [raw-transactions-0]
2025-12-05 16:35:03 INFO  o.a.k.c.c.i.ConsumerRebalanceListenerInvoker - [Consumer clientId=consumer-normalizer-group-19, groupId=normalizer-group] Revoke previously assigned partitions transactions-0
2025-12-05 16:35:03 INFO  o.a.k.c.c.i.ConsumerCoordinator - [Consumer clientId=consumer-normalizer-group-20, groupId=normalizer-group] Member consumer-normalizer-group-20-48c3cf05-586f-48b0-a308-f7f28d4d2bce sending LeaveGroup request to coordinator kafka:9092 (id: 2147483646 rack: null) due to the consumer unsubscribed from all topics
2025-12-05 16:35:03 INFO  o.s.k.l.KafkaMessageListenerContainer - normalizer-group: partitions revoked: [transactions-0]
2025-12-05 16:35:03 INFO  o.a.k.c.c.i.ConsumerCoordinator - [Consumer clientId=consumer-normalizer-group-19, groupId=normalizer-group] Member consumer-normalizer-group-19-8c4a9675-15f5-44f0-91ec-4bc905e726c8 sending LeaveGroup request to coordinator kafka:9092 (id: 2147483646 rack: null) due to the consumer unsubscribed from all topics
2025-12-05 16:35:03 INFO  o.a.k.c.c.i.ConsumerCoordinator - [Consumer clientId=consumer-normalizer-group-20, groupId=normalizer-group] Resetting generation and member id due to: consumer pro-actively leaving the group
2025-12-05 16:35:03 INFO  o.a.k.c.c.i.ConsumerCoordinator - [Consumer clientId=consumer-normalizer-group-19, groupId=normalizer-group] Resetting generation and member id due to: consumer pro-actively leaving the group
2025-12-05 16:35:03 INFO  o.a.k.c.c.i.ConsumerCoordinator - [Consumer clientId=consumer-normalizer-group-20, groupId=normalizer-group] Request joining group due to: consumer pro-actively leaving the group
2025-12-05 16:35:03 INFO  o.a.k.c.c.i.ConsumerCoordinator - [Consumer clientId=consumer-normalizer-group-19, groupId=normalizer-group] Request joining group due to: consumer pro-actively leaving the group
2025-12-05 16:35:03 INFO  o.a.k.c.c.i.ClassicKafkaConsumer - [Consumer clientId=consumer-normalizer-group-20, groupId=normalizer-group] Unsubscribed all topics or patterns and assigned partitions
2025-12-05 16:35:03 INFO  o.a.k.c.c.i.ClassicKafkaConsumer - [Consumer clientId=consumer-normalizer-group-19, groupId=normalizer-group] Unsubscribed all topics or patterns and assigned partitions
2025-12-05 16:35:03 INFO  o.a.k.c.c.i.ConsumerCoordinator - [Consumer clientId=consumer-normalizer-group-20, groupId=normalizer-group] Resetting generation and member id due to: consumer pro-actively leaving the group
2025-12-05 16:35:03 INFO  o.a.k.c.c.i.ConsumerCoordinator - [Consumer clientId=consumer-normalizer-group-20, groupId=normalizer-group] Request joining group due to: consumer pro-actively leaving the group
2025-12-05 16:35:03 INFO  o.a.k.c.c.i.ConsumerCoordinator - [Consumer clientId=consumer-normalizer-group-19, groupId=normalizer-group] Resetting generation and member id due to: consumer pro-actively leaving the group
2025-12-05 16:35:03 INFO  o.a.k.c.c.i.ConsumerCoordinator - [Consumer clientId=consumer-normalizer-group-19, groupId=normalizer-group] Request joining group due to: consumer pro-actively leaving the group
2025-12-05 16:35:03 INFO  o.a.kafka.common.metrics.Metrics - Metrics scheduler closed
2025-12-05 16:35:03 INFO  o.a.kafka.common.metrics.Metrics - Closing reporter org.apache.kafka.common.metrics.JmxReporter
2025-12-05 16:35:03 INFO  o.a.kafka.common.metrics.Metrics - Closing reporter org.apache.kafka.common.telemetry.internals.ClientTelemetryReporter
2025-12-05 16:35:03 INFO  o.a.kafka.common.metrics.Metrics - Metrics reporters closed
2025-12-05 16:35:03 INFO  o.a.kafka.common.metrics.Metrics - Metrics scheduler closed
2025-12-05 16:35:03 INFO  o.a.kafka.common.metrics.Metrics - Closing reporter org.apache.kafka.common.metrics.JmxReporter
2025-12-05 16:35:03 INFO  o.a.kafka.common.metrics.Metrics - Closing reporter org.apache.kafka.common.telemetry.internals.ClientTelemetryReporter
2025-12-05 16:35:03 INFO  o.a.kafka.common.metrics.Metrics - Metrics reporters closed
2025-12-05 16:35:03 INFO  o.a.kafka.common.utils.AppInfoParser - App info kafka.consumer for consumer-normalizer-group-19 unregistered
2025-12-05 16:35:03 INFO  o.s.k.l.KafkaMessageListenerContainer - normalizer-group: Consumer stopped
2025-12-05 16:35:03 INFO  o.a.kafka.common.utils.AppInfoParser - App info kafka.consumer for consumer-normalizer-group-20 unregistered
2025-12-05 16:35:03 INFO  o.s.k.l.KafkaMessageListenerContainer - normalizer-group: Consumer stopped
2025-12-05 16:35:03 INFO  o.s.b.w.e.tomcat.GracefulShutdown - Commencing graceful shutdown. Waiting for active requests to complete
2025-12-05 16:35:03 INFO  o.a.coyote.http11.Http11NioProtocol - Pausing ProtocolHandler ["http-nio-8083"]
2025-12-05 16:35:03 INFO  o.s.b.w.e.tomcat.GracefulShutdown - Graceful shutdown complete
2025-12-05 16:35:03 INFO  o.a.coyote.http11.Http11NioProtocol - Stopping ProtocolHandler ["http-nio-8083"]
2025-12-05 16:35:03 INFO  o.s.o.j.LocalContainerEntityManagerFactoryBean - Closing JPA EntityManagerFactory for persistence unit 'default'
2025-12-05 16:35:03 INFO  com.zaxxer.hikari.HikariDataSource - HikariPool-10 - Shutdown initiated...
2025-12-05 16:35:03 INFO  com.zaxxer.hikari.HikariDataSource - HikariPool-10 - Shutdown completed.
2025-12-05 16:35:04 INFO  c.P.U.n.NormalizerServiceApplication - Starting NormalizerServiceApplication using Java 17.0.17 with PID 65 (/app/target/classes started by root in /app)
2025-12-05 16:35:04 INFO  c.P.U.n.NormalizerServiceApplication - No active profile set, falling back to 1 default profile: "default"
2025-12-05 16:35:10 INFO  o.s.d.r.c.RepositoryConfigurationDelegate - Bootstrapping Spring Data JPA repositories in DEFAULT mode.
2025-12-05 16:35:10 INFO  o.s.d.r.c.RepositoryConfigurationDelegate - Finished Spring Data repository scanning in 204 ms. Found 1 JPA repository interface.
2025-12-05 16:35:11 INFO  o.s.b.w.e.tomcat.TomcatWebServer - Tomcat initialized with port 8083 (http)
2025-12-05 16:35:11 INFO  o.a.coyote.http11.Http11NioProtocol - Initializing ProtocolHandler ["http-nio-8083"]
2025-12-05 16:35:11 INFO  o.a.catalina.core.StandardService - Starting service [Tomcat]
2025-12-05 16:35:11 INFO  o.a.catalina.core.StandardEngine - Starting Servlet engine: [Apache Tomcat/10.1.42]
2025-12-05 16:35:11 INFO  o.a.c.c.C.[Tomcat].[localhost].[/] - Initializing Spring embedded WebApplicationContext
2025-12-05 16:35:11 INFO  o.s.b.w.s.c.ServletWebServerApplicationContext - Root WebApplicationContext: initialization completed in 7098 ms
2025-12-05 16:35:12 INFO  o.h.jpa.internal.util.LogHelper - HHH000204: Processing PersistenceUnitInfo [name: default]
2025-12-05 16:35:12 INFO  o.h.c.i.RegionFactoryInitiator - HHH000026: Second-level cache disabled
2025-12-05 16:35:12 INFO  o.s.o.j.p.SpringPersistenceUnitInfo - No LoadTimeWeaver setup: ignoring JPA class transformer
2025-12-05 16:35:12 INFO  com.zaxxer.hikari.HikariDataSource - HikariPool-11 - Starting...
2025-12-05 16:35:12 INFO  com.zaxxer.hikari.pool.HikariPool - HikariPool-11 - Added connection org.postgresql.jdbc.PgConnection@3aa23e04
2025-12-05 16:35:12 INFO  com.zaxxer.hikari.HikariDataSource - HikariPool-11 - Start completed.
2025-12-05 16:35:12 WARN  org.hibernate.orm.deprecation - HHH90000025: PostgreSQLDialect does not need to be specified explicitly using 'hibernate.dialect' (remove the property setting and it will be selected by default)
2025-12-05 16:35:12 INFO  o.hibernate.orm.connections.pooling - HHH10001005: Database info:
	Database JDBC URL [Connecting through datasource 'HikariDataSource (HikariPool-11)']
	Database driver: undefined/unknown
	Database version: 15.13
	Autocommit mode: undefined/unknown
	Isolation level: undefined/unknown
	Minimum pool size: undefined/unknown
	Maximum pool size: undefined/unknown
2025-12-05 16:35:13 INFO  o.h.e.t.j.p.i.JtaPlatformInitiator - HHH000489: No JTA platform available (set 'hibernate.transaction.jta.platform' to enable JTA platform integration)
2025-12-05 16:35:13 INFO  o.s.o.j.LocalContainerEntityManagerFactoryBean - Initialized JPA EntityManagerFactory for persistence unit 'default'
2025-12-05 16:35:13 WARN  o.s.b.a.o.j.JpaBaseConfiguration$JpaWebConfiguration - spring.jpa.open-in-view is enabled by default. Therefore, database queries may be performed during view rendering. Explicitly configure spring.jpa.open-in-view to disable this warning
2025-12-05 16:35:14 INFO  o.s.b.d.a.OptionalLiveReloadServer - LiveReload server is running on port 35729
2025-12-05 16:35:14 INFO  o.a.coyote.http11.Http11NioProtocol - Starting ProtocolHandler ["http-nio-8083"]
2025-12-05 16:35:14 INFO  o.s.b.w.e.tomcat.TomcatWebServer - Tomcat started on port 8083 (http) with context path '/'
2025-12-05 16:35:14 INFO  o.a.k.c.consumer.ConsumerConfig - ConsumerConfig values: 
	allow.auto.create.topics = true
	auto.commit.interval.ms = 5000
	auto.include.jmx.reporter = true
	auto.offset.reset = latest
	bootstrap.servers = [kafka:9092]
	check.crcs = true
	client.dns.lookup = use_all_dns_ips
	client.id = consumer-normalizer-group-21
	client.rack = 
	connections.max.idle.ms = 540000
	default.api.timeout.ms = 60000
	enable.auto.commit = false
	enable.metrics.push = true
	exclude.internal.topics = true
	fetch.max.bytes = 52428800
	fetch.max.wait.ms = 500
	fetch.min.bytes = 1
	group.id = normalizer-group
	group.instance.id = null
	group.protocol = classic
	group.remote.assignor = null
	heartbeat.interval.ms = 3000
	interceptor.classes = []
	internal.leave.group.on.close = true
	internal.throw.on.fetch.stable.offset.unsupported = false
	isolation.level = read_uncommitted
	key.deserializer = class org.apache.kafka.common.serialization.StringDeserializer
	max.partition.fetch.bytes = 1048576
	max.poll.interval.ms = 300000
	max.poll.records = 500
	metadata.max.age.ms = 300000
	metadata.recovery.strategy = none
	metric.reporters = []
	metrics.num.samples = 2
	metrics.recording.level = INFO
	metrics.sample.window.ms = 30000
	partition.assignment.strategy = [class org.apache.kafka.clients.consumer.RangeAssignor, class org.apache.kafka.clients.consumer.CooperativeStickyAssignor]
	receive.buffer.bytes = 65536
	reconnect.backoff.max.ms = 1000
	reconnect.backoff.ms = 50
	request.timeout.ms = 30000
	retry.backoff.max.ms = 1000
	retry.backoff.ms = 100
	sasl.client.callback.handler.class = null
	sasl.jaas.config = null
	sasl.kerberos.kinit.cmd = /usr/bin/kinit
	sasl.kerberos.min.time.before.relogin = 60000
	sasl.kerberos.service.name = null
	sasl.kerberos.ticket.renew.jitter = 0.05
	sasl.kerberos.ticket.renew.window.factor = 0.8
	sasl.login.callback.handler.class = null
	sasl.login.class = null
	sasl.login.connect.timeout.ms = null
	sasl.login.read.timeout.ms = null
	sasl.login.refresh.buffer.seconds = 300
	sasl.login.refresh.min.period.seconds = 60
	sasl.login.refresh.window.factor = 0.8
	sasl.login.refresh.window.jitter = 0.05
	sasl.login.retry.backoff.max.ms = 10000
	sasl.login.retry.backoff.ms = 100
	sasl.mechanism = GSSAPI
	sasl.oauthbearer.clock.skew.seconds = 30
	sasl.oauthbearer.expected.audience = null
	sasl.oauthbearer.expected.issuer = null
	sasl.oauthbearer.header.urlencode = false
	sasl.oauthbearer.jwks.endpoint.refresh.ms = 3600000
	sasl.oauthbearer.jwks.endpoint.retry.backoff.max.ms = 10000
	sasl.oauthbearer.jwks.endpoint.retry.backoff.ms = 100
	sasl.oauthbearer.jwks.endpoint.url = null
	sasl.oauthbearer.scope.claim.name = scope
	sasl.oauthbearer.sub.claim.name = sub
	sasl.oauthbearer.token.endpoint.url = null
	security.protocol = PLAINTEXT
	security.providers = null
	send.buffer.bytes = 131072
	session.timeout.ms = 45000
	socket.connection.setup.timeout.max.ms = 30000
	socket.connection.setup.timeout.ms = 10000
	ssl.cipher.suites = null
	ssl.enabled.protocols = [TLSv1.2, TLSv1.3]
	ssl.endpoint.identification.algorithm = https
	ssl.engine.factory.class = null
	ssl.key.password = null
	ssl.keymanager.algorithm = SunX509
	ssl.keystore.certificate.chain = null
	ssl.keystore.key = null
	ssl.keystore.location = null
	ssl.keystore.password = null
	ssl.keystore.type = JKS
	ssl.protocol = TLSv1.3
	ssl.provider = null
	ssl.secure.random.implementation = null
	ssl.trustmanager.algorithm = PKIX
	ssl.truststore.certificates = null
	ssl.truststore.location = null
	ssl.truststore.password = null
	ssl.truststore.type = JKS
	value.deserializer = class org.springframework.kafka.support.serializer.JsonDeserializer

2025-12-05 16:35:14 INFO  o.a.k.c.t.i.KafkaMetricsCollector - initializing Kafka metrics collector
2025-12-05 16:35:14 INFO  o.a.kafka.common.utils.AppInfoParser - Kafka version: 3.9.1
2025-12-05 16:35:14 INFO  o.a.kafka.common.utils.AppInfoParser - Kafka commitId: f745dfdcee2b9851
2025-12-05 16:35:14 INFO  o.a.kafka.common.utils.AppInfoParser - Kafka startTimeMs: 1764952514768
2025-12-05 16:35:14 INFO  o.a.k.c.c.i.ClassicKafkaConsumer - [Consumer clientId=consumer-normalizer-group-21, groupId=normalizer-group] Subscribed to topic(s): transactions
2025-12-05 16:35:14 INFO  o.a.k.c.consumer.ConsumerConfig - ConsumerConfig values: 
	allow.auto.create.topics = true
	auto.commit.interval.ms = 5000
	auto.include.jmx.reporter = true
	auto.offset.reset = latest
	bootstrap.servers = [kafka:9092]
	check.crcs = true
	client.dns.lookup = use_all_dns_ips
	client.id = consumer-normalizer-group-22
	client.rack = 
	connections.max.idle.ms = 540000
	default.api.timeout.ms = 60000
	enable.auto.commit = false
	enable.metrics.push = true
	exclude.internal.topics = true
	fetch.max.bytes = 52428800
	fetch.max.wait.ms = 500
	fetch.min.bytes = 1
	group.id = normalizer-group
	group.instance.id = null
	group.protocol = classic
	group.remote.assignor = null
	heartbeat.interval.ms = 3000
	interceptor.classes = []
	internal.leave.group.on.close = true
	internal.throw.on.fetch.stable.offset.unsupported = false
	isolation.level = read_uncommitted
	key.deserializer = class org.apache.kafka.common.serialization.StringDeserializer
	max.partition.fetch.bytes = 1048576
	max.poll.interval.ms = 300000
	max.poll.records = 500
	metadata.max.age.ms = 300000
	metadata.recovery.strategy = none
	metric.reporters = []
	metrics.num.samples = 2
	metrics.recording.level = INFO
	metrics.sample.window.ms = 30000
	partition.assignment.strategy = [class org.apache.kafka.clients.consumer.RangeAssignor, class org.apache.kafka.clients.consumer.CooperativeStickyAssignor]
	receive.buffer.bytes = 65536
	reconnect.backoff.max.ms = 1000
	reconnect.backoff.ms = 50
	request.timeout.ms = 30000
	retry.backoff.max.ms = 1000
	retry.backoff.ms = 100
	sasl.client.callback.handler.class = null
	sasl.jaas.config = null
	sasl.kerberos.kinit.cmd = /usr/bin/kinit
	sasl.kerberos.min.time.before.relogin = 60000
	sasl.kerberos.service.name = null
	sasl.kerberos.ticket.renew.jitter = 0.05
	sasl.kerberos.ticket.renew.window.factor = 0.8
	sasl.login.callback.handler.class = null
	sasl.login.class = null
	sasl.login.connect.timeout.ms = null
	sasl.login.read.timeout.ms = null
	sasl.login.refresh.buffer.seconds = 300
	sasl.login.refresh.min.period.seconds = 60
	sasl.login.refresh.window.factor = 0.8
	sasl.login.refresh.window.jitter = 0.05
	sasl.login.retry.backoff.max.ms = 10000
	sasl.login.retry.backoff.ms = 100
	sasl.mechanism = GSSAPI
	sasl.oauthbearer.clock.skew.seconds = 30
	sasl.oauthbearer.expected.audience = null
	sasl.oauthbearer.expected.issuer = null
	sasl.oauthbearer.header.urlencode = false
	sasl.oauthbearer.jwks.endpoint.refresh.ms = 3600000
	sasl.oauthbearer.jwks.endpoint.retry.backoff.max.ms = 10000
	sasl.oauthbearer.jwks.endpoint.retry.backoff.ms = 100
	sasl.oauthbearer.jwks.endpoint.url = null
	sasl.oauthbearer.scope.claim.name = scope
	sasl.oauthbearer.sub.claim.name = sub
	sasl.oauthbearer.token.endpoint.url = null
	security.protocol = PLAINTEXT
	security.providers = null
	send.buffer.bytes = 131072
	session.timeout.ms = 45000
	socket.connection.setup.timeout.max.ms = 30000
	socket.connection.setup.timeout.ms = 10000
	ssl.cipher.suites = null
	ssl.enabled.protocols = [TLSv1.2, TLSv1.3]
	ssl.endpoint.identification.algorithm = https
	ssl.engine.factory.class = null
	ssl.key.password = null
	ssl.keymanager.algorithm = SunX509
	ssl.keystore.certificate.chain = null
	ssl.keystore.key = null
	ssl.keystore.location = null
	ssl.keystore.password = null
	ssl.keystore.type = JKS
	ssl.protocol = TLSv1.3
	ssl.provider = null
	ssl.secure.random.implementation = null
	ssl.trustmanager.algorithm = PKIX
	ssl.truststore.certificates = null
	ssl.truststore.location = null
	ssl.truststore.password = null
	ssl.truststore.type = JKS
	value.deserializer = class org.springframework.kafka.support.serializer.JsonDeserializer

2025-12-05 16:35:14 INFO  o.a.k.c.t.i.KafkaMetricsCollector - initializing Kafka metrics collector
2025-12-05 16:35:14 INFO  org.apache.kafka.clients.Metadata - [Consumer clientId=consumer-normalizer-group-21, groupId=normalizer-group] Cluster ID: -Ev3b8JLS_uTHl36QpBdMw
2025-12-05 16:35:14 INFO  o.a.k.c.c.i.ConsumerCoordinator - [Consumer clientId=consumer-normalizer-group-21, groupId=normalizer-group] Discovered group coordinator kafka:9092 (id: 2147483646 rack: null)
2025-12-05 16:35:14 INFO  o.a.kafka.common.utils.AppInfoParser - Kafka version: 3.9.1
2025-12-05 16:35:14 INFO  o.a.k.c.c.i.ConsumerCoordinator - [Consumer clientId=consumer-normalizer-group-21, groupId=normalizer-group] (Re-)joining group
2025-12-05 16:35:14 INFO  o.a.kafka.common.utils.AppInfoParser - Kafka commitId: f745dfdcee2b9851
2025-12-05 16:35:14 INFO  o.a.k.c.c.i.ConsumerCoordinator - [Consumer clientId=consumer-normalizer-group-21, groupId=normalizer-group] Request joining group due to: need to re-join with the given member-id: consumer-normalizer-group-21-cc90f990-847e-4135-ad8d-ede4c17d89a8
2025-12-05 16:35:14 INFO  o.a.k.c.c.i.ConsumerCoordinator - [Consumer clientId=consumer-normalizer-group-21, groupId=normalizer-group] (Re-)joining group
2025-12-05 16:35:14 INFO  o.a.kafka.common.utils.AppInfoParser - Kafka startTimeMs: 1764952514825
2025-12-05 16:35:14 INFO  o.a.k.c.c.i.ClassicKafkaConsumer - [Consumer clientId=consumer-normalizer-group-22, groupId=normalizer-group] Subscribed to topic(s): raw-transactions
2025-12-05 16:35:14 INFO  c.P.U.n.NormalizerServiceApplication - Started NormalizerServiceApplication in 10.883 seconds (process running for 2320.58)
2025-12-05 16:35:14 INFO  org.apache.kafka.clients.Metadata - [Consumer clientId=consumer-normalizer-group-22, groupId=normalizer-group] Cluster ID: -Ev3b8JLS_uTHl36QpBdMw
2025-12-05 16:35:14 INFO  o.a.k.c.c.i.ConsumerCoordinator - [Consumer clientId=consumer-normalizer-group-22, groupId=normalizer-group] Discovered group coordinator kafka:9092 (id: 2147483646 rack: null)
2025-12-05 16:35:14 INFO  o.s.b.d.a.ConditionEvaluationDeltaLoggingListener - Condition evaluation unchanged
2025-12-05 16:35:14 INFO  o.a.k.c.c.i.ConsumerCoordinator - [Consumer clientId=consumer-normalizer-group-22, groupId=normalizer-group] (Re-)joining group
2025-12-05 16:35:14 INFO  o.a.k.c.c.i.ConsumerCoordinator - [Consumer clientId=consumer-normalizer-group-22, groupId=normalizer-group] Request joining group due to: need to re-join with the given member-id: consumer-normalizer-group-22-39120f40-fe0a-40e5-9505-90f1a52ef340
2025-12-05 16:35:14 INFO  o.a.k.c.c.i.ConsumerCoordinator - [Consumer clientId=consumer-normalizer-group-22, groupId=normalizer-group] (Re-)joining group
2025-12-05 16:35:17 INFO  o.a.k.c.c.i.ConsumerCoordinator - [Consumer clientId=consumer-normalizer-group-22, groupId=normalizer-group] Successfully joined group with generation Generation{generationId=23, memberId='consumer-normalizer-group-22-39120f40-fe0a-40e5-9505-90f1a52ef340', protocol='range'}
2025-12-05 16:35:17 INFO  o.a.k.c.c.i.ConsumerCoordinator - [Consumer clientId=consumer-normalizer-group-21, groupId=normalizer-group] Successfully joined group with generation Generation{generationId=23, memberId='consumer-normalizer-group-21-cc90f990-847e-4135-ad8d-ede4c17d89a8', protocol='range'}
2025-12-05 16:35:17 INFO  o.a.k.c.c.i.ConsumerCoordinator - [Consumer clientId=consumer-normalizer-group-21, groupId=normalizer-group] Finished assignment for group at generation 23: {consumer-normalizer-group-22-39120f40-fe0a-40e5-9505-90f1a52ef340=Assignment(partitions=[raw-transactions-0]), consumer-normalizer-group-21-cc90f990-847e-4135-ad8d-ede4c17d89a8=Assignment(partitions=[transactions-0])}
2025-12-05 16:35:17 INFO  o.a.k.c.c.i.ConsumerCoordinator - [Consumer clientId=consumer-normalizer-group-22, groupId=normalizer-group] Successfully synced group in generation Generation{generationId=23, memberId='consumer-normalizer-group-22-39120f40-fe0a-40e5-9505-90f1a52ef340', protocol='range'}
2025-12-05 16:35:17 INFO  o.a.k.c.c.i.ConsumerCoordinator - [Consumer clientId=consumer-normalizer-group-21, groupId=normalizer-group] Successfully synced group in generation Generation{generationId=23, memberId='consumer-normalizer-group-21-cc90f990-847e-4135-ad8d-ede4c17d89a8', protocol='range'}
2025-12-05 16:35:17 INFO  o.a.k.c.c.i.ConsumerCoordinator - [Consumer clientId=consumer-normalizer-group-22, groupId=normalizer-group] Notifying assignor about the new Assignment(partitions=[raw-transactions-0])
2025-12-05 16:35:17 INFO  o.a.k.c.c.i.ConsumerCoordinator - [Consumer clientId=consumer-normalizer-group-21, groupId=normalizer-group] Notifying assignor about the new Assignment(partitions=[transactions-0])
2025-12-05 16:35:17 INFO  o.a.k.c.c.i.ConsumerRebalanceListenerInvoker - [Consumer clientId=consumer-normalizer-group-22, groupId=normalizer-group] Adding newly assigned partitions: raw-transactions-0
2025-12-05 16:35:17 INFO  o.a.k.c.c.i.ConsumerRebalanceListenerInvoker - [Consumer clientId=consumer-normalizer-group-21, groupId=normalizer-group] Adding newly assigned partitions: transactions-0
2025-12-05 16:35:17 INFO  o.a.k.c.c.internals.ConsumerUtils - Setting offset for partition raw-transactions-0 to the committed offset FetchPosition{offset=3, offsetEpoch=Optional.empty, currentLeader=LeaderAndEpoch{leader=Optional[kafka:9092 (id: 1 rack: null)], epoch=0}}
2025-12-05 16:35:17 INFO  o.s.k.l.KafkaMessageListenerContainer - normalizer-group: partitions assigned: [raw-transactions-0]
2025-12-05 16:35:17 INFO  o.a.k.c.c.internals.ConsumerUtils - Setting offset for partition transactions-0 to the committed offset FetchPosition{offset=0, offsetEpoch=Optional.empty, currentLeader=LeaderAndEpoch{leader=Optional[kafka:9092 (id: 1 rack: null)], epoch=0}}
2025-12-05 16:35:17 INFO  o.s.k.l.KafkaMessageListenerContainer - normalizer-group: partitions assigned: [transactions-0]
2025-12-05 16:35:22 INFO  o.s.b.d.a.LocalDevToolsAutoConfiguration$RestartingClassPathChangeChangedEventListener - Restarting due to 1 class path change (0 additions, 0 deletions, 1 modification)
2025-12-05 16:35:22 INFO  o.a.k.c.c.i.ConsumerRebalanceListenerInvoker - [Consumer clientId=consumer-normalizer-group-22, groupId=normalizer-group] Revoke previously assigned partitions raw-transactions-0
2025-12-05 16:35:22 INFO  o.a.k.c.c.i.ConsumerRebalanceListenerInvoker - [Consumer clientId=consumer-normalizer-group-21, groupId=normalizer-group] Revoke previously assigned partitions transactions-0
2025-12-05 16:35:22 INFO  o.s.k.l.KafkaMessageListenerContainer - normalizer-group: partitions revoked: [raw-transactions-0]
2025-12-05 16:35:22 INFO  o.a.k.c.c.i.ConsumerCoordinator - [Consumer clientId=consumer-normalizer-group-22, groupId=normalizer-group] Member consumer-normalizer-group-22-39120f40-fe0a-40e5-9505-90f1a52ef340 sending LeaveGroup request to coordinator kafka:9092 (id: 2147483646 rack: null) due to the consumer unsubscribed from all topics
2025-12-05 16:35:22 INFO  o.s.k.l.KafkaMessageListenerContainer - normalizer-group: partitions revoked: [transactions-0]
2025-12-05 16:35:22 INFO  o.a.k.c.c.i.ConsumerCoordinator - [Consumer clientId=consumer-normalizer-group-22, groupId=normalizer-group] Resetting generation and member id due to: consumer pro-actively leaving the group
2025-12-05 16:35:22 INFO  o.a.k.c.c.i.ConsumerCoordinator - [Consumer clientId=consumer-normalizer-group-21, groupId=normalizer-group] Member consumer-normalizer-group-21-cc90f990-847e-4135-ad8d-ede4c17d89a8 sending LeaveGroup request to coordinator kafka:9092 (id: 2147483646 rack: null) due to the consumer unsubscribed from all topics
2025-12-05 16:35:22 INFO  o.a.k.c.c.i.ConsumerCoordinator - [Consumer clientId=consumer-normalizer-group-22, groupId=normalizer-group] Request joining group due to: consumer pro-actively leaving the group
2025-12-05 16:35:22 INFO  o.a.k.c.c.i.ClassicKafkaConsumer - [Consumer clientId=consumer-normalizer-group-22, groupId=normalizer-group] Unsubscribed all topics or patterns and assigned partitions
2025-12-05 16:35:22 INFO  o.a.k.c.c.i.ConsumerCoordinator - [Consumer clientId=consumer-normalizer-group-21, groupId=normalizer-group] Resetting generation and member id due to: consumer pro-actively leaving the group
2025-12-05 16:35:22 INFO  o.a.k.c.c.i.ConsumerCoordinator - [Consumer clientId=consumer-normalizer-group-21, groupId=normalizer-group] Request joining group due to: consumer pro-actively leaving the group
2025-12-05 16:35:22 INFO  o.a.k.c.c.i.ConsumerCoordinator - [Consumer clientId=consumer-normalizer-group-22, groupId=normalizer-group] Resetting generation and member id due to: consumer pro-actively leaving the group
2025-12-05 16:35:22 INFO  o.a.k.c.c.i.ClassicKafkaConsumer - [Consumer clientId=consumer-normalizer-group-21, groupId=normalizer-group] Unsubscribed all topics or patterns and assigned partitions
2025-12-05 16:35:22 INFO  o.a.k.c.c.i.ConsumerCoordinator - [Consumer clientId=consumer-normalizer-group-22, groupId=normalizer-group] Request joining group due to: consumer pro-actively leaving the group
2025-12-05 16:35:22 INFO  o.a.k.c.c.i.ConsumerCoordinator - [Consumer clientId=consumer-normalizer-group-21, groupId=normalizer-group] Resetting generation and member id due to: consumer pro-actively leaving the group
2025-12-05 16:35:22 INFO  o.a.k.c.c.i.ConsumerCoordinator - [Consumer clientId=consumer-normalizer-group-21, groupId=normalizer-group] Request joining group due to: consumer pro-actively leaving the group
2025-12-05 16:35:23 INFO  o.a.kafka.common.metrics.Metrics - Metrics scheduler closed
2025-12-05 16:35:23 INFO  o.a.kafka.common.metrics.Metrics - Metrics scheduler closed
2025-12-05 16:35:23 INFO  o.a.kafka.common.metrics.Metrics - Closing reporter org.apache.kafka.common.metrics.JmxReporter
2025-12-05 16:35:23 INFO  o.a.kafka.common.metrics.Metrics - Closing reporter org.apache.kafka.common.telemetry.internals.ClientTelemetryReporter
2025-12-05 16:35:23 INFO  o.a.kafka.common.metrics.Metrics - Metrics reporters closed
2025-12-05 16:35:23 INFO  o.a.kafka.common.metrics.Metrics - Closing reporter org.apache.kafka.common.metrics.JmxReporter
2025-12-05 16:35:23 INFO  o.a.kafka.common.metrics.Metrics - Closing reporter org.apache.kafka.common.telemetry.internals.ClientTelemetryReporter
2025-12-05 16:35:23 INFO  o.a.kafka.common.utils.AppInfoParser - App info kafka.consumer for consumer-normalizer-group-22 unregistered
2025-12-05 16:35:23 INFO  o.a.kafka.common.metrics.Metrics - Metrics reporters closed
2025-12-05 16:35:23 INFO  o.s.k.l.KafkaMessageListenerContainer - normalizer-group: Consumer stopped
2025-12-05 16:35:23 INFO  o.a.kafka.common.utils.AppInfoParser - App info kafka.consumer for consumer-normalizer-group-21 unregistered
2025-12-05 16:35:23 INFO  o.s.k.l.KafkaMessageListenerContainer - normalizer-group: Consumer stopped
2025-12-05 16:35:23 INFO  o.s.b.w.e.tomcat.GracefulShutdown - Commencing graceful shutdown. Waiting for active requests to complete
2025-12-05 16:35:23 INFO  o.a.coyote.http11.Http11NioProtocol - Pausing ProtocolHandler ["http-nio-8083"]
2025-12-05 16:35:23 INFO  o.s.b.w.e.tomcat.GracefulShutdown - Graceful shutdown complete
2025-12-05 16:35:23 INFO  o.a.coyote.http11.Http11NioProtocol - Stopping ProtocolHandler ["http-nio-8083"]
2025-12-05 16:35:23 INFO  o.s.o.j.LocalContainerEntityManagerFactoryBean - Closing JPA EntityManagerFactory for persistence unit 'default'
2025-12-05 16:35:23 INFO  com.zaxxer.hikari.HikariDataSource - HikariPool-11 - Shutdown initiated...
2025-12-05 16:35:23 INFO  com.zaxxer.hikari.HikariDataSource - HikariPool-11 - Shutdown completed.
2025-12-05 16:35:24 INFO  c.P.U.n.NormalizerServiceApplication - Starting NormalizerServiceApplication using Java 17.0.17 with PID 65 (/app/target/classes started by root in /app)
2025-12-05 16:35:24 INFO  c.P.U.n.NormalizerServiceApplication - No active profile set, falling back to 1 default profile: "default"
2025-12-05 16:35:31 INFO  o.s.d.r.c.RepositoryConfigurationDelegate - Bootstrapping Spring Data JPA repositories in DEFAULT mode.
2025-12-05 16:35:32 INFO  o.s.d.r.c.RepositoryConfigurationDelegate - Finished Spring Data repository scanning in 587 ms. Found 1 JPA repository interface.
2025-12-05 16:35:34 INFO  o.s.b.w.e.tomcat.TomcatWebServer - Tomcat initialized with port 8083 (http)
2025-12-05 16:35:34 INFO  o.a.coyote.http11.Http11NioProtocol - Initializing ProtocolHandler ["http-nio-8083"]
2025-12-05 16:35:34 INFO  o.a.catalina.core.StandardService - Starting service [Tomcat]
2025-12-05 16:35:34 INFO  o.a.catalina.core.StandardEngine - Starting Servlet engine: [Apache Tomcat/10.1.42]
2025-12-05 16:35:34 INFO  o.a.c.c.C.[Tomcat].[localhost].[/] - Initializing Spring embedded WebApplicationContext
2025-12-05 16:35:34 INFO  o.s.b.w.s.c.ServletWebServerApplicationContext - Root WebApplicationContext: initialization completed in 10010 ms
2025-12-05 16:35:35 INFO  o.h.jpa.internal.util.LogHelper - HHH000204: Processing PersistenceUnitInfo [name: default]
2025-12-05 16:35:35 INFO  o.h.c.i.RegionFactoryInitiator - HHH000026: Second-level cache disabled
2025-12-05 16:35:35 INFO  o.s.o.j.p.SpringPersistenceUnitInfo - No LoadTimeWeaver setup: ignoring JPA class transformer
2025-12-05 16:35:35 INFO  com.zaxxer.hikari.HikariDataSource - HikariPool-12 - Starting...
2025-12-05 16:35:35 INFO  com.zaxxer.hikari.pool.HikariPool - HikariPool-12 - Added connection org.postgresql.jdbc.PgConnection@3fc480d8
2025-12-05 16:35:35 INFO  com.zaxxer.hikari.HikariDataSource - HikariPool-12 - Start completed.
2025-12-05 16:35:36 WARN  org.hibernate.orm.deprecation - HHH90000025: PostgreSQLDialect does not need to be specified explicitly using 'hibernate.dialect' (remove the property setting and it will be selected by default)
2025-12-05 16:35:36 INFO  o.hibernate.orm.connections.pooling - HHH10001005: Database info:
	Database JDBC URL [Connecting through datasource 'HikariDataSource (HikariPool-12)']
	Database driver: undefined/unknown
	Database version: 15.13
	Autocommit mode: undefined/unknown
	Isolation level: undefined/unknown
	Minimum pool size: undefined/unknown
	Maximum pool size: undefined/unknown
2025-12-05 16:35:36 INFO  o.h.e.t.j.p.i.JtaPlatformInitiator - HHH000489: No JTA platform available (set 'hibernate.transaction.jta.platform' to enable JTA platform integration)
2025-12-05 16:35:36 INFO  o.s.o.j.LocalContainerEntityManagerFactoryBean - Initialized JPA EntityManagerFactory for persistence unit 'default'
2025-12-05 16:35:37 WARN  o.s.b.a.o.j.JpaBaseConfiguration$JpaWebConfiguration - spring.jpa.open-in-view is enabled by default. Therefore, database queries may be performed during view rendering. Explicitly configure spring.jpa.open-in-view to disable this warning
2025-12-05 16:35:37 INFO  o.s.b.d.a.OptionalLiveReloadServer - LiveReload server is running on port 35729
2025-12-05 16:35:38 INFO  o.a.coyote.http11.Http11NioProtocol - Starting ProtocolHandler ["http-nio-8083"]
2025-12-05 16:35:38 INFO  o.s.b.w.e.tomcat.TomcatWebServer - Tomcat started on port 8083 (http) with context path '/'
2025-12-05 16:35:38 INFO  o.a.k.c.consumer.ConsumerConfig - ConsumerConfig values: 
	allow.auto.create.topics = true
	auto.commit.interval.ms = 5000
	auto.include.jmx.reporter = true
	auto.offset.reset = latest
	bootstrap.servers = [kafka:9092]
	check.crcs = true
	client.dns.lookup = use_all_dns_ips
	client.id = consumer-normalizer-group-23
	client.rack = 
	connections.max.idle.ms = 540000
	default.api.timeout.ms = 60000
	enable.auto.commit = false
	enable.metrics.push = true
	exclude.internal.topics = true
	fetch.max.bytes = 52428800
	fetch.max.wait.ms = 500
	fetch.min.bytes = 1
	group.id = normalizer-group
	group.instance.id = null
	group.protocol = classic
	group.remote.assignor = null
	heartbeat.interval.ms = 3000
	interceptor.classes = []
	internal.leave.group.on.close = true
	internal.throw.on.fetch.stable.offset.unsupported = false
	isolation.level = read_uncommitted
	key.deserializer = class org.apache.kafka.common.serialization.StringDeserializer
	max.partition.fetch.bytes = 1048576
	max.poll.interval.ms = 300000
	max.poll.records = 500
	metadata.max.age.ms = 300000
	metadata.recovery.strategy = none
	metric.reporters = []
	metrics.num.samples = 2
	metrics.recording.level = INFO
	metrics.sample.window.ms = 30000
	partition.assignment.strategy = [class org.apache.kafka.clients.consumer.RangeAssignor, class org.apache.kafka.clients.consumer.CooperativeStickyAssignor]
	receive.buffer.bytes = 65536
	reconnect.backoff.max.ms = 1000
	reconnect.backoff.ms = 50
	request.timeout.ms = 30000
	retry.backoff.max.ms = 1000
	retry.backoff.ms = 100
	sasl.client.callback.handler.class = null
	sasl.jaas.config = null
	sasl.kerberos.kinit.cmd = /usr/bin/kinit
	sasl.kerberos.min.time.before.relogin = 60000
	sasl.kerberos.service.name = null
	sasl.kerberos.ticket.renew.jitter = 0.05
	sasl.kerberos.ticket.renew.window.factor = 0.8
	sasl.login.callback.handler.class = null
	sasl.login.class = null
	sasl.login.connect.timeout.ms = null
	sasl.login.read.timeout.ms = null
	sasl.login.refresh.buffer.seconds = 300
	sasl.login.refresh.min.period.seconds = 60
	sasl.login.refresh.window.factor = 0.8
	sasl.login.refresh.window.jitter = 0.05
	sasl.login.retry.backoff.max.ms = 10000
	sasl.login.retry.backoff.ms = 100
	sasl.mechanism = GSSAPI
	sasl.oauthbearer.clock.skew.seconds = 30
	sasl.oauthbearer.expected.audience = null
	sasl.oauthbearer.expected.issuer = null
	sasl.oauthbearer.header.urlencode = false
	sasl.oauthbearer.jwks.endpoint.refresh.ms = 3600000
	sasl.oauthbearer.jwks.endpoint.retry.backoff.max.ms = 10000
	sasl.oauthbearer.jwks.endpoint.retry.backoff.ms = 100
	sasl.oauthbearer.jwks.endpoint.url = null
	sasl.oauthbearer.scope.claim.name = scope
	sasl.oauthbearer.sub.claim.name = sub
	sasl.oauthbearer.token.endpoint.url = null
	security.protocol = PLAINTEXT
	security.providers = null
	send.buffer.bytes = 131072
	session.timeout.ms = 45000
	socket.connection.setup.timeout.max.ms = 30000
	socket.connection.setup.timeout.ms = 10000
	ssl.cipher.suites = null
	ssl.enabled.protocols = [TLSv1.2, TLSv1.3]
	ssl.endpoint.identification.algorithm = https
	ssl.engine.factory.class = null
	ssl.key.password = null
	ssl.keymanager.algorithm = SunX509
	ssl.keystore.certificate.chain = null
	ssl.keystore.key = null
	ssl.keystore.location = null
	ssl.keystore.password = null
	ssl.keystore.type = JKS
	ssl.protocol = TLSv1.3
	ssl.provider = null
	ssl.secure.random.implementation = null
	ssl.trustmanager.algorithm = PKIX
	ssl.truststore.certificates = null
	ssl.truststore.location = null
	ssl.truststore.password = null
	ssl.truststore.type = JKS
	value.deserializer = class org.springframework.kafka.support.serializer.JsonDeserializer

2025-12-05 16:35:38 INFO  o.a.k.c.t.i.KafkaMetricsCollector - initializing Kafka metrics collector
2025-12-05 16:35:38 INFO  o.a.kafka.common.utils.AppInfoParser - Kafka version: 3.9.1
2025-12-05 16:35:38 INFO  o.a.kafka.common.utils.AppInfoParser - Kafka commitId: f745dfdcee2b9851
2025-12-05 16:35:38 INFO  o.a.kafka.common.utils.AppInfoParser - Kafka startTimeMs: 1764952538065
2025-12-05 16:35:38 INFO  o.a.k.c.c.i.ClassicKafkaConsumer - [Consumer clientId=consumer-normalizer-group-23, groupId=normalizer-group] Subscribed to topic(s): transactions
2025-12-05 16:35:38 INFO  o.a.k.c.consumer.ConsumerConfig - ConsumerConfig values: 
	allow.auto.create.topics = true
	auto.commit.interval.ms = 5000
	auto.include.jmx.reporter = true
	auto.offset.reset = latest
	bootstrap.servers = [kafka:9092]
	check.crcs = true
	client.dns.lookup = use_all_dns_ips
	client.id = consumer-normalizer-group-24
	client.rack = 
	connections.max.idle.ms = 540000
	default.api.timeout.ms = 60000
	enable.auto.commit = false
	enable.metrics.push = true
	exclude.internal.topics = true
	fetch.max.bytes = 52428800
	fetch.max.wait.ms = 500
	fetch.min.bytes = 1
	group.id = normalizer-group
	group.instance.id = null
	group.protocol = classic
	group.remote.assignor = null
	heartbeat.interval.ms = 3000
	interceptor.classes = []
	internal.leave.group.on.close = true
	internal.throw.on.fetch.stable.offset.unsupported = false
	isolation.level = read_uncommitted
	key.deserializer = class org.apache.kafka.common.serialization.StringDeserializer
	max.partition.fetch.bytes = 1048576
	max.poll.interval.ms = 300000
	max.poll.records = 500
	metadata.max.age.ms = 300000
	metadata.recovery.strategy = none
	metric.reporters = []
	metrics.num.samples = 2
	metrics.recording.level = INFO
	metrics.sample.window.ms = 30000
	partition.assignment.strategy = [class org.apache.kafka.clients.consumer.RangeAssignor, class org.apache.kafka.clients.consumer.CooperativeStickyAssignor]
	receive.buffer.bytes = 65536
	reconnect.backoff.max.ms = 1000
	reconnect.backoff.ms = 50
	request.timeout.ms = 30000
	retry.backoff.max.ms = 1000
	retry.backoff.ms = 100
	sasl.client.callback.handler.class = null
	sasl.jaas.config = null
	sasl.kerberos.kinit.cmd = /usr/bin/kinit
	sasl.kerberos.min.time.before.relogin = 60000
	sasl.kerberos.service.name = null
	sasl.kerberos.ticket.renew.jitter = 0.05
	sasl.kerberos.ticket.renew.window.factor = 0.8
	sasl.login.callback.handler.class = null
	sasl.login.class = null
	sasl.login.connect.timeout.ms = null
	sasl.login.read.timeout.ms = null
	sasl.login.refresh.buffer.seconds = 300
	sasl.login.refresh.min.period.seconds = 60
	sasl.login.refresh.window.factor = 0.8
	sasl.login.refresh.window.jitter = 0.05
	sasl.login.retry.backoff.max.ms = 10000
	sasl.login.retry.backoff.ms = 100
	sasl.mechanism = GSSAPI
	sasl.oauthbearer.clock.skew.seconds = 30
	sasl.oauthbearer.expected.audience = null
	sasl.oauthbearer.expected.issuer = null
	sasl.oauthbearer.header.urlencode = false
	sasl.oauthbearer.jwks.endpoint.refresh.ms = 3600000
	sasl.oauthbearer.jwks.endpoint.retry.backoff.max.ms = 10000
	sasl.oauthbearer.jwks.endpoint.retry.backoff.ms = 100
	sasl.oauthbearer.jwks.endpoint.url = null
	sasl.oauthbearer.scope.claim.name = scope
	sasl.oauthbearer.sub.claim.name = sub
	sasl.oauthbearer.token.endpoint.url = null
	security.protocol = PLAINTEXT
	security.providers = null
	send.buffer.bytes = 131072
	session.timeout.ms = 45000
	socket.connection.setup.timeout.max.ms = 30000
	socket.connection.setup.timeout.ms = 10000
	ssl.cipher.suites = null
	ssl.enabled.protocols = [TLSv1.2, TLSv1.3]
	ssl.endpoint.identification.algorithm = https
	ssl.engine.factory.class = null
	ssl.key.password = null
	ssl.keymanager.algorithm = SunX509
	ssl.keystore.certificate.chain = null
	ssl.keystore.key = null
	ssl.keystore.location = null
	ssl.keystore.password = null
	ssl.keystore.type = JKS
	ssl.protocol = TLSv1.3
	ssl.provider = null
	ssl.secure.random.implementation = null
	ssl.trustmanager.algorithm = PKIX
	ssl.truststore.certificates = null
	ssl.truststore.location = null
	ssl.truststore.password = null
	ssl.truststore.type = JKS
	value.deserializer = class org.springframework.kafka.support.serializer.JsonDeserializer

2025-12-05 16:35:38 INFO  o.a.k.c.t.i.KafkaMetricsCollector - initializing Kafka metrics collector
2025-12-05 16:35:38 INFO  org.apache.kafka.clients.Metadata - [Consumer clientId=consumer-normalizer-group-23, groupId=normalizer-group] Cluster ID: -Ev3b8JLS_uTHl36QpBdMw
2025-12-05 16:35:38 INFO  o.a.k.c.c.i.ConsumerCoordinator - [Consumer clientId=consumer-normalizer-group-23, groupId=normalizer-group] Discovered group coordinator kafka:9092 (id: 2147483646 rack: null)
2025-12-05 16:35:38 INFO  o.a.k.c.c.i.ConsumerCoordinator - [Consumer clientId=consumer-normalizer-group-23, groupId=normalizer-group] (Re-)joining group
2025-12-05 16:35:38 INFO  o.a.kafka.common.utils.AppInfoParser - Kafka version: 3.9.1
2025-12-05 16:35:38 INFO  o.a.kafka.common.utils.AppInfoParser - Kafka commitId: f745dfdcee2b9851
2025-12-05 16:35:38 INFO  o.a.kafka.common.utils.AppInfoParser - Kafka startTimeMs: 1764952538101
2025-12-05 16:35:38 INFO  o.a.k.c.c.i.ClassicKafkaConsumer - [Consumer clientId=consumer-normalizer-group-24, groupId=normalizer-group] Subscribed to topic(s): raw-transactions
2025-12-05 16:35:38 INFO  o.a.k.c.c.i.ConsumerCoordinator - [Consumer clientId=consumer-normalizer-group-23, groupId=normalizer-group] Request joining group due to: need to re-join with the given member-id: consumer-normalizer-group-23-556f62e9-6a32-4861-af69-dbd1f5a685a5
2025-12-05 16:35:38 INFO  o.a.k.c.c.i.ConsumerCoordinator - [Consumer clientId=consumer-normalizer-group-23, groupId=normalizer-group] (Re-)joining group
2025-12-05 16:35:38 INFO  org.apache.kafka.clients.Metadata - [Consumer clientId=consumer-normalizer-group-24, groupId=normalizer-group] Cluster ID: -Ev3b8JLS_uTHl36QpBdMw
2025-12-05 16:35:38 INFO  o.a.k.c.c.i.ConsumerCoordinator - [Consumer clientId=consumer-normalizer-group-24, groupId=normalizer-group] Discovered group coordinator kafka:9092 (id: 2147483646 rack: null)
2025-12-05 16:35:38 INFO  o.a.k.c.c.i.ConsumerCoordinator - [Consumer clientId=consumer-normalizer-group-24, groupId=normalizer-group] (Re-)joining group
2025-12-05 16:35:38 INFO  c.P.U.n.NormalizerServiceApplication - Started NormalizerServiceApplication in 14.311 seconds (process running for 2343.824)
2025-12-05 16:35:38 INFO  o.s.b.d.a.ConditionEvaluationDeltaLoggingListener - Condition evaluation unchanged
2025-12-05 16:35:38 INFO  o.a.k.c.c.i.ConsumerCoordinator - [Consumer clientId=consumer-normalizer-group-24, groupId=normalizer-group] Request joining group due to: need to re-join with the given member-id: consumer-normalizer-group-24-86cf4699-a305-4f43-a413-ff80b89ccd3d
2025-12-05 16:35:38 INFO  o.a.k.c.c.i.ConsumerCoordinator - [Consumer clientId=consumer-normalizer-group-24, groupId=normalizer-group] (Re-)joining group
2025-12-05 16:35:41 INFO  o.a.k.c.c.i.ConsumerCoordinator - [Consumer clientId=consumer-normalizer-group-23, groupId=normalizer-group] Successfully joined group with generation Generation{generationId=25, memberId='consumer-normalizer-group-23-556f62e9-6a32-4861-af69-dbd1f5a685a5', protocol='range'}
2025-12-05 16:35:41 INFO  o.a.k.c.c.i.ConsumerCoordinator - [Consumer clientId=consumer-normalizer-group-24, groupId=normalizer-group] Successfully joined group with generation Generation{generationId=25, memberId='consumer-normalizer-group-24-86cf4699-a305-4f43-a413-ff80b89ccd3d', protocol='range'}
2025-12-05 16:35:41 INFO  o.a.k.c.c.i.ConsumerCoordinator - [Consumer clientId=consumer-normalizer-group-23, groupId=normalizer-group] Finished assignment for group at generation 25: {consumer-normalizer-group-23-556f62e9-6a32-4861-af69-dbd1f5a685a5=Assignment(partitions=[transactions-0]), consumer-normalizer-group-24-86cf4699-a305-4f43-a413-ff80b89ccd3d=Assignment(partitions=[raw-transactions-0])}
2025-12-05 16:35:41 INFO  o.a.k.c.c.i.ConsumerCoordinator - [Consumer clientId=consumer-normalizer-group-23, groupId=normalizer-group] Successfully synced group in generation Generation{generationId=25, memberId='consumer-normalizer-group-23-556f62e9-6a32-4861-af69-dbd1f5a685a5', protocol='range'}
2025-12-05 16:35:41 INFO  o.a.k.c.c.i.ConsumerCoordinator - [Consumer clientId=consumer-normalizer-group-24, groupId=normalizer-group] Successfully synced group in generation Generation{generationId=25, memberId='consumer-normalizer-group-24-86cf4699-a305-4f43-a413-ff80b89ccd3d', protocol='range'}
2025-12-05 16:35:41 INFO  o.a.k.c.c.i.ConsumerCoordinator - [Consumer clientId=consumer-normalizer-group-24, groupId=normalizer-group] Notifying assignor about the new Assignment(partitions=[raw-transactions-0])
2025-12-05 16:35:41 INFO  o.a.k.c.c.i.ConsumerCoordinator - [Consumer clientId=consumer-normalizer-group-23, groupId=normalizer-group] Notifying assignor about the new Assignment(partitions=[transactions-0])
2025-12-05 16:35:41 INFO  o.a.k.c.c.i.ConsumerRebalanceListenerInvoker - [Consumer clientId=consumer-normalizer-group-24, groupId=normalizer-group] Adding newly assigned partitions: raw-transactions-0
2025-12-05 16:35:41 INFO  o.a.k.c.c.i.ConsumerRebalanceListenerInvoker - [Consumer clientId=consumer-normalizer-group-23, groupId=normalizer-group] Adding newly assigned partitions: transactions-0
2025-12-05 16:35:41 INFO  o.a.k.c.c.internals.ConsumerUtils - Setting offset for partition raw-transactions-0 to the committed offset FetchPosition{offset=3, offsetEpoch=Optional.empty, currentLeader=LeaderAndEpoch{leader=Optional[kafka:9092 (id: 1 rack: null)], epoch=0}}
2025-12-05 16:35:41 INFO  o.s.k.l.KafkaMessageListenerContainer - normalizer-group: partitions assigned: [raw-transactions-0]
2025-12-05 16:35:41 INFO  o.a.k.c.c.internals.ConsumerUtils - Setting offset for partition transactions-0 to the committed offset FetchPosition{offset=0, offsetEpoch=Optional.empty, currentLeader=LeaderAndEpoch{leader=Optional[kafka:9092 (id: 1 rack: null)], epoch=0}}
2025-12-05 16:35:41 INFO  o.s.k.l.KafkaMessageListenerContainer - normalizer-group: partitions assigned: [transactions-0]
2025-12-05 16:36:05 INFO  c.P.U.n.kafka.RawTransactionConsumer - Consumed RAW transaction from Kafka. TransactionId: qwe123
2025-12-05 16:36:05 INFO  c.P.U.n.service.NormalizerService - Normalizing transaction. TransactionId: qwe123
2025-12-05 16:36:05 ERROR c.P.U.n.service.NormalizerService - Error processing normalized transaction. TransactionId: qwe123 | Error: Could not commit JPA transaction
org.springframework.transaction.TransactionSystemException: Could not commit JPA transaction
	at org.springframework.orm.jpa.JpaTransactionManager.doCommit(JpaTransactionManager.java:571)
	at org.springframework.transaction.support.AbstractPlatformTransactionManager.processCommit(AbstractPlatformTransactionManager.java:795)
	at org.springframework.transaction.support.AbstractPlatformTransactionManager.commit(AbstractPlatformTransactionManager.java:758)
	at org.springframework.transaction.interceptor.TransactionAspectSupport.commitTransactionAfterReturning(TransactionAspectSupport.java:698)
	at org.springframework.transaction.interceptor.TransactionAspectSupport.invokeWithinTransaction(TransactionAspectSupport.java:416)
	at org.springframework.transaction.interceptor.TransactionInterceptor.invoke(TransactionInterceptor.java:119)
	at org.springframework.aop.framework.ReflectiveMethodInvocation.proceed(ReflectiveMethodInvocation.java:184)
	at org.springframework.dao.support.PersistenceExceptionTranslationInterceptor.invoke(PersistenceExceptionTranslationInterceptor.java:138)
	at org.springframework.aop.framework.ReflectiveMethodInvocation.proceed(ReflectiveMethodInvocation.java:184)
	at org.springframework.data.jpa.repository.support.CrudMethodMetadataPostProcessor$CrudMethodMetadataPopulatingMethodInterceptor.invoke(CrudMethodMetadataPostProcessor.java:165)
	at org.springframework.aop.framework.ReflectiveMethodInvocation.proceed(ReflectiveMethodInvocation.java:184)
	at org.springframework.aop.framework.JdkDynamicAopProxy.invoke(JdkDynamicAopProxy.java:223)
	at jdk.proxy15/jdk.proxy15.$Proxy186.save(Unknown Source)
	at com.Project.UPIRecon.normalizer.service.NormalizerService.normalize(NormalizerService.java:51)
	at com.Project.UPIRecon.normalizer.kafka.RawTransactionConsumer.consume(RawTransactionConsumer.java:24)
	at java.base/jdk.internal.reflect.NativeMethodAccessorImpl.invoke0(Native Method)
	at java.base/jdk.internal.reflect.NativeMethodAccessorImpl.invoke(NativeMethodAccessorImpl.java:77)
	at java.base/jdk.internal.reflect.DelegatingMethodAccessorImpl.invoke(DelegatingMethodAccessorImpl.java:43)
	at java.base/java.lang.reflect.Method.invoke(Method.java:569)
	at org.springframework.messaging.handler.invocation.InvocableHandlerMethod.doInvoke(InvocableHandlerMethod.java:169)
	at org.springframework.kafka.listener.adapter.KotlinAwareInvocableHandlerMethod.doInvoke(KotlinAwareInvocableHandlerMethod.java:45)
	at org.springframework.messaging.handler.invocation.InvocableHandlerMethod.invoke(InvocableHandlerMethod.java:119)
	at org.springframework.kafka.listener.adapter.HandlerAdapter.invoke(HandlerAdapter.java:78)
	at org.springframework.kafka.listener.adapter.MessagingMessageListenerAdapter.invokeHandler(MessagingMessageListenerAdapter.java:475)
	at org.springframework.kafka.listener.adapter.MessagingMessageListenerAdapter.invoke(MessagingMessageListenerAdapter.java:421)
	at org.springframework.kafka.listener.adapter.RecordMessagingMessageListenerAdapter.onMessage(RecordMessagingMessageListenerAdapter.java:85)
	at org.springframework.kafka.listener.adapter.RecordMessagingMessageListenerAdapter.onMessage(RecordMessagingMessageListenerAdapter.java:50)
	at org.springframework.kafka.listener.KafkaMessageListenerContainer$ListenerConsumer.doInvokeOnMessage(KafkaMessageListenerContainer.java:2887)
	at org.springframework.kafka.listener.KafkaMessageListenerContainer$ListenerConsumer.invokeOnMessage(KafkaMessageListenerContainer.java:2865)
	at org.springframework.kafka.listener.KafkaMessageListenerContainer$ListenerConsumer.doInvokeRecordListener(KafkaMessageListenerContainer.java:2777)
	at org.springframework.kafka.listener.KafkaMessageListenerContainer$ListenerConsumer.doInvokeWithRecords(KafkaMessageListenerContainer.java:2614)
	at org.springframework.kafka.listener.KafkaMessageListenerContainer$ListenerConsumer.invokeRecordListener(KafkaMessageListenerContainer.java:2503)
	at org.springframework.kafka.listener.KafkaMessageListenerContainer$ListenerConsumer.invokeListener(KafkaMessageListenerContainer.java:2152)
	at org.springframework.kafka.listener.KafkaMessageListenerContainer$ListenerConsumer.invokeIfHaveRecords(KafkaMessageListenerContainer.java:1528)
	at org.springframework.kafka.listener.KafkaMessageListenerContainer$ListenerConsumer.pollAndInvoke(KafkaMessageListenerContainer.java:1466)
	at org.springframework.kafka.listener.KafkaMessageListenerContainer$ListenerConsumer.run(KafkaMessageListenerContainer.java:1335)
	at java.base/java.util.concurrent.CompletableFuture$AsyncRun.run(CompletableFuture.java:1804)
	at java.base/java.lang.Thread.run(Thread.java:840)
Caused by: jakarta.persistence.RollbackException: Error while committing the transaction
	at org.hibernate.internal.ExceptionConverterImpl.convertCommitException(ExceptionConverterImpl.java:67)
	at org.hibernate.engine.transaction.internal.TransactionImpl.commit(TransactionImpl.java:104)
	at org.springframework.orm.jpa.JpaTransactionManager.doCommit(JpaTransactionManager.java:562)
	... 37 common frames omitted
Caused by: jakarta.validation.ConstraintViolationException: Validation failed for classes [com.Project.UPIRecon.normalizer.entity.NormalizedTransaction] during persist time for groups [jakarta.validation.groups.Default, ]
List of constraint violations:[
	ConstraintViolationImpl{interpolatedMessage='must not be null', propertyPath=source, rootBeanClass=class com.Project.UPIRecon.normalizer.entity.NormalizedTransaction, messageTemplate='{jakarta.validation.constraints.NotNull.message}'}
]
	at org.hibernate.boot.beanvalidation.BeanValidationEventListener.validate(BeanValidationEventListener.java:176)
	at org.hibernate.boot.beanvalidation.BeanValidationEventListener.onPreInsert(BeanValidationEventListener.java:88)
	at org.hibernate.action.internal.EntityInsertAction.preInsert(EntityInsertAction.java:251)
	at org.hibernate.action.internal.EntityInsertAction.execute(EntityInsertAction.java:106)
	at org.hibernate.engine.spi.ActionQueue.executeActions(ActionQueue.java:644)
	at org.hibernate.engine.spi.ActionQueue.executeActions(ActionQueue.java:511)
	at org.hibernate.event.internal.AbstractFlushingEventListener.performExecutions(AbstractFlushingEventListener.java:414)
	at org.hibernate.event.internal.DefaultFlushEventListener.onFlush(DefaultFlushEventListener.java:41)
	at org.hibernate.event.service.internal.EventListenerGroupImpl.fireEventOnEachListener(EventListenerGroupImpl.java:127)
	at org.hibernate.internal.SessionImpl.doFlush(SessionImpl.java:1429)
	at org.hibernate.internal.SessionImpl.managedFlush(SessionImpl.java:491)
	at org.hibernate.internal.SessionImpl.flushBeforeTransactionCompletion(SessionImpl.java:2354)
	at org.hibernate.internal.SessionImpl.beforeTransactionCompletion(SessionImpl.java:1978)
	at org.hibernate.engine.jdbc.internal.JdbcCoordinatorImpl.beforeTransactionCompletion(JdbcCoordinatorImpl.java:439)
	at org.hibernate.resource.transaction.backend.jdbc.internal.JdbcResourceLocalTransactionCoordinatorImpl.beforeCompletionCallback(JdbcResourceLocalTransactionCoordinatorImpl.java:169)
	at org.hibernate.resource.transaction.backend.jdbc.internal.JdbcResourceLocalTransactionCoordinatorImpl$TransactionDriverControlImpl.commit(JdbcResourceLocalTransactionCoordinatorImpl.java:267)
	at org.hibernate.engine.transaction.internal.TransactionImpl.commit(TransactionImpl.java:101)
	... 38 common frames omitted
2025-12-05 16:36:05 INFO  c.P.U.n.kafka.RawTransactionConsumer - Successfully normalized transaction. TransactionId: qwe123
2025-12-05 16:36:23 INFO  c.P.U.n.kafka.RawTransactionConsumer - Consumed RAW transaction from Kafka. TransactionId: qwer123
2025-12-05 16:36:23 INFO  c.P.U.n.service.NormalizerService - Normalizing transaction. TransactionId: qwer123
2025-12-05 16:36:23 ERROR c.P.U.n.service.NormalizerService - Error processing normalized transaction. TransactionId: qwer123 | Error: Could not commit JPA transaction
org.springframework.transaction.TransactionSystemException: Could not commit JPA transaction
	at org.springframework.orm.jpa.JpaTransactionManager.doCommit(JpaTransactionManager.java:571)
	at org.springframework.transaction.support.AbstractPlatformTransactionManager.processCommit(AbstractPlatformTransactionManager.java:795)
	at org.springframework.transaction.support.AbstractPlatformTransactionManager.commit(AbstractPlatformTransactionManager.java:758)
	at org.springframework.transaction.interceptor.TransactionAspectSupport.commitTransactionAfterReturning(TransactionAspectSupport.java:698)
	at org.springframework.transaction.interceptor.TransactionAspectSupport.invokeWithinTransaction(TransactionAspectSupport.java:416)
	at org.springframework.transaction.interceptor.TransactionInterceptor.invoke(TransactionInterceptor.java:119)
	at org.springframework.aop.framework.ReflectiveMethodInvocation.proceed(ReflectiveMethodInvocation.java:184)
	at org.springframework.dao.support.PersistenceExceptionTranslationInterceptor.invoke(PersistenceExceptionTranslationInterceptor.java:138)
	at org.springframework.aop.framework.ReflectiveMethodInvocation.proceed(ReflectiveMethodInvocation.java:184)
	at org.springframework.data.jpa.repository.support.CrudMethodMetadataPostProcessor$CrudMethodMetadataPopulatingMethodInterceptor.invoke(CrudMethodMetadataPostProcessor.java:165)
	at org.springframework.aop.framework.ReflectiveMethodInvocation.proceed(ReflectiveMethodInvocation.java:184)
	at org.springframework.aop.framework.JdkDynamicAopProxy.invoke(JdkDynamicAopProxy.java:223)
	at jdk.proxy15/jdk.proxy15.$Proxy186.save(Unknown Source)
	at com.Project.UPIRecon.normalizer.service.NormalizerService.normalize(NormalizerService.java:51)
	at com.Project.UPIRecon.normalizer.kafka.RawTransactionConsumer.consume(RawTransactionConsumer.java:24)
	at java.base/jdk.internal.reflect.NativeMethodAccessorImpl.invoke0(Native Method)
	at java.base/jdk.internal.reflect.NativeMethodAccessorImpl.invoke(NativeMethodAccessorImpl.java:77)
	at java.base/jdk.internal.reflect.DelegatingMethodAccessorImpl.invoke(DelegatingMethodAccessorImpl.java:43)
	at java.base/java.lang.reflect.Method.invoke(Method.java:569)
	at org.springframework.messaging.handler.invocation.InvocableHandlerMethod.doInvoke(InvocableHandlerMethod.java:169)
	at org.springframework.kafka.listener.adapter.KotlinAwareInvocableHandlerMethod.doInvoke(KotlinAwareInvocableHandlerMethod.java:45)
	at org.springframework.messaging.handler.invocation.InvocableHandlerMethod.invoke(InvocableHandlerMethod.java:119)
	at org.springframework.kafka.listener.adapter.HandlerAdapter.invoke(HandlerAdapter.java:78)
	at org.springframework.kafka.listener.adapter.MessagingMessageListenerAdapter.invokeHandler(MessagingMessageListenerAdapter.java:475)
	at org.springframework.kafka.listener.adapter.MessagingMessageListenerAdapter.invoke(MessagingMessageListenerAdapter.java:421)
	at org.springframework.kafka.listener.adapter.RecordMessagingMessageListenerAdapter.onMessage(RecordMessagingMessageListenerAdapter.java:85)
	at org.springframework.kafka.listener.adapter.RecordMessagingMessageListenerAdapter.onMessage(RecordMessagingMessageListenerAdapter.java:50)
	at org.springframework.kafka.listener.KafkaMessageListenerContainer$ListenerConsumer.doInvokeOnMessage(KafkaMessageListenerContainer.java:2887)
	at org.springframework.kafka.listener.KafkaMessageListenerContainer$ListenerConsumer.invokeOnMessage(KafkaMessageListenerContainer.java:2865)
	at org.springframework.kafka.listener.KafkaMessageListenerContainer$ListenerConsumer.doInvokeRecordListener(KafkaMessageListenerContainer.java:2777)
	at org.springframework.kafka.listener.KafkaMessageListenerContainer$ListenerConsumer.doInvokeWithRecords(KafkaMessageListenerContainer.java:2614)
	at org.springframework.kafka.listener.KafkaMessageListenerContainer$ListenerConsumer.invokeRecordListener(KafkaMessageListenerContainer.java:2503)
	at org.springframework.kafka.listener.KafkaMessageListenerContainer$ListenerConsumer.invokeListener(KafkaMessageListenerContainer.java:2152)
	at org.springframework.kafka.listener.KafkaMessageListenerContainer$ListenerConsumer.invokeIfHaveRecords(KafkaMessageListenerContainer.java:1528)
	at org.springframework.kafka.listener.KafkaMessageListenerContainer$ListenerConsumer.pollAndInvoke(KafkaMessageListenerContainer.java:1466)
	at org.springframework.kafka.listener.KafkaMessageListenerContainer$ListenerConsumer.run(KafkaMessageListenerContainer.java:1335)
	at java.base/java.util.concurrent.CompletableFuture$AsyncRun.run(CompletableFuture.java:1804)
	at java.base/java.lang.Thread.run(Thread.java:840)
Caused by: jakarta.persistence.RollbackException: Error while committing the transaction
	at org.hibernate.internal.ExceptionConverterImpl.convertCommitException(ExceptionConverterImpl.java:67)
	at org.hibernate.engine.transaction.internal.TransactionImpl.commit(TransactionImpl.java:104)
	at org.springframework.orm.jpa.JpaTransactionManager.doCommit(JpaTransactionManager.java:562)
	... 37 common frames omitted
Caused by: jakarta.validation.ConstraintViolationException: Validation failed for classes [com.Project.UPIRecon.normalizer.entity.NormalizedTransaction] during persist time for groups [jakarta.validation.groups.Default, ]
List of constraint violations:[
	ConstraintViolationImpl{interpolatedMessage='must not be null', propertyPath=source, rootBeanClass=class com.Project.UPIRecon.normalizer.entity.NormalizedTransaction, messageTemplate='{jakarta.validation.constraints.NotNull.message}'}
]
	at org.hibernate.boot.beanvalidation.BeanValidationEventListener.validate(BeanValidationEventListener.java:176)
	at org.hibernate.boot.beanvalidation.BeanValidationEventListener.onPreInsert(BeanValidationEventListener.java:88)
	at org.hibernate.action.internal.EntityInsertAction.preInsert(EntityInsertAction.java:251)
	at org.hibernate.action.internal.EntityInsertAction.execute(EntityInsertAction.java:106)
	at org.hibernate.engine.spi.ActionQueue.executeActions(ActionQueue.java:644)
	at org.hibernate.engine.spi.ActionQueue.executeActions(ActionQueue.java:511)
	at org.hibernate.event.internal.AbstractFlushingEventListener.performExecutions(AbstractFlushingEventListener.java:414)
	at org.hibernate.event.internal.DefaultFlushEventListener.onFlush(DefaultFlushEventListener.java:41)
	at org.hibernate.event.service.internal.EventListenerGroupImpl.fireEventOnEachListener(EventListenerGroupImpl.java:127)
	at org.hibernate.internal.SessionImpl.doFlush(SessionImpl.java:1429)
	at org.hibernate.internal.SessionImpl.managedFlush(SessionImpl.java:491)
	at org.hibernate.internal.SessionImpl.flushBeforeTransactionCompletion(SessionImpl.java:2354)
	at org.hibernate.internal.SessionImpl.beforeTransactionCompletion(SessionImpl.java:1978)
	at org.hibernate.engine.jdbc.internal.JdbcCoordinatorImpl.beforeTransactionCompletion(JdbcCoordinatorImpl.java:439)
	at org.hibernate.resource.transaction.backend.jdbc.internal.JdbcResourceLocalTransactionCoordinatorImpl.beforeCompletionCallback(JdbcResourceLocalTransactionCoordinatorImpl.java:169)
	at org.hibernate.resource.transaction.backend.jdbc.internal.JdbcResourceLocalTransactionCoordinatorImpl$TransactionDriverControlImpl.commit(JdbcResourceLocalTransactionCoordinatorImpl.java:267)
	at org.hibernate.engine.transaction.internal.TransactionImpl.commit(TransactionImpl.java:101)
	... 38 common frames omitted
2025-12-05 16:36:23 INFO  c.P.U.n.kafka.RawTransactionConsumer - Successfully normalized transaction. TransactionId: qwer123
2025-12-05 16:36:44 INFO  c.P.U.n.kafka.RawTransactionConsumer - Consumed RAW transaction from Kafka. TransactionId: qwer1234
2025-12-05 16:36:44 INFO  c.P.U.n.service.NormalizerService - Normalizing transaction. TransactionId: qwer1234
2025-12-05 16:36:44 ERROR c.P.U.n.service.NormalizerService - Error processing normalized transaction. TransactionId: qwer1234 | Error: Could not commit JPA transaction
org.springframework.transaction.TransactionSystemException: Could not commit JPA transaction
	at org.springframework.orm.jpa.JpaTransactionManager.doCommit(JpaTransactionManager.java:571)
	at org.springframework.transaction.support.AbstractPlatformTransactionManager.processCommit(AbstractPlatformTransactionManager.java:795)
	at org.springframework.transaction.support.AbstractPlatformTransactionManager.commit(AbstractPlatformTransactionManager.java:758)
	at org.springframework.transaction.interceptor.TransactionAspectSupport.commitTransactionAfterReturning(TransactionAspectSupport.java:698)
	at org.springframework.transaction.interceptor.TransactionAspectSupport.invokeWithinTransaction(TransactionAspectSupport.java:416)
	at org.springframework.transaction.interceptor.TransactionInterceptor.invoke(TransactionInterceptor.java:119)
	at org.springframework.aop.framework.ReflectiveMethodInvocation.proceed(ReflectiveMethodInvocation.java:184)
	at org.springframework.dao.support.PersistenceExceptionTranslationInterceptor.invoke(PersistenceExceptionTranslationInterceptor.java:138)
	at org.springframework.aop.framework.ReflectiveMethodInvocation.proceed(ReflectiveMethodInvocation.java:184)
	at org.springframework.data.jpa.repository.support.CrudMethodMetadataPostProcessor$CrudMethodMetadataPopulatingMethodInterceptor.invoke(CrudMethodMetadataPostProcessor.java:165)
	at org.springframework.aop.framework.ReflectiveMethodInvocation.proceed(ReflectiveMethodInvocation.java:184)
	at org.springframework.aop.framework.JdkDynamicAopProxy.invoke(JdkDynamicAopProxy.java:223)
	at jdk.proxy15/jdk.proxy15.$Proxy186.save(Unknown Source)
	at com.Project.UPIRecon.normalizer.service.NormalizerService.normalize(NormalizerService.java:51)
	at com.Project.UPIRecon.normalizer.kafka.RawTransactionConsumer.consume(RawTransactionConsumer.java:24)
	at java.base/jdk.internal.reflect.NativeMethodAccessorImpl.invoke0(Native Method)
	at java.base/jdk.internal.reflect.NativeMethodAccessorImpl.invoke(NativeMethodAccessorImpl.java:77)
	at java.base/jdk.internal.reflect.DelegatingMethodAccessorImpl.invoke(DelegatingMethodAccessorImpl.java:43)
	at java.base/java.lang.reflect.Method.invoke(Method.java:569)
	at org.springframework.messaging.handler.invocation.InvocableHandlerMethod.doInvoke(InvocableHandlerMethod.java:169)
	at org.springframework.kafka.listener.adapter.KotlinAwareInvocableHandlerMethod.doInvoke(KotlinAwareInvocableHandlerMethod.java:45)
	at org.springframework.messaging.handler.invocation.InvocableHandlerMethod.invoke(InvocableHandlerMethod.java:119)
	at org.springframework.kafka.listener.adapter.HandlerAdapter.invoke(HandlerAdapter.java:78)
	at org.springframework.kafka.listener.adapter.MessagingMessageListenerAdapter.invokeHandler(MessagingMessageListenerAdapter.java:475)
	at org.springframework.kafka.listener.adapter.MessagingMessageListenerAdapter.invoke(MessagingMessageListenerAdapter.java:421)
	at org.springframework.kafka.listener.adapter.RecordMessagingMessageListenerAdapter.onMessage(RecordMessagingMessageListenerAdapter.java:85)
	at org.springframework.kafka.listener.adapter.RecordMessagingMessageListenerAdapter.onMessage(RecordMessagingMessageListenerAdapter.java:50)
	at org.springframework.kafka.listener.KafkaMessageListenerContainer$ListenerConsumer.doInvokeOnMessage(KafkaMessageListenerContainer.java:2887)
	at org.springframework.kafka.listener.KafkaMessageListenerContainer$ListenerConsumer.invokeOnMessage(KafkaMessageListenerContainer.java:2865)
	at org.springframework.kafka.listener.KafkaMessageListenerContainer$ListenerConsumer.doInvokeRecordListener(KafkaMessageListenerContainer.java:2777)
	at org.springframework.kafka.listener.KafkaMessageListenerContainer$ListenerConsumer.doInvokeWithRecords(KafkaMessageListenerContainer.java:2614)
	at org.springframework.kafka.listener.KafkaMessageListenerContainer$ListenerConsumer.invokeRecordListener(KafkaMessageListenerContainer.java:2503)
	at org.springframework.kafka.listener.KafkaMessageListenerContainer$ListenerConsumer.invokeListener(KafkaMessageListenerContainer.java:2152)
	at org.springframework.kafka.listener.KafkaMessageListenerContainer$ListenerConsumer.invokeIfHaveRecords(KafkaMessageListenerContainer.java:1528)
	at org.springframework.kafka.listener.KafkaMessageListenerContainer$ListenerConsumer.pollAndInvoke(KafkaMessageListenerContainer.java:1466)
	at org.springframework.kafka.listener.KafkaMessageListenerContainer$ListenerConsumer.run(KafkaMessageListenerContainer.java:1335)
	at java.base/java.util.concurrent.CompletableFuture$AsyncRun.run(CompletableFuture.java:1804)
	at java.base/java.lang.Thread.run(Thread.java:840)
Caused by: jakarta.persistence.RollbackException: Error while committing the transaction
	at org.hibernate.internal.ExceptionConverterImpl.convertCommitException(ExceptionConverterImpl.java:67)
	at org.hibernate.engine.transaction.internal.TransactionImpl.commit(TransactionImpl.java:104)
	at org.springframework.orm.jpa.JpaTransactionManager.doCommit(JpaTransactionManager.java:562)
	... 37 common frames omitted
Caused by: jakarta.validation.ConstraintViolationException: Validation failed for classes [com.Project.UPIRecon.normalizer.entity.NormalizedTransaction] during persist time for groups [jakarta.validation.groups.Default, ]
List of constraint violations:[
	ConstraintViolationImpl{interpolatedMessage='must not be null', propertyPath=source, rootBeanClass=class com.Project.UPIRecon.normalizer.entity.NormalizedTransaction, messageTemplate='{jakarta.validation.constraints.NotNull.message}'}
]
	at org.hibernate.boot.beanvalidation.BeanValidationEventListener.validate(BeanValidationEventListener.java:176)
	at org.hibernate.boot.beanvalidation.BeanValidationEventListener.onPreInsert(BeanValidationEventListener.java:88)
	at org.hibernate.action.internal.EntityInsertAction.preInsert(EntityInsertAction.java:251)
	at org.hibernate.action.internal.EntityInsertAction.execute(EntityInsertAction.java:106)
	at org.hibernate.engine.spi.ActionQueue.executeActions(ActionQueue.java:644)
	at org.hibernate.engine.spi.ActionQueue.executeActions(ActionQueue.java:511)
	at org.hibernate.event.internal.AbstractFlushingEventListener.performExecutions(AbstractFlushingEventListener.java:414)
	at org.hibernate.event.internal.DefaultFlushEventListener.onFlush(DefaultFlushEventListener.java:41)
	at org.hibernate.event.service.internal.EventListenerGroupImpl.fireEventOnEachListener(EventListenerGroupImpl.java:127)
	at org.hibernate.internal.SessionImpl.doFlush(SessionImpl.java:1429)
	at org.hibernate.internal.SessionImpl.managedFlush(SessionImpl.java:491)
	at org.hibernate.internal.SessionImpl.flushBeforeTransactionCompletion(SessionImpl.java:2354)
	at org.hibernate.internal.SessionImpl.beforeTransactionCompletion(SessionImpl.java:1978)
	at org.hibernate.engine.jdbc.internal.JdbcCoordinatorImpl.beforeTransactionCompletion(JdbcCoordinatorImpl.java:439)
	at org.hibernate.resource.transaction.backend.jdbc.internal.JdbcResourceLocalTransactionCoordinatorImpl.beforeCompletionCallback(JdbcResourceLocalTransactionCoordinatorImpl.java:169)
	at org.hibernate.resource.transaction.backend.jdbc.internal.JdbcResourceLocalTransactionCoordinatorImpl$TransactionDriverControlImpl.commit(JdbcResourceLocalTransactionCoordinatorImpl.java:267)
	at org.hibernate.engine.transaction.internal.TransactionImpl.commit(TransactionImpl.java:101)
	... 38 common frames omitted
2025-12-05 16:36:44 INFO  c.P.U.n.kafka.RawTransactionConsumer - Successfully normalized transaction. TransactionId: qwer1234
2025-12-05 16:37:11 INFO  c.P.U.n.kafka.RawTransactionConsumer - Consumed RAW transaction from Kafka. TransactionId: qwer1253
2025-12-05 16:37:11 INFO  c.P.U.n.service.NormalizerService - Normalizing transaction. TransactionId: qwer1253
2025-12-05 16:37:11 ERROR c.P.U.n.service.NormalizerService - Error processing normalized transaction. TransactionId: qwer1253 | Error: Could not commit JPA transaction
org.springframework.transaction.TransactionSystemException: Could not commit JPA transaction
	at org.springframework.orm.jpa.JpaTransactionManager.doCommit(JpaTransactionManager.java:571)
	at org.springframework.transaction.support.AbstractPlatformTransactionManager.processCommit(AbstractPlatformTransactionManager.java:795)
	at org.springframework.transaction.support.AbstractPlatformTransactionManager.commit(AbstractPlatformTransactionManager.java:758)
	at org.springframework.transaction.interceptor.TransactionAspectSupport.commitTransactionAfterReturning(TransactionAspectSupport.java:698)
	at org.springframework.transaction.interceptor.TransactionAspectSupport.invokeWithinTransaction(TransactionAspectSupport.java:416)
	at org.springframework.transaction.interceptor.TransactionInterceptor.invoke(TransactionInterceptor.java:119)
	at org.springframework.aop.framework.ReflectiveMethodInvocation.proceed(ReflectiveMethodInvocation.java:184)
	at org.springframework.dao.support.PersistenceExceptionTranslationInterceptor.invoke(PersistenceExceptionTranslationInterceptor.java:138)
	at org.springframework.aop.framework.ReflectiveMethodInvocation.proceed(ReflectiveMethodInvocation.java:184)
	at org.springframework.data.jpa.repository.support.CrudMethodMetadataPostProcessor$CrudMethodMetadataPopulatingMethodInterceptor.invoke(CrudMethodMetadataPostProcessor.java:165)
	at org.springframework.aop.framework.ReflectiveMethodInvocation.proceed(ReflectiveMethodInvocation.java:184)
	at org.springframework.aop.framework.JdkDynamicAopProxy.invoke(JdkDynamicAopProxy.java:223)
	at jdk.proxy15/jdk.proxy15.$Proxy186.save(Unknown Source)
	at com.Project.UPIRecon.normalizer.service.NormalizerService.normalize(NormalizerService.java:51)
	at com.Project.UPIRecon.normalizer.kafka.RawTransactionConsumer.consume(RawTransactionConsumer.java:24)
	at java.base/jdk.internal.reflect.NativeMethodAccessorImpl.invoke0(Native Method)
	at java.base/jdk.internal.reflect.NativeMethodAccessorImpl.invoke(NativeMethodAccessorImpl.java:77)
	at java.base/jdk.internal.reflect.DelegatingMethodAccessorImpl.invoke(DelegatingMethodAccessorImpl.java:43)
	at java.base/java.lang.reflect.Method.invoke(Method.java:569)
	at org.springframework.messaging.handler.invocation.InvocableHandlerMethod.doInvoke(InvocableHandlerMethod.java:169)
	at org.springframework.kafka.listener.adapter.KotlinAwareInvocableHandlerMethod.doInvoke(KotlinAwareInvocableHandlerMethod.java:45)
	at org.springframework.messaging.handler.invocation.InvocableHandlerMethod.invoke(InvocableHandlerMethod.java:119)
	at org.springframework.kafka.listener.adapter.HandlerAdapter.invoke(HandlerAdapter.java:78)
	at org.springframework.kafka.listener.adapter.MessagingMessageListenerAdapter.invokeHandler(MessagingMessageListenerAdapter.java:475)
	at org.springframework.kafka.listener.adapter.MessagingMessageListenerAdapter.invoke(MessagingMessageListenerAdapter.java:421)
	at org.springframework.kafka.listener.adapter.RecordMessagingMessageListenerAdapter.onMessage(RecordMessagingMessageListenerAdapter.java:85)
	at org.springframework.kafka.listener.adapter.RecordMessagingMessageListenerAdapter.onMessage(RecordMessagingMessageListenerAdapter.java:50)
	at org.springframework.kafka.listener.KafkaMessageListenerContainer$ListenerConsumer.doInvokeOnMessage(KafkaMessageListenerContainer.java:2887)
	at org.springframework.kafka.listener.KafkaMessageListenerContainer$ListenerConsumer.invokeOnMessage(KafkaMessageListenerContainer.java:2865)
	at org.springframework.kafka.listener.KafkaMessageListenerContainer$ListenerConsumer.doInvokeRecordListener(KafkaMessageListenerContainer.java:2777)
	at org.springframework.kafka.listener.KafkaMessageListenerContainer$ListenerConsumer.doInvokeWithRecords(KafkaMessageListenerContainer.java:2614)
	at org.springframework.kafka.listener.KafkaMessageListenerContainer$ListenerConsumer.invokeRecordListener(KafkaMessageListenerContainer.java:2503)
	at org.springframework.kafka.listener.KafkaMessageListenerContainer$ListenerConsumer.invokeListener(KafkaMessageListenerContainer.java:2152)
	at org.springframework.kafka.listener.KafkaMessageListenerContainer$ListenerConsumer.invokeIfHaveRecords(KafkaMessageListenerContainer.java:1528)
	at org.springframework.kafka.listener.KafkaMessageListenerContainer$ListenerConsumer.pollAndInvoke(KafkaMessageListenerContainer.java:1466)
	at org.springframework.kafka.listener.KafkaMessageListenerContainer$ListenerConsumer.run(KafkaMessageListenerContainer.java:1335)
	at java.base/java.util.concurrent.CompletableFuture$AsyncRun.run(CompletableFuture.java:1804)
	at java.base/java.lang.Thread.run(Thread.java:840)
Caused by: jakarta.persistence.RollbackException: Error while committing the transaction
	at org.hibernate.internal.ExceptionConverterImpl.convertCommitException(ExceptionConverterImpl.java:67)
	at org.hibernate.engine.transaction.internal.TransactionImpl.commit(TransactionImpl.java:104)
	at org.springframework.orm.jpa.JpaTransactionManager.doCommit(JpaTransactionManager.java:562)
	... 37 common frames omitted
Caused by: jakarta.validation.ConstraintViolationException: Validation failed for classes [com.Project.UPIRecon.normalizer.entity.NormalizedTransaction] during persist time for groups [jakarta.validation.groups.Default, ]
List of constraint violations:[
	ConstraintViolationImpl{interpolatedMessage='must not be null', propertyPath=source, rootBeanClass=class com.Project.UPIRecon.normalizer.entity.NormalizedTransaction, messageTemplate='{jakarta.validation.constraints.NotNull.message}'}
]
	at org.hibernate.boot.beanvalidation.BeanValidationEventListener.validate(BeanValidationEventListener.java:176)
	at org.hibernate.boot.beanvalidation.BeanValidationEventListener.onPreInsert(BeanValidationEventListener.java:88)
	at org.hibernate.action.internal.EntityInsertAction.preInsert(EntityInsertAction.java:251)
	at org.hibernate.action.internal.EntityInsertAction.execute(EntityInsertAction.java:106)
	at org.hibernate.engine.spi.ActionQueue.executeActions(ActionQueue.java:644)
	at org.hibernate.engine.spi.ActionQueue.executeActions(ActionQueue.java:511)
	at org.hibernate.event.internal.AbstractFlushingEventListener.performExecutions(AbstractFlushingEventListener.java:414)
	at org.hibernate.event.internal.DefaultFlushEventListener.onFlush(DefaultFlushEventListener.java:41)
	at org.hibernate.event.service.internal.EventListenerGroupImpl.fireEventOnEachListener(EventListenerGroupImpl.java:127)
	at org.hibernate.internal.SessionImpl.doFlush(SessionImpl.java:1429)
	at org.hibernate.internal.SessionImpl.managedFlush(SessionImpl.java:491)
	at org.hibernate.internal.SessionImpl.flushBeforeTransactionCompletion(SessionImpl.java:2354)
	at org.hibernate.internal.SessionImpl.beforeTransactionCompletion(SessionImpl.java:1978)
	at org.hibernate.engine.jdbc.internal.JdbcCoordinatorImpl.beforeTransactionCompletion(JdbcCoordinatorImpl.java:439)
	at org.hibernate.resource.transaction.backend.jdbc.internal.JdbcResourceLocalTransactionCoordinatorImpl.beforeCompletionCallback(JdbcResourceLocalTransactionCoordinatorImpl.java:169)
	at org.hibernate.resource.transaction.backend.jdbc.internal.JdbcResourceLocalTransactionCoordinatorImpl$TransactionDriverControlImpl.commit(JdbcResourceLocalTransactionCoordinatorImpl.java:267)
	at org.hibernate.engine.transaction.internal.TransactionImpl.commit(TransactionImpl.java:101)
	... 38 common frames omitted
2025-12-05 16:37:11 INFO  c.P.U.n.kafka.RawTransactionConsumer - Successfully normalized transaction. TransactionId: qwer1253
2025-12-05 16:44:17 INFO  c.P.U.n.kafka.RawTransactionConsumer - Consumed RAW transaction from Kafka. TransactionId: qwer1253
2025-12-05 16:44:17 INFO  c.P.U.n.service.NormalizerService - Normalizing transaction. TransactionId: qwer1253
2025-12-05 16:44:19 INFO  c.P.U.n.service.NormalizerService - Saved normalized transaction to DB. TransactionId: qwer1253
2025-12-05 16:44:19 INFO  c.P.U.n.kafka.TransactionProducer - Preparing to send normalized transaction to Kafka. TransactionId: qwer1253
2025-12-05 16:44:19 INFO  o.a.k.c.producer.ProducerConfig - ProducerConfig values: 
	acks = -1
	auto.include.jmx.reporter = true
	batch.size = 16384
	bootstrap.servers = [kafka:9092]
	buffer.memory = 33554432
	client.dns.lookup = use_all_dns_ips
	client.id = producer-1
	compression.gzip.level = -1
	compression.lz4.level = 9
	compression.type = none
	compression.zstd.level = 3
	connections.max.idle.ms = 540000
	delivery.timeout.ms = 120000
	enable.idempotence = true
	enable.metrics.push = true
	interceptor.classes = []
	key.serializer = class org.apache.kafka.common.serialization.StringSerializer
	linger.ms = 0
	max.block.ms = 60000
	max.in.flight.requests.per.connection = 5
	max.request.size = 1048576
	metadata.max.age.ms = 300000
	metadata.max.idle.ms = 300000
	metadata.recovery.strategy = none
	metric.reporters = []
	metrics.num.samples = 2
	metrics.recording.level = INFO
	metrics.sample.window.ms = 30000
	partitioner.adaptive.partitioning.enable = true
	partitioner.availability.timeout.ms = 0
	partitioner.class = null
	partitioner.ignore.keys = false
	receive.buffer.bytes = 32768
	reconnect.backoff.max.ms = 1000
	reconnect.backoff.ms = 50
	request.timeout.ms = 30000
	retries = 2147483647
	retry.backoff.max.ms = 1000
	retry.backoff.ms = 100
	sasl.client.callback.handler.class = null
	sasl.jaas.config = null
	sasl.kerberos.kinit.cmd = /usr/bin/kinit
	sasl.kerberos.min.time.before.relogin = 60000
	sasl.kerberos.service.name = null
	sasl.kerberos.ticket.renew.jitter = 0.05
	sasl.kerberos.ticket.renew.window.factor = 0.8
	sasl.login.callback.handler.class = null
	sasl.login.class = null
	sasl.login.connect.timeout.ms = null
	sasl.login.read.timeout.ms = null
	sasl.login.refresh.buffer.seconds = 300
	sasl.login.refresh.min.period.seconds = 60
	sasl.login.refresh.window.factor = 0.8
	sasl.login.refresh.window.jitter = 0.05
	sasl.login.retry.backoff.max.ms = 10000
	sasl.login.retry.backoff.ms = 100
	sasl.mechanism = GSSAPI
	sasl.oauthbearer.clock.skew.seconds = 30
	sasl.oauthbearer.expected.audience = null
	sasl.oauthbearer.expected.issuer = null
	sasl.oauthbearer.header.urlencode = false
	sasl.oauthbearer.jwks.endpoint.refresh.ms = 3600000
	sasl.oauthbearer.jwks.endpoint.retry.backoff.max.ms = 10000
	sasl.oauthbearer.jwks.endpoint.retry.backoff.ms = 100
	sasl.oauthbearer.jwks.endpoint.url = null
	sasl.oauthbearer.scope.claim.name = scope
	sasl.oauthbearer.sub.claim.name = sub
	sasl.oauthbearer.token.endpoint.url = null
	security.protocol = PLAINTEXT
	security.providers = null
	send.buffer.bytes = 131072
	socket.connection.setup.timeout.max.ms = 30000
	socket.connection.setup.timeout.ms = 10000
	ssl.cipher.suites = null
	ssl.enabled.protocols = [TLSv1.2, TLSv1.3]
	ssl.endpoint.identification.algorithm = https
	ssl.engine.factory.class = null
	ssl.key.password = null
	ssl.keymanager.algorithm = SunX509
	ssl.keystore.certificate.chain = null
	ssl.keystore.key = null
	ssl.keystore.location = null
	ssl.keystore.password = null
	ssl.keystore.type = JKS
	ssl.protocol = TLSv1.3
	ssl.provider = null
	ssl.secure.random.implementation = null
	ssl.trustmanager.algorithm = PKIX
	ssl.truststore.certificates = null
	ssl.truststore.location = null
	ssl.truststore.password = null
	ssl.truststore.type = JKS
	transaction.timeout.ms = 60000
	transactional.id = null
	value.serializer = class org.springframework.kafka.support.serializer.JsonSerializer

2025-12-05 16:44:19 INFO  o.a.k.c.t.i.KafkaMetricsCollector - initializing Kafka metrics collector
2025-12-05 16:44:20 INFO  o.a.k.clients.producer.KafkaProducer - [Producer clientId=producer-1] Instantiated an idempotent producer.
2025-12-05 16:44:20 INFO  o.a.kafka.common.utils.AppInfoParser - Kafka version: 3.9.1
2025-12-05 16:44:20 INFO  o.a.kafka.common.utils.AppInfoParser - Kafka commitId: f745dfdcee2b9851
2025-12-05 16:44:20 INFO  o.a.kafka.common.utils.AppInfoParser - Kafka startTimeMs: 1764953060868
2025-12-05 16:44:20 INFO  org.apache.kafka.clients.Metadata - [Producer clientId=producer-1] Cluster ID: -Ev3b8JLS_uTHl36QpBdMw
2025-12-05 16:44:20 INFO  o.a.k.c.p.i.TransactionManager - [Producer clientId=producer-1] ProducerId set to 3 with epoch 0
2025-12-05 16:44:21 INFO  c.P.U.n.kafka.TransactionProducer - Successfully sent normalized transaction to Kafka topic 'normalized-transactions'. TransactionId: qwer1253
2025-12-05 16:44:21 INFO  c.P.U.n.service.NormalizerService - Published normalized transaction to Kafka. TransactionId: qwer1253
2025-12-05 16:44:21 INFO  c.P.U.n.kafka.RawTransactionConsumer - Successfully normalized transaction. TransactionId: qwer1253
2025-12-05 20:29:15 INFO  o.a.k.c.c.i.ConsumerCoordinator - [Consumer clientId=consumer-normalizer-group-24, groupId=normalizer-group] Group coordinator kafka:9092 (id: 2147483646 rack: null) is unavailable or invalid due to cause: session timed out without receiving a heartbeat response. isDisconnected: false. Rediscovery will be attempted.
2025-12-05 20:29:15 INFO  o.a.k.c.c.i.ConsumerCoordinator - [Consumer clientId=consumer-normalizer-group-23, groupId=normalizer-group] Group coordinator kafka:9092 (id: 2147483646 rack: null) is unavailable or invalid due to cause: session timed out without receiving a heartbeat response. isDisconnected: false. Rediscovery will be attempted.
2025-12-05 20:29:16 INFO  o.a.k.c.c.i.ConsumerCoordinator - [Consumer clientId=consumer-normalizer-group-23, groupId=normalizer-group] Requesting disconnect from last known coordinator kafka:9092 (id: 2147483646 rack: null)
2025-12-05 20:29:16 INFO  o.a.k.c.c.i.ConsumerCoordinator - [Consumer clientId=consumer-normalizer-group-24, groupId=normalizer-group] Requesting disconnect from last known coordinator kafka:9092 (id: 2147483646 rack: null)
2025-12-05 20:29:16 INFO  o.apache.kafka.clients.NetworkClient - [Consumer clientId=consumer-normalizer-group-23, groupId=normalizer-group] Client requested disconnect from node 2147483646
2025-12-05 20:29:16 INFO  o.apache.kafka.clients.NetworkClient - [Consumer clientId=consumer-normalizer-group-24, groupId=normalizer-group] Client requested disconnect from node 2147483646
2025-12-05 20:29:19 INFO  o.a.k.c.c.i.ConsumerCoordinator - [Consumer clientId=consumer-normalizer-group-24, groupId=normalizer-group] Discovered group coordinator kafka:9092 (id: 2147483646 rack: null)
2025-12-05 20:29:19 INFO  o.a.k.c.c.i.ConsumerCoordinator - [Consumer clientId=consumer-normalizer-group-23, groupId=normalizer-group] Discovered group coordinator kafka:9092 (id: 2147483646 rack: null)
