2025-12-05 14:14:28 INFO  o.h.validator.internal.util.Version - HV000001: Hibernate Validator 8.0.2.Final
2025-12-05 14:14:30 INFO  c.P.U.recon.ReconServiceApplication - Starting ReconServiceApplication using Java 17.0.17 with PID 63 (/app/target/classes started by root in /app)
2025-12-05 14:14:30 INFO  c.P.U.recon.ReconServiceApplication - No active profile set, falling back to 1 default profile: "default"
2025-12-05 14:14:31 INFO  o.s.b.d.e.DevToolsPropertyDefaultsPostProcessor - Devtools property defaults active! Set 'spring.devtools.add-properties' to 'false' to disable
2025-12-05 14:14:31 INFO  o.s.b.d.e.DevToolsPropertyDefaultsPostProcessor - For additional web related logging consider setting the 'logging.level.web' property to 'DEBUG'
2025-12-05 14:15:26 INFO  o.s.d.r.c.RepositoryConfigurationDelegate - Bootstrapping Spring Data JPA repositories in DEFAULT mode.
2025-12-05 14:15:28 INFO  o.s.d.r.c.RepositoryConfigurationDelegate - Finished Spring Data repository scanning in 1871 ms. Found 2 JPA repository interfaces.
2025-12-05 14:15:44 INFO  o.s.b.w.e.tomcat.TomcatWebServer - Tomcat initialized with port 8084 (http)
2025-12-05 14:15:44 INFO  o.a.coyote.http11.Http11NioProtocol - Initializing ProtocolHandler ["http-nio-8084"]
2025-12-05 14:15:45 INFO  o.a.catalina.core.StandardService - Starting service [Tomcat]
2025-12-05 14:15:45 INFO  o.a.catalina.core.StandardEngine - Starting Servlet engine: [Apache Tomcat/10.1.42]
2025-12-05 14:15:45 INFO  o.a.c.c.C.[Tomcat].[localhost].[/] - Initializing Spring embedded WebApplicationContext
2025-12-05 14:15:45 INFO  o.s.b.w.s.c.ServletWebServerApplicationContext - Root WebApplicationContext: initialization completed in 74292 ms
2025-12-05 14:15:49 INFO  o.h.jpa.internal.util.LogHelper - HHH000204: Processing PersistenceUnitInfo [name: default]
2025-12-05 14:15:51 INFO  org.hibernate.Version - HHH000412: Hibernate ORM core version 6.6.18.Final
2025-12-05 14:15:52 INFO  o.h.c.i.RegionFactoryInitiator - HHH000026: Second-level cache disabled
2025-12-05 14:16:03 INFO  o.s.o.j.p.SpringPersistenceUnitInfo - No LoadTimeWeaver setup: ignoring JPA class transformer
2025-12-05 14:16:05 INFO  com.zaxxer.hikari.HikariDataSource - HikariPool-1 - Starting...
2025-12-05 14:16:07 INFO  com.zaxxer.hikari.pool.HikariPool - HikariPool-1 - Added connection org.postgresql.jdbc.PgConnection@3693b660
2025-12-05 14:16:07 INFO  com.zaxxer.hikari.HikariDataSource - HikariPool-1 - Start completed.
2025-12-05 14:16:10 WARN  org.hibernate.orm.deprecation - HHH90000025: PostgreSQLDialect does not need to be specified explicitly using 'hibernate.dialect' (remove the property setting and it will be selected by default)
2025-12-05 14:16:10 INFO  o.hibernate.orm.connections.pooling - HHH10001005: Database info:
	Database JDBC URL [Connecting through datasource 'HikariDataSource (HikariPool-1)']
	Database driver: undefined/unknown
	Database version: 15.13
	Autocommit mode: undefined/unknown
	Isolation level: undefined/unknown
	Minimum pool size: undefined/unknown
	Maximum pool size: undefined/unknown
2025-12-05 14:16:33 INFO  o.h.e.t.j.p.i.JtaPlatformInitiator - HHH000489: No JTA platform available (set 'hibernate.transaction.jta.platform' to enable JTA platform integration)
2025-12-05 14:16:34 WARN  o.h.t.s.i.ExceptionHandlerLoggedImpl - GenerationTarget encountered exception accepting command : Error executing DDL "alter table if exists normalized_upi_transactions add column source varchar(255) not null" via JDBC [ERROR: column "source" of relation "normalized_upi_transactions" contains null values]
org.hibernate.tool.schema.spi.CommandAcceptanceException: Error executing DDL "alter table if exists normalized_upi_transactions add column source varchar(255) not null" via JDBC [ERROR: column "source" of relation "normalized_upi_transactions" contains null values]
	at org.hibernate.tool.schema.internal.exec.GenerationTargetToDatabase.accept(GenerationTargetToDatabase.java:94)
	at org.hibernate.tool.schema.internal.AbstractSchemaMigrator.applySqlString(AbstractSchemaMigrator.java:576)
	at org.hibernate.tool.schema.internal.AbstractSchemaMigrator.applySqlStrings(AbstractSchemaMigrator.java:516)
	at org.hibernate.tool.schema.internal.AbstractSchemaMigrator.migrateTable(AbstractSchemaMigrator.java:334)
	at org.hibernate.tool.schema.internal.GroupedSchemaMigratorImpl.performTablesMigration(GroupedSchemaMigratorImpl.java:84)
	at org.hibernate.tool.schema.internal.AbstractSchemaMigrator.performMigration(AbstractSchemaMigrator.java:233)
	at org.hibernate.tool.schema.internal.AbstractSchemaMigrator.doMigration(AbstractSchemaMigrator.java:112)
	at org.hibernate.tool.schema.spi.SchemaManagementToolCoordinator.performDatabaseAction(SchemaManagementToolCoordinator.java:280)
	at org.hibernate.tool.schema.spi.SchemaManagementToolCoordinator.lambda$process$5(SchemaManagementToolCoordinator.java:144)
	at java.base/java.util.HashMap.forEach(HashMap.java:1421)
	at org.hibernate.tool.schema.spi.SchemaManagementToolCoordinator.process(SchemaManagementToolCoordinator.java:141)
	at org.hibernate.boot.internal.SessionFactoryObserverForSchemaExport.sessionFactoryCreated(SessionFactoryObserverForSchemaExport.java:37)
	at org.hibernate.internal.SessionFactoryObserverChain.sessionFactoryCreated(SessionFactoryObserverChain.java:35)
	at org.hibernate.internal.SessionFactoryImpl.<init>(SessionFactoryImpl.java:324)
	at org.hibernate.boot.internal.SessionFactoryBuilderImpl.build(SessionFactoryBuilderImpl.java:463)
	at org.hibernate.jpa.boot.internal.EntityManagerFactoryBuilderImpl.build(EntityManagerFactoryBuilderImpl.java:1517)
	at org.springframework.orm.jpa.vendor.SpringHibernateJpaPersistenceProvider.createContainerEntityManagerFactory(SpringHibernateJpaPersistenceProvider.java:66)
	at org.springframework.orm.jpa.LocalContainerEntityManagerFactoryBean.createNativeEntityManagerFactory(LocalContainerEntityManagerFactoryBean.java:390)
	at org.springframework.orm.jpa.AbstractEntityManagerFactoryBean.buildNativeEntityManagerFactory(AbstractEntityManagerFactoryBean.java:419)
	at org.springframework.orm.jpa.AbstractEntityManagerFactoryBean.afterPropertiesSet(AbstractEntityManagerFactoryBean.java:400)
	at org.springframework.orm.jpa.LocalContainerEntityManagerFactoryBean.afterPropertiesSet(LocalContainerEntityManagerFactoryBean.java:366)
	at org.springframework.beans.factory.support.AbstractAutowireCapableBeanFactory.invokeInitMethods(AbstractAutowireCapableBeanFactory.java:1873)
	at org.springframework.beans.factory.support.AbstractAutowireCapableBeanFactory.initializeBean(AbstractAutowireCapableBeanFactory.java:1822)
	at org.springframework.beans.factory.support.AbstractAutowireCapableBeanFactory.doCreateBean(AbstractAutowireCapableBeanFactory.java:607)
	at org.springframework.beans.factory.support.AbstractAutowireCapableBeanFactory.createBean(AbstractAutowireCapableBeanFactory.java:529)
	at org.springframework.beans.factory.support.AbstractBeanFactory.lambda$doGetBean$0(AbstractBeanFactory.java:339)
	at org.springframework.beans.factory.support.DefaultSingletonBeanRegistry.getSingleton(DefaultSingletonBeanRegistry.java:373)
	at org.springframework.beans.factory.support.AbstractBeanFactory.doGetBean(AbstractBeanFactory.java:337)
	at org.springframework.beans.factory.support.AbstractBeanFactory.getBean(AbstractBeanFactory.java:207)
	at org.springframework.context.support.AbstractApplicationContext.finishBeanFactoryInitialization(AbstractApplicationContext.java:970)
	at org.springframework.context.support.AbstractApplicationContext.refresh(AbstractApplicationContext.java:627)
	at org.springframework.boot.web.servlet.context.ServletWebServerApplicationContext.refresh(ServletWebServerApplicationContext.java:146)
	at org.springframework.boot.SpringApplication.refresh(SpringApplication.java:752)
	at org.springframework.boot.SpringApplication.refreshContext(SpringApplication.java:439)
	at org.springframework.boot.SpringApplication.run(SpringApplication.java:318)
	at org.springframework.boot.SpringApplication.run(SpringApplication.java:1361)
	at org.springframework.boot.SpringApplication.run(SpringApplication.java:1350)
	at com.Project.UPIRecon.recon.ReconServiceApplication.main(ReconServiceApplication.java:11)
	at java.base/jdk.internal.reflect.NativeMethodAccessorImpl.invoke0(Native Method)
	at java.base/jdk.internal.reflect.NativeMethodAccessorImpl.invoke(NativeMethodAccessorImpl.java:77)
	at java.base/jdk.internal.reflect.DelegatingMethodAccessorImpl.invoke(DelegatingMethodAccessorImpl.java:43)
	at java.base/java.lang.reflect.Method.invoke(Method.java:569)
	at org.springframework.boot.devtools.restart.RestartLauncher.run(RestartLauncher.java:50)
Caused by: org.postgresql.util.PSQLException: ERROR: column "source" of relation "normalized_upi_transactions" contains null values
	at org.postgresql.core.v3.QueryExecutorImpl.receiveErrorResponse(QueryExecutorImpl.java:2725)
	at org.postgresql.core.v3.QueryExecutorImpl.processResults(QueryExecutorImpl.java:2412)
	at org.postgresql.core.v3.QueryExecutorImpl.execute(QueryExecutorImpl.java:371)
	at org.postgresql.jdbc.PgStatement.executeInternal(PgStatement.java:502)
	at org.postgresql.jdbc.PgStatement.execute(PgStatement.java:419)
	at org.postgresql.jdbc.PgStatement.executeWithFlags(PgStatement.java:341)
	at org.postgresql.jdbc.PgStatement.executeCachedSql(PgStatement.java:326)
	at org.postgresql.jdbc.PgStatement.executeWithFlags(PgStatement.java:302)
	at org.postgresql.jdbc.PgStatement.execute(PgStatement.java:297)
	at com.zaxxer.hikari.pool.ProxyStatement.execute(ProxyStatement.java:95)
	at com.zaxxer.hikari.pool.HikariProxyStatement.execute(HikariProxyStatement.java)
	at org.hibernate.tool.schema.internal.exec.GenerationTargetToDatabase.accept(GenerationTargetToDatabase.java:80)
	... 42 common frames omitted
2025-12-05 14:16:35 INFO  o.s.o.j.LocalContainerEntityManagerFactoryBean - Initialized JPA EntityManagerFactory for persistence unit 'default'
2025-12-05 14:16:45 WARN  o.s.b.a.o.j.JpaBaseConfiguration$JpaWebConfiguration - spring.jpa.open-in-view is enabled by default. Therefore, database queries may be performed during view rendering. Explicitly configure spring.jpa.open-in-view to disable this warning
2025-12-05 14:17:04 INFO  o.s.b.d.a.OptionalLiveReloadServer - LiveReload server is running on port 35729
2025-12-05 14:17:05 INFO  o.a.coyote.http11.Http11NioProtocol - Starting ProtocolHandler ["http-nio-8084"]
2025-12-05 14:17:05 INFO  o.s.b.w.e.tomcat.TomcatWebServer - Tomcat started on port 8084 (http) with context path '/'
2025-12-05 14:17:06 INFO  o.s.b.w.e.tomcat.GracefulShutdown - Commencing graceful shutdown. Waiting for active requests to complete
2025-12-05 14:17:06 INFO  o.a.coyote.http11.Http11NioProtocol - Pausing ProtocolHandler ["http-nio-8084"]
2025-12-05 14:17:07 INFO  o.s.b.w.e.tomcat.GracefulShutdown - Graceful shutdown complete
2025-12-05 14:17:07 INFO  o.a.coyote.http11.Http11NioProtocol - Stopping ProtocolHandler ["http-nio-8084"]
2025-12-05 14:17:07 WARN  o.s.b.w.s.c.AnnotationConfigServletWebServerApplicationContext - Exception encountered during context initialization - cancelling refresh attempt: org.springframework.context.ApplicationContextException: Failed to start bean 'org.springframework.kafka.config.internalKafkaListenerEndpointRegistry'
2025-12-05 14:17:09 INFO  o.s.o.j.LocalContainerEntityManagerFactoryBean - Closing JPA EntityManagerFactory for persistence unit 'default'
2025-12-05 14:17:09 INFO  com.zaxxer.hikari.HikariDataSource - HikariPool-1 - Shutdown initiated...
2025-12-05 14:17:09 INFO  com.zaxxer.hikari.HikariDataSource - HikariPool-1 - Shutdown completed.
2025-12-05 14:17:09 INFO  o.s.b.a.l.ConditionEvaluationReportLogger - 

Error starting ApplicationContext. To display the condition evaluation report re-run your application with 'debug' enabled.
2025-12-05 14:17:10 ERROR o.s.boot.SpringApplication - Application run failed
org.springframework.context.ApplicationContextException: Failed to start bean 'org.springframework.kafka.config.internalKafkaListenerEndpointRegistry'
	at org.springframework.context.support.DefaultLifecycleProcessor.doStart(DefaultLifecycleProcessor.java:408)
	at org.springframework.context.support.DefaultLifecycleProcessor.doStart(DefaultLifecycleProcessor.java:394)
	at org.springframework.context.support.DefaultLifecycleProcessor$LifecycleGroup.start(DefaultLifecycleProcessor.java:586)
	at java.base/java.lang.Iterable.forEach(Iterable.java:75)
	at org.springframework.context.support.DefaultLifecycleProcessor.startBeans(DefaultLifecycleProcessor.java:364)
	at org.springframework.context.support.DefaultLifecycleProcessor.onRefresh(DefaultLifecycleProcessor.java:310)
	at org.springframework.context.support.AbstractApplicationContext.finishRefresh(AbstractApplicationContext.java:1006)
	at org.springframework.context.support.AbstractApplicationContext.refresh(AbstractApplicationContext.java:630)
	at org.springframework.boot.web.servlet.context.ServletWebServerApplicationContext.refresh(ServletWebServerApplicationContext.java:146)
	at org.springframework.boot.SpringApplication.refresh(SpringApplication.java:752)
	at org.springframework.boot.SpringApplication.refreshContext(SpringApplication.java:439)
	at org.springframework.boot.SpringApplication.run(SpringApplication.java:318)
	at org.springframework.boot.SpringApplication.run(SpringApplication.java:1361)
	at org.springframework.boot.SpringApplication.run(SpringApplication.java:1350)
	at com.Project.UPIRecon.recon.ReconServiceApplication.main(ReconServiceApplication.java:11)
	at java.base/jdk.internal.reflect.NativeMethodAccessorImpl.invoke0(Native Method)
	at java.base/jdk.internal.reflect.NativeMethodAccessorImpl.invoke(NativeMethodAccessorImpl.java:77)
	at java.base/jdk.internal.reflect.DelegatingMethodAccessorImpl.invoke(DelegatingMethodAccessorImpl.java:43)
	at java.base/java.lang.reflect.Method.invoke(Method.java:569)
	at org.springframework.boot.devtools.restart.RestartLauncher.run(RestartLauncher.java:50)
Caused by: java.lang.IllegalStateException: JsonDeserializer must be configured with property setters, or via configuration properties; not both
	at org.springframework.util.Assert.state(Assert.java:79)
	at org.springframework.kafka.support.serializer.JsonDeserializer.configure(JsonDeserializer.java:411)
	at org.springframework.kafka.core.DefaultKafkaConsumerFactory.valueDeserializer(DefaultKafkaConsumerFactory.java:488)
	at org.springframework.kafka.core.DefaultKafkaConsumerFactory$ExtendedKafkaConsumer.<init>(DefaultKafkaConsumerFactory.java:498)
	at org.springframework.kafka.core.DefaultKafkaConsumerFactory.createRawConsumer(DefaultKafkaConsumerFactory.java:453)
	at org.springframework.kafka.core.DefaultKafkaConsumerFactory.createKafkaConsumer(DefaultKafkaConsumerFactory.java:430)
	at org.springframework.kafka.core.DefaultKafkaConsumerFactory.createConsumerWithAdjustedProperties(DefaultKafkaConsumerFactory.java:407)
	at org.springframework.kafka.core.DefaultKafkaConsumerFactory.createKafkaConsumer(DefaultKafkaConsumerFactory.java:374)
	at org.springframework.kafka.core.DefaultKafkaConsumerFactory.createConsumer(DefaultKafkaConsumerFactory.java:335)
	at org.springframework.kafka.listener.KafkaMessageListenerContainer$ListenerConsumer.<init>(KafkaMessageListenerContainer.java:877)
	at org.springframework.kafka.listener.KafkaMessageListenerContainer.doStart(KafkaMessageListenerContainer.java:388)
	at org.springframework.kafka.listener.AbstractMessageListenerContainer.start(AbstractMessageListenerContainer.java:520)
	at org.springframework.kafka.listener.ConcurrentMessageListenerContainer.doStart(ConcurrentMessageListenerContainer.java:264)
	at org.springframework.kafka.listener.AbstractMessageListenerContainer.start(AbstractMessageListenerContainer.java:520)
	at org.springframework.kafka.config.KafkaListenerEndpointRegistry.startIfNecessary(KafkaListenerEndpointRegistry.java:436)
	at org.springframework.kafka.config.KafkaListenerEndpointRegistry.start(KafkaListenerEndpointRegistry.java:382)
	at org.springframework.context.support.DefaultLifecycleProcessor.doStart(DefaultLifecycleProcessor.java:405)
	... 19 common frames omitted
2025-12-05 14:25:39 INFO  o.h.validator.internal.util.Version - HV000001: Hibernate Validator 8.0.2.Final
2025-12-05 14:25:40 INFO  c.P.U.recon.ReconServiceApplication - Starting ReconServiceApplication using Java 17.0.17 with PID 51 (/app/target/classes started by root in /app)
2025-12-05 14:25:40 INFO  c.P.U.recon.ReconServiceApplication - No active profile set, falling back to 1 default profile: "default"
2025-12-05 14:25:40 INFO  o.s.b.d.e.DevToolsPropertyDefaultsPostProcessor - Devtools property defaults active! Set 'spring.devtools.add-properties' to 'false' to disable
2025-12-05 14:25:40 INFO  o.s.b.d.e.DevToolsPropertyDefaultsPostProcessor - For additional web related logging consider setting the 'logging.level.web' property to 'DEBUG'
2025-12-05 14:25:57 INFO  o.s.d.r.c.RepositoryConfigurationDelegate - Bootstrapping Spring Data JPA repositories in DEFAULT mode.
2025-12-05 14:25:59 INFO  o.s.d.r.c.RepositoryConfigurationDelegate - Finished Spring Data repository scanning in 1087 ms. Found 2 JPA repository interfaces.
2025-12-05 14:26:07 INFO  o.s.b.w.e.tomcat.TomcatWebServer - Tomcat initialized with port 8084 (http)
2025-12-05 14:26:08 INFO  o.a.coyote.http11.Http11NioProtocol - Initializing ProtocolHandler ["http-nio-8084"]
2025-12-05 14:26:08 INFO  o.a.catalina.core.StandardService - Starting service [Tomcat]
2025-12-05 14:26:08 INFO  o.a.catalina.core.StandardEngine - Starting Servlet engine: [Apache Tomcat/10.1.42]
2025-12-05 14:26:09 INFO  o.a.c.c.C.[Tomcat].[localhost].[/] - Initializing Spring embedded WebApplicationContext
2025-12-05 14:26:09 INFO  o.s.b.w.s.c.ServletWebServerApplicationContext - Root WebApplicationContext: initialization completed in 28639 ms
2025-12-05 14:26:12 INFO  o.h.jpa.internal.util.LogHelper - HHH000204: Processing PersistenceUnitInfo [name: default]
2025-12-05 14:26:16 INFO  org.hibernate.Version - HHH000412: Hibernate ORM core version 6.6.18.Final
2025-12-05 14:26:17 INFO  o.h.c.i.RegionFactoryInitiator - HHH000026: Second-level cache disabled
2025-12-05 14:26:25 INFO  o.s.o.j.p.SpringPersistenceUnitInfo - No LoadTimeWeaver setup: ignoring JPA class transformer
2025-12-05 14:26:26 INFO  com.zaxxer.hikari.HikariDataSource - HikariPool-1 - Starting...
2025-12-05 14:26:28 INFO  com.zaxxer.hikari.pool.HikariPool - HikariPool-1 - Added connection org.postgresql.jdbc.PgConnection@97adc00
2025-12-05 14:26:28 INFO  com.zaxxer.hikari.HikariDataSource - HikariPool-1 - Start completed.
2025-12-05 14:26:29 WARN  org.hibernate.orm.deprecation - HHH90000025: PostgreSQLDialect does not need to be specified explicitly using 'hibernate.dialect' (remove the property setting and it will be selected by default)
2025-12-05 14:26:29 INFO  o.hibernate.orm.connections.pooling - HHH10001005: Database info:
	Database JDBC URL [Connecting through datasource 'HikariDataSource (HikariPool-1)']
	Database driver: undefined/unknown
	Database version: 15.13
	Autocommit mode: undefined/unknown
	Isolation level: undefined/unknown
	Minimum pool size: undefined/unknown
	Maximum pool size: undefined/unknown
2025-12-05 14:26:48 INFO  o.h.e.t.j.p.i.JtaPlatformInitiator - HHH000489: No JTA platform available (set 'hibernate.transaction.jta.platform' to enable JTA platform integration)
2025-12-05 14:26:49 INFO  o.s.o.j.LocalContainerEntityManagerFactoryBean - Initialized JPA EntityManagerFactory for persistence unit 'default'
2025-12-05 14:26:57 WARN  o.s.b.a.o.j.JpaBaseConfiguration$JpaWebConfiguration - spring.jpa.open-in-view is enabled by default. Therefore, database queries may be performed during view rendering. Explicitly configure spring.jpa.open-in-view to disable this warning
2025-12-05 14:27:12 INFO  o.s.b.d.a.OptionalLiveReloadServer - LiveReload server is running on port 35729
2025-12-05 14:27:12 INFO  o.a.coyote.http11.Http11NioProtocol - Starting ProtocolHandler ["http-nio-8084"]
2025-12-05 14:27:13 INFO  o.s.b.w.e.tomcat.TomcatWebServer - Tomcat started on port 8084 (http) with context path '/'
2025-12-05 14:27:13 INFO  o.s.b.w.e.tomcat.GracefulShutdown - Commencing graceful shutdown. Waiting for active requests to complete
2025-12-05 14:27:13 INFO  o.a.coyote.http11.Http11NioProtocol - Pausing ProtocolHandler ["http-nio-8084"]
2025-12-05 14:27:13 INFO  o.s.b.w.e.tomcat.GracefulShutdown - Graceful shutdown complete
2025-12-05 14:27:13 INFO  o.a.coyote.http11.Http11NioProtocol - Stopping ProtocolHandler ["http-nio-8084"]
2025-12-05 14:27:13 WARN  o.s.b.w.s.c.AnnotationConfigServletWebServerApplicationContext - Exception encountered during context initialization - cancelling refresh attempt: org.springframework.context.ApplicationContextException: Failed to start bean 'org.springframework.kafka.config.internalKafkaListenerEndpointRegistry'
2025-12-05 14:27:15 INFO  o.s.o.j.LocalContainerEntityManagerFactoryBean - Closing JPA EntityManagerFactory for persistence unit 'default'
2025-12-05 14:27:15 INFO  com.zaxxer.hikari.HikariDataSource - HikariPool-1 - Shutdown initiated...
2025-12-05 14:27:15 INFO  com.zaxxer.hikari.HikariDataSource - HikariPool-1 - Shutdown completed.
2025-12-05 14:27:15 INFO  o.s.b.a.l.ConditionEvaluationReportLogger - 

Error starting ApplicationContext. To display the condition evaluation report re-run your application with 'debug' enabled.
2025-12-05 14:27:16 ERROR o.s.boot.SpringApplication - Application run failed
org.springframework.context.ApplicationContextException: Failed to start bean 'org.springframework.kafka.config.internalKafkaListenerEndpointRegistry'
	at org.springframework.context.support.DefaultLifecycleProcessor.doStart(DefaultLifecycleProcessor.java:408)
	at org.springframework.context.support.DefaultLifecycleProcessor.doStart(DefaultLifecycleProcessor.java:394)
	at org.springframework.context.support.DefaultLifecycleProcessor$LifecycleGroup.start(DefaultLifecycleProcessor.java:586)
	at java.base/java.lang.Iterable.forEach(Iterable.java:75)
	at org.springframework.context.support.DefaultLifecycleProcessor.startBeans(DefaultLifecycleProcessor.java:364)
	at org.springframework.context.support.DefaultLifecycleProcessor.onRefresh(DefaultLifecycleProcessor.java:310)
	at org.springframework.context.support.AbstractApplicationContext.finishRefresh(AbstractApplicationContext.java:1006)
	at org.springframework.context.support.AbstractApplicationContext.refresh(AbstractApplicationContext.java:630)
	at org.springframework.boot.web.servlet.context.ServletWebServerApplicationContext.refresh(ServletWebServerApplicationContext.java:146)
	at org.springframework.boot.SpringApplication.refresh(SpringApplication.java:752)
	at org.springframework.boot.SpringApplication.refreshContext(SpringApplication.java:439)
	at org.springframework.boot.SpringApplication.run(SpringApplication.java:318)
	at org.springframework.boot.SpringApplication.run(SpringApplication.java:1361)
	at org.springframework.boot.SpringApplication.run(SpringApplication.java:1350)
	at com.Project.UPIRecon.recon.ReconServiceApplication.main(ReconServiceApplication.java:11)
	at java.base/jdk.internal.reflect.NativeMethodAccessorImpl.invoke0(Native Method)
	at java.base/jdk.internal.reflect.NativeMethodAccessorImpl.invoke(NativeMethodAccessorImpl.java:77)
	at java.base/jdk.internal.reflect.DelegatingMethodAccessorImpl.invoke(DelegatingMethodAccessorImpl.java:43)
	at java.base/java.lang.reflect.Method.invoke(Method.java:569)
	at org.springframework.boot.devtools.restart.RestartLauncher.run(RestartLauncher.java:50)
Caused by: java.lang.IllegalStateException: JsonDeserializer must be configured with property setters, or via configuration properties; not both
	at org.springframework.util.Assert.state(Assert.java:79)
	at org.springframework.kafka.support.serializer.JsonDeserializer.configure(JsonDeserializer.java:411)
	at org.springframework.kafka.core.DefaultKafkaConsumerFactory.valueDeserializer(DefaultKafkaConsumerFactory.java:488)
	at org.springframework.kafka.core.DefaultKafkaConsumerFactory$ExtendedKafkaConsumer.<init>(DefaultKafkaConsumerFactory.java:498)
	at org.springframework.kafka.core.DefaultKafkaConsumerFactory.createRawConsumer(DefaultKafkaConsumerFactory.java:453)
	at org.springframework.kafka.core.DefaultKafkaConsumerFactory.createKafkaConsumer(DefaultKafkaConsumerFactory.java:430)
	at org.springframework.kafka.core.DefaultKafkaConsumerFactory.createConsumerWithAdjustedProperties(DefaultKafkaConsumerFactory.java:407)
	at org.springframework.kafka.core.DefaultKafkaConsumerFactory.createKafkaConsumer(DefaultKafkaConsumerFactory.java:374)
	at org.springframework.kafka.core.DefaultKafkaConsumerFactory.createConsumer(DefaultKafkaConsumerFactory.java:335)
	at org.springframework.kafka.listener.KafkaMessageListenerContainer$ListenerConsumer.<init>(KafkaMessageListenerContainer.java:877)
	at org.springframework.kafka.listener.KafkaMessageListenerContainer.doStart(KafkaMessageListenerContainer.java:388)
	at org.springframework.kafka.listener.AbstractMessageListenerContainer.start(AbstractMessageListenerContainer.java:520)
	at org.springframework.kafka.listener.ConcurrentMessageListenerContainer.doStart(ConcurrentMessageListenerContainer.java:264)
	at org.springframework.kafka.listener.AbstractMessageListenerContainer.start(AbstractMessageListenerContainer.java:520)
	at org.springframework.kafka.config.KafkaListenerEndpointRegistry.startIfNecessary(KafkaListenerEndpointRegistry.java:436)
	at org.springframework.kafka.config.KafkaListenerEndpointRegistry.start(KafkaListenerEndpointRegistry.java:382)
	at org.springframework.context.support.DefaultLifecycleProcessor.doStart(DefaultLifecycleProcessor.java:405)
	... 19 common frames omitted
2025-12-05 15:16:34 INFO  o.h.validator.internal.util.Version - HV000001: Hibernate Validator 8.0.2.Final
2025-12-05 15:16:36 INFO  c.P.U.recon.ReconServiceApplication - Starting ReconServiceApplication using Java 17.0.17 with PID 63 (/app/target/classes started by root in /app)
2025-12-05 15:16:36 INFO  c.P.U.recon.ReconServiceApplication - No active profile set, falling back to 1 default profile: "default"
2025-12-05 15:16:37 INFO  o.s.b.d.e.DevToolsPropertyDefaultsPostProcessor - Devtools property defaults active! Set 'spring.devtools.add-properties' to 'false' to disable
2025-12-05 15:16:37 INFO  o.s.b.d.e.DevToolsPropertyDefaultsPostProcessor - For additional web related logging consider setting the 'logging.level.web' property to 'DEBUG'
2025-12-05 15:16:53 INFO  o.s.d.r.c.RepositoryConfigurationDelegate - Bootstrapping Spring Data JPA repositories in DEFAULT mode.
2025-12-05 15:16:54 INFO  o.s.d.r.c.RepositoryConfigurationDelegate - Finished Spring Data repository scanning in 1109 ms. Found 2 JPA repository interfaces.
2025-12-05 15:17:02 INFO  o.s.b.w.e.tomcat.TomcatWebServer - Tomcat initialized with port 8084 (http)
2025-12-05 15:17:02 INFO  o.a.coyote.http11.Http11NioProtocol - Initializing ProtocolHandler ["http-nio-8084"]
2025-12-05 15:17:02 INFO  o.a.catalina.core.StandardService - Starting service [Tomcat]
2025-12-05 15:17:02 INFO  o.a.catalina.core.StandardEngine - Starting Servlet engine: [Apache Tomcat/10.1.42]
2025-12-05 15:17:03 INFO  o.a.c.c.C.[Tomcat].[localhost].[/] - Initializing Spring embedded WebApplicationContext
2025-12-05 15:17:03 INFO  o.s.b.w.s.c.ServletWebServerApplicationContext - Root WebApplicationContext: initialization completed in 26098 ms
2025-12-05 15:17:04 INFO  o.h.jpa.internal.util.LogHelper - HHH000204: Processing PersistenceUnitInfo [name: default]
2025-12-05 15:17:05 INFO  org.hibernate.Version - HHH000412: Hibernate ORM core version 6.6.18.Final
2025-12-05 15:17:06 INFO  o.h.c.i.RegionFactoryInitiator - HHH000026: Second-level cache disabled
2025-12-05 15:17:11 INFO  o.s.o.j.p.SpringPersistenceUnitInfo - No LoadTimeWeaver setup: ignoring JPA class transformer
2025-12-05 15:17:12 INFO  com.zaxxer.hikari.HikariDataSource - HikariPool-1 - Starting...
2025-12-05 15:17:14 INFO  com.zaxxer.hikari.pool.HikariPool - HikariPool-1 - Added connection org.postgresql.jdbc.PgConnection@9a736b3
2025-12-05 15:17:14 INFO  com.zaxxer.hikari.HikariDataSource - HikariPool-1 - Start completed.
2025-12-05 15:17:14 WARN  org.hibernate.orm.deprecation - HHH90000025: PostgreSQLDialect does not need to be specified explicitly using 'hibernate.dialect' (remove the property setting and it will be selected by default)
2025-12-05 15:17:15 INFO  o.hibernate.orm.connections.pooling - HHH10001005: Database info:
	Database JDBC URL [Connecting through datasource 'HikariDataSource (HikariPool-1)']
	Database driver: undefined/unknown
	Database version: 15.13
	Autocommit mode: undefined/unknown
	Isolation level: undefined/unknown
	Minimum pool size: undefined/unknown
	Maximum pool size: undefined/unknown
2025-12-05 15:17:30 INFO  o.h.e.t.j.p.i.JtaPlatformInitiator - HHH000489: No JTA platform available (set 'hibernate.transaction.jta.platform' to enable JTA platform integration)
2025-12-05 15:17:30 INFO  o.s.o.j.LocalContainerEntityManagerFactoryBean - Initialized JPA EntityManagerFactory for persistence unit 'default'
2025-12-05 15:17:37 WARN  o.s.b.a.o.j.JpaBaseConfiguration$JpaWebConfiguration - spring.jpa.open-in-view is enabled by default. Therefore, database queries may be performed during view rendering. Explicitly configure spring.jpa.open-in-view to disable this warning
2025-12-05 15:17:42 INFO  o.s.b.d.a.OptionalLiveReloadServer - LiveReload server is running on port 35729
2025-12-05 15:17:43 INFO  o.a.coyote.http11.Http11NioProtocol - Starting ProtocolHandler ["http-nio-8084"]
2025-12-05 15:17:43 INFO  o.s.b.w.e.tomcat.TomcatWebServer - Tomcat started on port 8084 (http) with context path '/'
2025-12-05 15:17:43 INFO  o.s.b.w.e.tomcat.GracefulShutdown - Commencing graceful shutdown. Waiting for active requests to complete
2025-12-05 15:17:43 INFO  o.a.coyote.http11.Http11NioProtocol - Pausing ProtocolHandler ["http-nio-8084"]
2025-12-05 15:17:43 INFO  o.s.b.w.e.tomcat.GracefulShutdown - Graceful shutdown complete
2025-12-05 15:17:43 INFO  o.a.coyote.http11.Http11NioProtocol - Stopping ProtocolHandler ["http-nio-8084"]
2025-12-05 15:17:43 WARN  o.s.b.w.s.c.AnnotationConfigServletWebServerApplicationContext - Exception encountered during context initialization - cancelling refresh attempt: org.springframework.context.ApplicationContextException: Failed to start bean 'org.springframework.kafka.config.internalKafkaListenerEndpointRegistry'
2025-12-05 15:17:45 INFO  o.s.o.j.LocalContainerEntityManagerFactoryBean - Closing JPA EntityManagerFactory for persistence unit 'default'
2025-12-05 15:17:45 INFO  com.zaxxer.hikari.HikariDataSource - HikariPool-1 - Shutdown initiated...
2025-12-05 15:17:45 INFO  com.zaxxer.hikari.HikariDataSource - HikariPool-1 - Shutdown completed.
2025-12-05 15:17:45 INFO  o.s.b.a.l.ConditionEvaluationReportLogger - 

Error starting ApplicationContext. To display the condition evaluation report re-run your application with 'debug' enabled.
2025-12-05 15:17:45 ERROR o.s.boot.SpringApplication - Application run failed
org.springframework.context.ApplicationContextException: Failed to start bean 'org.springframework.kafka.config.internalKafkaListenerEndpointRegistry'
	at org.springframework.context.support.DefaultLifecycleProcessor.doStart(DefaultLifecycleProcessor.java:408)
	at org.springframework.context.support.DefaultLifecycleProcessor.doStart(DefaultLifecycleProcessor.java:394)
	at org.springframework.context.support.DefaultLifecycleProcessor$LifecycleGroup.start(DefaultLifecycleProcessor.java:586)
	at java.base/java.lang.Iterable.forEach(Iterable.java:75)
	at org.springframework.context.support.DefaultLifecycleProcessor.startBeans(DefaultLifecycleProcessor.java:364)
	at org.springframework.context.support.DefaultLifecycleProcessor.onRefresh(DefaultLifecycleProcessor.java:310)
	at org.springframework.context.support.AbstractApplicationContext.finishRefresh(AbstractApplicationContext.java:1006)
	at org.springframework.context.support.AbstractApplicationContext.refresh(AbstractApplicationContext.java:630)
	at org.springframework.boot.web.servlet.context.ServletWebServerApplicationContext.refresh(ServletWebServerApplicationContext.java:146)
	at org.springframework.boot.SpringApplication.refresh(SpringApplication.java:752)
	at org.springframework.boot.SpringApplication.refreshContext(SpringApplication.java:439)
	at org.springframework.boot.SpringApplication.run(SpringApplication.java:318)
	at org.springframework.boot.SpringApplication.run(SpringApplication.java:1361)
	at org.springframework.boot.SpringApplication.run(SpringApplication.java:1350)
	at com.Project.UPIRecon.recon.ReconServiceApplication.main(ReconServiceApplication.java:11)
	at java.base/jdk.internal.reflect.NativeMethodAccessorImpl.invoke0(Native Method)
	at java.base/jdk.internal.reflect.NativeMethodAccessorImpl.invoke(NativeMethodAccessorImpl.java:77)
	at java.base/jdk.internal.reflect.DelegatingMethodAccessorImpl.invoke(DelegatingMethodAccessorImpl.java:43)
	at java.base/java.lang.reflect.Method.invoke(Method.java:569)
	at org.springframework.boot.devtools.restart.RestartLauncher.run(RestartLauncher.java:50)
Caused by: java.lang.IllegalStateException: JsonDeserializer must be configured with property setters, or via configuration properties; not both
	at org.springframework.util.Assert.state(Assert.java:79)
	at org.springframework.kafka.support.serializer.JsonDeserializer.configure(JsonDeserializer.java:411)
	at org.springframework.kafka.core.DefaultKafkaConsumerFactory.valueDeserializer(DefaultKafkaConsumerFactory.java:488)
	at org.springframework.kafka.core.DefaultKafkaConsumerFactory$ExtendedKafkaConsumer.<init>(DefaultKafkaConsumerFactory.java:498)
	at org.springframework.kafka.core.DefaultKafkaConsumerFactory.createRawConsumer(DefaultKafkaConsumerFactory.java:453)
	at org.springframework.kafka.core.DefaultKafkaConsumerFactory.createKafkaConsumer(DefaultKafkaConsumerFactory.java:430)
	at org.springframework.kafka.core.DefaultKafkaConsumerFactory.createConsumerWithAdjustedProperties(DefaultKafkaConsumerFactory.java:407)
	at org.springframework.kafka.core.DefaultKafkaConsumerFactory.createKafkaConsumer(DefaultKafkaConsumerFactory.java:374)
	at org.springframework.kafka.core.DefaultKafkaConsumerFactory.createConsumer(DefaultKafkaConsumerFactory.java:335)
	at org.springframework.kafka.listener.KafkaMessageListenerContainer$ListenerConsumer.<init>(KafkaMessageListenerContainer.java:877)
	at org.springframework.kafka.listener.KafkaMessageListenerContainer.doStart(KafkaMessageListenerContainer.java:388)
	at org.springframework.kafka.listener.AbstractMessageListenerContainer.start(AbstractMessageListenerContainer.java:520)
	at org.springframework.kafka.listener.ConcurrentMessageListenerContainer.doStart(ConcurrentMessageListenerContainer.java:264)
	at org.springframework.kafka.listener.AbstractMessageListenerContainer.start(AbstractMessageListenerContainer.java:520)
	at org.springframework.kafka.config.KafkaListenerEndpointRegistry.startIfNecessary(KafkaListenerEndpointRegistry.java:436)
	at org.springframework.kafka.config.KafkaListenerEndpointRegistry.start(KafkaListenerEndpointRegistry.java:382)
	at org.springframework.context.support.DefaultLifecycleProcessor.doStart(DefaultLifecycleProcessor.java:405)
	... 19 common frames omitted
2025-12-05 15:22:12 INFO  o.h.validator.internal.util.Version - HV000001: Hibernate Validator 8.0.2.Final
2025-12-05 15:22:13 INFO  c.P.U.recon.ReconServiceApplication - Starting ReconServiceApplication using Java 17.0.17 with PID 51 (/app/target/classes started by root in /app)
2025-12-05 15:22:13 INFO  c.P.U.recon.ReconServiceApplication - No active profile set, falling back to 1 default profile: "default"
2025-12-05 15:22:14 INFO  o.s.b.d.e.DevToolsPropertyDefaultsPostProcessor - Devtools property defaults active! Set 'spring.devtools.add-properties' to 'false' to disable
2025-12-05 15:22:14 INFO  o.s.b.d.e.DevToolsPropertyDefaultsPostProcessor - For additional web related logging consider setting the 'logging.level.web' property to 'DEBUG'
2025-12-05 15:22:29 INFO  o.s.d.r.c.RepositoryConfigurationDelegate - Bootstrapping Spring Data JPA repositories in DEFAULT mode.
2025-12-05 15:22:30 INFO  o.s.d.r.c.RepositoryConfigurationDelegate - Finished Spring Data repository scanning in 1115 ms. Found 2 JPA repository interfaces.
2025-12-05 15:22:37 INFO  o.s.b.w.e.tomcat.TomcatWebServer - Tomcat initialized with port 8084 (http)
2025-12-05 15:22:38 INFO  o.a.coyote.http11.Http11NioProtocol - Initializing ProtocolHandler ["http-nio-8084"]
2025-12-05 15:22:38 INFO  o.a.catalina.core.StandardService - Starting service [Tomcat]
2025-12-05 15:22:38 INFO  o.a.catalina.core.StandardEngine - Starting Servlet engine: [Apache Tomcat/10.1.42]
2025-12-05 15:22:39 INFO  o.a.c.c.C.[Tomcat].[localhost].[/] - Initializing Spring embedded WebApplicationContext
2025-12-05 15:22:39 INFO  o.s.b.w.s.c.ServletWebServerApplicationContext - Root WebApplicationContext: initialization completed in 24649 ms
2025-12-05 15:22:40 INFO  o.h.jpa.internal.util.LogHelper - HHH000204: Processing PersistenceUnitInfo [name: default]
2025-12-05 15:22:42 INFO  org.hibernate.Version - HHH000412: Hibernate ORM core version 6.6.18.Final
2025-12-05 15:22:43 INFO  o.h.c.i.RegionFactoryInitiator - HHH000026: Second-level cache disabled
2025-12-05 15:22:48 INFO  o.s.o.j.p.SpringPersistenceUnitInfo - No LoadTimeWeaver setup: ignoring JPA class transformer
2025-12-05 15:22:49 INFO  com.zaxxer.hikari.HikariDataSource - HikariPool-1 - Starting...
2025-12-05 15:22:51 INFO  com.zaxxer.hikari.pool.HikariPool - HikariPool-1 - Added connection org.postgresql.jdbc.PgConnection@22270dfe
2025-12-05 15:22:51 INFO  com.zaxxer.hikari.HikariDataSource - HikariPool-1 - Start completed.
2025-12-05 15:22:52 WARN  org.hibernate.orm.deprecation - HHH90000025: PostgreSQLDialect does not need to be specified explicitly using 'hibernate.dialect' (remove the property setting and it will be selected by default)
2025-12-05 15:22:52 INFO  o.hibernate.orm.connections.pooling - HHH10001005: Database info:
	Database JDBC URL [Connecting through datasource 'HikariDataSource (HikariPool-1)']
	Database driver: undefined/unknown
	Database version: 15.13
	Autocommit mode: undefined/unknown
	Isolation level: undefined/unknown
	Minimum pool size: undefined/unknown
	Maximum pool size: undefined/unknown
2025-12-05 15:23:03 INFO  o.h.e.t.j.p.i.JtaPlatformInitiator - HHH000489: No JTA platform available (set 'hibernate.transaction.jta.platform' to enable JTA platform integration)
2025-12-05 15:23:04 INFO  o.s.o.j.LocalContainerEntityManagerFactoryBean - Initialized JPA EntityManagerFactory for persistence unit 'default'
2025-12-05 15:23:12 WARN  o.s.b.a.o.j.JpaBaseConfiguration$JpaWebConfiguration - spring.jpa.open-in-view is enabled by default. Therefore, database queries may be performed during view rendering. Explicitly configure spring.jpa.open-in-view to disable this warning
2025-12-05 15:23:17 INFO  o.s.b.d.a.OptionalLiveReloadServer - LiveReload server is running on port 35729
2025-12-05 15:23:18 INFO  o.a.coyote.http11.Http11NioProtocol - Starting ProtocolHandler ["http-nio-8084"]
2025-12-05 15:23:18 INFO  o.s.b.w.e.tomcat.TomcatWebServer - Tomcat started on port 8084 (http) with context path '/'
2025-12-05 15:23:18 INFO  o.s.b.w.e.tomcat.GracefulShutdown - Commencing graceful shutdown. Waiting for active requests to complete
2025-12-05 15:23:18 INFO  o.a.coyote.http11.Http11NioProtocol - Pausing ProtocolHandler ["http-nio-8084"]
2025-12-05 15:23:18 INFO  o.s.b.w.e.tomcat.GracefulShutdown - Graceful shutdown complete
2025-12-05 15:23:18 INFO  o.a.coyote.http11.Http11NioProtocol - Stopping ProtocolHandler ["http-nio-8084"]
2025-12-05 15:23:18 WARN  o.s.b.w.s.c.AnnotationConfigServletWebServerApplicationContext - Exception encountered during context initialization - cancelling refresh attempt: org.springframework.context.ApplicationContextException: Failed to start bean 'org.springframework.kafka.config.internalKafkaListenerEndpointRegistry'
2025-12-05 15:23:19 INFO  o.s.o.j.LocalContainerEntityManagerFactoryBean - Closing JPA EntityManagerFactory for persistence unit 'default'
2025-12-05 15:23:19 INFO  com.zaxxer.hikari.HikariDataSource - HikariPool-1 - Shutdown initiated...
2025-12-05 15:23:19 INFO  com.zaxxer.hikari.HikariDataSource - HikariPool-1 - Shutdown completed.
2025-12-05 15:23:20 INFO  o.s.b.a.l.ConditionEvaluationReportLogger - 

Error starting ApplicationContext. To display the condition evaluation report re-run your application with 'debug' enabled.
2025-12-05 15:23:20 ERROR o.s.boot.SpringApplication - Application run failed
org.springframework.context.ApplicationContextException: Failed to start bean 'org.springframework.kafka.config.internalKafkaListenerEndpointRegistry'
	at org.springframework.context.support.DefaultLifecycleProcessor.doStart(DefaultLifecycleProcessor.java:408)
	at org.springframework.context.support.DefaultLifecycleProcessor.doStart(DefaultLifecycleProcessor.java:394)
	at org.springframework.context.support.DefaultLifecycleProcessor$LifecycleGroup.start(DefaultLifecycleProcessor.java:586)
	at java.base/java.lang.Iterable.forEach(Iterable.java:75)
	at org.springframework.context.support.DefaultLifecycleProcessor.startBeans(DefaultLifecycleProcessor.java:364)
	at org.springframework.context.support.DefaultLifecycleProcessor.onRefresh(DefaultLifecycleProcessor.java:310)
	at org.springframework.context.support.AbstractApplicationContext.finishRefresh(AbstractApplicationContext.java:1006)
	at org.springframework.context.support.AbstractApplicationContext.refresh(AbstractApplicationContext.java:630)
	at org.springframework.boot.web.servlet.context.ServletWebServerApplicationContext.refresh(ServletWebServerApplicationContext.java:146)
	at org.springframework.boot.SpringApplication.refresh(SpringApplication.java:752)
	at org.springframework.boot.SpringApplication.refreshContext(SpringApplication.java:439)
	at org.springframework.boot.SpringApplication.run(SpringApplication.java:318)
	at org.springframework.boot.SpringApplication.run(SpringApplication.java:1361)
	at org.springframework.boot.SpringApplication.run(SpringApplication.java:1350)
	at com.Project.UPIRecon.recon.ReconServiceApplication.main(ReconServiceApplication.java:11)
	at java.base/jdk.internal.reflect.NativeMethodAccessorImpl.invoke0(Native Method)
	at java.base/jdk.internal.reflect.NativeMethodAccessorImpl.invoke(NativeMethodAccessorImpl.java:77)
	at java.base/jdk.internal.reflect.DelegatingMethodAccessorImpl.invoke(DelegatingMethodAccessorImpl.java:43)
	at java.base/java.lang.reflect.Method.invoke(Method.java:569)
	at org.springframework.boot.devtools.restart.RestartLauncher.run(RestartLauncher.java:50)
Caused by: java.lang.IllegalStateException: JsonDeserializer must be configured with property setters, or via configuration properties; not both
	at org.springframework.util.Assert.state(Assert.java:79)
	at org.springframework.kafka.support.serializer.JsonDeserializer.configure(JsonDeserializer.java:411)
	at org.springframework.kafka.core.DefaultKafkaConsumerFactory.valueDeserializer(DefaultKafkaConsumerFactory.java:488)
	at org.springframework.kafka.core.DefaultKafkaConsumerFactory$ExtendedKafkaConsumer.<init>(DefaultKafkaConsumerFactory.java:498)
	at org.springframework.kafka.core.DefaultKafkaConsumerFactory.createRawConsumer(DefaultKafkaConsumerFactory.java:453)
	at org.springframework.kafka.core.DefaultKafkaConsumerFactory.createKafkaConsumer(DefaultKafkaConsumerFactory.java:430)
	at org.springframework.kafka.core.DefaultKafkaConsumerFactory.createConsumerWithAdjustedProperties(DefaultKafkaConsumerFactory.java:407)
	at org.springframework.kafka.core.DefaultKafkaConsumerFactory.createKafkaConsumer(DefaultKafkaConsumerFactory.java:374)
	at org.springframework.kafka.core.DefaultKafkaConsumerFactory.createConsumer(DefaultKafkaConsumerFactory.java:335)
	at org.springframework.kafka.listener.KafkaMessageListenerContainer$ListenerConsumer.<init>(KafkaMessageListenerContainer.java:877)
	at org.springframework.kafka.listener.KafkaMessageListenerContainer.doStart(KafkaMessageListenerContainer.java:388)
	at org.springframework.kafka.listener.AbstractMessageListenerContainer.start(AbstractMessageListenerContainer.java:520)
	at org.springframework.kafka.listener.ConcurrentMessageListenerContainer.doStart(ConcurrentMessageListenerContainer.java:264)
	at org.springframework.kafka.listener.AbstractMessageListenerContainer.start(AbstractMessageListenerContainer.java:520)
	at org.springframework.kafka.config.KafkaListenerEndpointRegistry.startIfNecessary(KafkaListenerEndpointRegistry.java:436)
	at org.springframework.kafka.config.KafkaListenerEndpointRegistry.start(KafkaListenerEndpointRegistry.java:382)
	at org.springframework.context.support.DefaultLifecycleProcessor.doStart(DefaultLifecycleProcessor.java:405)
	... 19 common frames omitted
2025-12-05 15:57:01 INFO  o.h.validator.internal.util.Version - HV000001: Hibernate Validator 8.0.2.Final
2025-12-05 15:57:03 INFO  c.P.U.recon.ReconServiceApplication - Starting ReconServiceApplication using Java 17.0.17 with PID 60 (/app/target/classes started by root in /app)
2025-12-05 15:57:03 INFO  c.P.U.recon.ReconServiceApplication - No active profile set, falling back to 1 default profile: "default"
2025-12-05 15:57:04 INFO  o.s.b.d.e.DevToolsPropertyDefaultsPostProcessor - Devtools property defaults active! Set 'spring.devtools.add-properties' to 'false' to disable
2025-12-05 15:57:04 INFO  o.s.b.d.e.DevToolsPropertyDefaultsPostProcessor - For additional web related logging consider setting the 'logging.level.web' property to 'DEBUG'
2025-12-05 15:57:31 INFO  o.s.d.r.c.RepositoryConfigurationDelegate - Bootstrapping Spring Data JPA repositories in DEFAULT mode.
2025-12-05 15:57:32 INFO  o.s.d.r.c.RepositoryConfigurationDelegate - Finished Spring Data repository scanning in 1388 ms. Found 2 JPA repository interfaces.
2025-12-05 15:57:42 INFO  o.s.b.w.e.tomcat.TomcatWebServer - Tomcat initialized with port 8084 (http)
2025-12-05 15:57:42 INFO  o.a.coyote.http11.Http11NioProtocol - Initializing ProtocolHandler ["http-nio-8084"]
2025-12-05 15:57:42 INFO  o.a.catalina.core.StandardService - Starting service [Tomcat]
2025-12-05 15:57:42 INFO  o.a.catalina.core.StandardEngine - Starting Servlet engine: [Apache Tomcat/10.1.42]
2025-12-05 15:57:43 INFO  o.a.c.c.C.[Tomcat].[localhost].[/] - Initializing Spring embedded WebApplicationContext
2025-12-05 15:57:43 INFO  o.s.b.w.s.c.ServletWebServerApplicationContext - Root WebApplicationContext: initialization completed in 39452 ms
2025-12-05 15:57:46 INFO  o.h.jpa.internal.util.LogHelper - HHH000204: Processing PersistenceUnitInfo [name: default]
2025-12-05 15:57:48 INFO  org.hibernate.Version - HHH000412: Hibernate ORM core version 6.6.18.Final
2025-12-05 15:57:50 INFO  o.h.c.i.RegionFactoryInitiator - HHH000026: Second-level cache disabled
2025-12-05 15:58:02 INFO  o.s.o.j.p.SpringPersistenceUnitInfo - No LoadTimeWeaver setup: ignoring JPA class transformer
2025-12-05 15:58:03 INFO  com.zaxxer.hikari.HikariDataSource - HikariPool-1 - Starting...
2025-12-05 15:58:07 INFO  com.zaxxer.hikari.pool.HikariPool - HikariPool-1 - Added connection org.postgresql.jdbc.PgConnection@6f01f09f
2025-12-05 15:58:07 INFO  com.zaxxer.hikari.HikariDataSource - HikariPool-1 - Start completed.
2025-12-05 15:58:08 WARN  org.hibernate.orm.deprecation - HHH90000025: PostgreSQLDialect does not need to be specified explicitly using 'hibernate.dialect' (remove the property setting and it will be selected by default)
2025-12-05 15:58:09 INFO  o.hibernate.orm.connections.pooling - HHH10001005: Database info:
	Database JDBC URL [Connecting through datasource 'HikariDataSource (HikariPool-1)']
	Database driver: undefined/unknown
	Database version: 15.13
	Autocommit mode: undefined/unknown
	Isolation level: undefined/unknown
	Minimum pool size: undefined/unknown
	Maximum pool size: undefined/unknown
2025-12-05 15:58:26 INFO  o.h.e.t.j.p.i.JtaPlatformInitiator - HHH000489: No JTA platform available (set 'hibernate.transaction.jta.platform' to enable JTA platform integration)
2025-12-05 15:58:27 INFO  o.s.o.j.LocalContainerEntityManagerFactoryBean - Initialized JPA EntityManagerFactory for persistence unit 'default'
2025-12-05 15:58:36 WARN  o.s.b.a.o.j.JpaBaseConfiguration$JpaWebConfiguration - spring.jpa.open-in-view is enabled by default. Therefore, database queries may be performed during view rendering. Explicitly configure spring.jpa.open-in-view to disable this warning
2025-12-05 15:58:45 INFO  o.s.b.d.a.OptionalLiveReloadServer - LiveReload server is running on port 35729
2025-12-05 15:58:46 INFO  o.a.coyote.http11.Http11NioProtocol - Starting ProtocolHandler ["http-nio-8084"]
2025-12-05 15:58:46 INFO  o.s.b.w.e.tomcat.TomcatWebServer - Tomcat started on port 8084 (http) with context path '/'
2025-12-05 15:58:47 INFO  o.s.b.w.e.tomcat.GracefulShutdown - Commencing graceful shutdown. Waiting for active requests to complete
2025-12-05 15:58:47 INFO  o.a.coyote.http11.Http11NioProtocol - Pausing ProtocolHandler ["http-nio-8084"]
2025-12-05 15:58:47 INFO  o.s.b.w.e.tomcat.GracefulShutdown - Graceful shutdown complete
2025-12-05 15:58:47 INFO  o.a.coyote.http11.Http11NioProtocol - Stopping ProtocolHandler ["http-nio-8084"]
2025-12-05 15:58:47 WARN  o.s.b.w.s.c.AnnotationConfigServletWebServerApplicationContext - Exception encountered during context initialization - cancelling refresh attempt: org.springframework.context.ApplicationContextException: Failed to start bean 'org.springframework.kafka.config.internalKafkaListenerEndpointRegistry'
2025-12-05 15:58:48 INFO  o.s.o.j.LocalContainerEntityManagerFactoryBean - Closing JPA EntityManagerFactory for persistence unit 'default'
2025-12-05 15:58:48 INFO  com.zaxxer.hikari.HikariDataSource - HikariPool-1 - Shutdown initiated...
2025-12-05 15:58:48 INFO  com.zaxxer.hikari.HikariDataSource - HikariPool-1 - Shutdown completed.
2025-12-05 15:58:48 INFO  o.s.b.a.l.ConditionEvaluationReportLogger - 

Error starting ApplicationContext. To display the condition evaluation report re-run your application with 'debug' enabled.
2025-12-05 15:58:49 ERROR o.s.boot.SpringApplication - Application run failed
org.springframework.context.ApplicationContextException: Failed to start bean 'org.springframework.kafka.config.internalKafkaListenerEndpointRegistry'
	at org.springframework.context.support.DefaultLifecycleProcessor.doStart(DefaultLifecycleProcessor.java:408)
	at org.springframework.context.support.DefaultLifecycleProcessor.doStart(DefaultLifecycleProcessor.java:394)
	at org.springframework.context.support.DefaultLifecycleProcessor$LifecycleGroup.start(DefaultLifecycleProcessor.java:586)
	at java.base/java.lang.Iterable.forEach(Iterable.java:75)
	at org.springframework.context.support.DefaultLifecycleProcessor.startBeans(DefaultLifecycleProcessor.java:364)
	at org.springframework.context.support.DefaultLifecycleProcessor.onRefresh(DefaultLifecycleProcessor.java:310)
	at org.springframework.context.support.AbstractApplicationContext.finishRefresh(AbstractApplicationContext.java:1006)
	at org.springframework.context.support.AbstractApplicationContext.refresh(AbstractApplicationContext.java:630)
	at org.springframework.boot.web.servlet.context.ServletWebServerApplicationContext.refresh(ServletWebServerApplicationContext.java:146)
	at org.springframework.boot.SpringApplication.refresh(SpringApplication.java:752)
	at org.springframework.boot.SpringApplication.refreshContext(SpringApplication.java:439)
	at org.springframework.boot.SpringApplication.run(SpringApplication.java:318)
	at org.springframework.boot.SpringApplication.run(SpringApplication.java:1361)
	at org.springframework.boot.SpringApplication.run(SpringApplication.java:1350)
	at com.Project.UPIRecon.recon.ReconServiceApplication.main(ReconServiceApplication.java:11)
	at java.base/jdk.internal.reflect.NativeMethodAccessorImpl.invoke0(Native Method)
	at java.base/jdk.internal.reflect.NativeMethodAccessorImpl.invoke(NativeMethodAccessorImpl.java:77)
	at java.base/jdk.internal.reflect.DelegatingMethodAccessorImpl.invoke(DelegatingMethodAccessorImpl.java:43)
	at java.base/java.lang.reflect.Method.invoke(Method.java:569)
	at org.springframework.boot.devtools.restart.RestartLauncher.run(RestartLauncher.java:50)
Caused by: java.lang.IllegalStateException: JsonDeserializer must be configured with property setters, or via configuration properties; not both
	at org.springframework.util.Assert.state(Assert.java:79)
	at org.springframework.kafka.support.serializer.JsonDeserializer.configure(JsonDeserializer.java:411)
	at org.springframework.kafka.core.DefaultKafkaConsumerFactory.valueDeserializer(DefaultKafkaConsumerFactory.java:488)
	at org.springframework.kafka.core.DefaultKafkaConsumerFactory$ExtendedKafkaConsumer.<init>(DefaultKafkaConsumerFactory.java:498)
	at org.springframework.kafka.core.DefaultKafkaConsumerFactory.createRawConsumer(DefaultKafkaConsumerFactory.java:453)
	at org.springframework.kafka.core.DefaultKafkaConsumerFactory.createKafkaConsumer(DefaultKafkaConsumerFactory.java:430)
	at org.springframework.kafka.core.DefaultKafkaConsumerFactory.createConsumerWithAdjustedProperties(DefaultKafkaConsumerFactory.java:407)
	at org.springframework.kafka.core.DefaultKafkaConsumerFactory.createKafkaConsumer(DefaultKafkaConsumerFactory.java:374)
	at org.springframework.kafka.core.DefaultKafkaConsumerFactory.createConsumer(DefaultKafkaConsumerFactory.java:335)
	at org.springframework.kafka.listener.KafkaMessageListenerContainer$ListenerConsumer.<init>(KafkaMessageListenerContainer.java:877)
	at org.springframework.kafka.listener.KafkaMessageListenerContainer.doStart(KafkaMessageListenerContainer.java:388)
	at org.springframework.kafka.listener.AbstractMessageListenerContainer.start(AbstractMessageListenerContainer.java:520)
	at org.springframework.kafka.listener.ConcurrentMessageListenerContainer.doStart(ConcurrentMessageListenerContainer.java:264)
	at org.springframework.kafka.listener.AbstractMessageListenerContainer.start(AbstractMessageListenerContainer.java:520)
	at org.springframework.kafka.config.KafkaListenerEndpointRegistry.startIfNecessary(KafkaListenerEndpointRegistry.java:436)
	at org.springframework.kafka.config.KafkaListenerEndpointRegistry.start(KafkaListenerEndpointRegistry.java:382)
	at org.springframework.context.support.DefaultLifecycleProcessor.doStart(DefaultLifecycleProcessor.java:405)
	... 19 common frames omitted
2025-12-05 16:02:30 INFO  o.h.validator.internal.util.Version - HV000001: Hibernate Validator 8.0.2.Final
2025-12-05 16:02:30 INFO  c.P.U.recon.ReconServiceApplication - Starting ReconServiceApplication using Java 17.0.17 with PID 50 (/app/target/classes started by root in /app)
2025-12-05 16:02:30 INFO  c.P.U.recon.ReconServiceApplication - No active profile set, falling back to 1 default profile: "default"
2025-12-05 16:02:31 INFO  o.s.b.d.e.DevToolsPropertyDefaultsPostProcessor - Devtools property defaults active! Set 'spring.devtools.add-properties' to 'false' to disable
2025-12-05 16:02:31 INFO  o.s.b.d.e.DevToolsPropertyDefaultsPostProcessor - For additional web related logging consider setting the 'logging.level.web' property to 'DEBUG'
2025-12-05 16:02:48 INFO  o.s.d.r.c.RepositoryConfigurationDelegate - Bootstrapping Spring Data JPA repositories in DEFAULT mode.
2025-12-05 16:02:49 INFO  o.s.d.r.c.RepositoryConfigurationDelegate - Finished Spring Data repository scanning in 1113 ms. Found 2 JPA repository interfaces.
2025-12-05 16:02:57 INFO  o.s.b.w.e.tomcat.TomcatWebServer - Tomcat initialized with port 8084 (http)
2025-12-05 16:02:57 INFO  o.a.coyote.http11.Http11NioProtocol - Initializing ProtocolHandler ["http-nio-8084"]
2025-12-05 16:02:57 INFO  o.a.catalina.core.StandardService - Starting service [Tomcat]
2025-12-05 16:02:57 INFO  o.a.catalina.core.StandardEngine - Starting Servlet engine: [Apache Tomcat/10.1.42]
2025-12-05 16:02:58 INFO  o.a.c.c.C.[Tomcat].[localhost].[/] - Initializing Spring embedded WebApplicationContext
2025-12-05 16:02:58 INFO  o.s.b.w.s.c.ServletWebServerApplicationContext - Root WebApplicationContext: initialization completed in 26851 ms
2025-12-05 16:03:00 INFO  o.h.jpa.internal.util.LogHelper - HHH000204: Processing PersistenceUnitInfo [name: default]
2025-12-05 16:03:01 INFO  org.hibernate.Version - HHH000412: Hibernate ORM core version 6.6.18.Final
2025-12-05 16:03:02 INFO  o.h.c.i.RegionFactoryInitiator - HHH000026: Second-level cache disabled
2025-12-05 16:03:07 INFO  o.s.o.j.p.SpringPersistenceUnitInfo - No LoadTimeWeaver setup: ignoring JPA class transformer
2025-12-05 16:03:08 INFO  com.zaxxer.hikari.HikariDataSource - HikariPool-1 - Starting...
2025-12-05 16:03:10 INFO  com.zaxxer.hikari.pool.HikariPool - HikariPool-1 - Added connection org.postgresql.jdbc.PgConnection@54ad075e
2025-12-05 16:03:10 INFO  com.zaxxer.hikari.HikariDataSource - HikariPool-1 - Start completed.
2025-12-05 16:03:10 WARN  org.hibernate.orm.deprecation - HHH90000025: PostgreSQLDialect does not need to be specified explicitly using 'hibernate.dialect' (remove the property setting and it will be selected by default)
2025-12-05 16:03:11 INFO  o.hibernate.orm.connections.pooling - HHH10001005: Database info:
	Database JDBC URL [Connecting through datasource 'HikariDataSource (HikariPool-1)']
	Database driver: undefined/unknown
	Database version: 15.13
	Autocommit mode: undefined/unknown
	Isolation level: undefined/unknown
	Minimum pool size: undefined/unknown
	Maximum pool size: undefined/unknown
2025-12-05 16:03:26 INFO  o.h.e.t.j.p.i.JtaPlatformInitiator - HHH000489: No JTA platform available (set 'hibernate.transaction.jta.platform' to enable JTA platform integration)
2025-12-05 16:03:27 INFO  o.s.o.j.LocalContainerEntityManagerFactoryBean - Initialized JPA EntityManagerFactory for persistence unit 'default'
2025-12-05 16:03:35 WARN  o.s.b.a.o.j.JpaBaseConfiguration$JpaWebConfiguration - spring.jpa.open-in-view is enabled by default. Therefore, database queries may be performed during view rendering. Explicitly configure spring.jpa.open-in-view to disable this warning
2025-12-05 16:03:41 INFO  o.s.b.d.a.OptionalLiveReloadServer - LiveReload server is running on port 35729
2025-12-05 16:03:41 INFO  o.a.coyote.http11.Http11NioProtocol - Starting ProtocolHandler ["http-nio-8084"]
2025-12-05 16:03:42 INFO  o.s.b.w.e.tomcat.TomcatWebServer - Tomcat started on port 8084 (http) with context path '/'
2025-12-05 16:03:42 INFO  o.a.k.c.consumer.ConsumerConfig - ConsumerConfig values: 
	allow.auto.create.topics = true
	auto.commit.interval.ms = 5000
	auto.include.jmx.reporter = true
	auto.offset.reset = latest
	bootstrap.servers = [kafka:9092]
	check.crcs = true
	client.dns.lookup = use_all_dns_ips
	client.id = consumer-recon-group-1
	client.rack = 
	connections.max.idle.ms = 540000
	default.api.timeout.ms = 60000
	enable.auto.commit = false
	enable.metrics.push = true
	exclude.internal.topics = true
	fetch.max.bytes = 52428800
	fetch.max.wait.ms = 500
	fetch.min.bytes = 1
	group.id = recon-group
	group.instance.id = null
	group.protocol = classic
	group.remote.assignor = null
	heartbeat.interval.ms = 3000
	interceptor.classes = []
	internal.leave.group.on.close = true
	internal.throw.on.fetch.stable.offset.unsupported = false
	isolation.level = read_uncommitted
	key.deserializer = class org.apache.kafka.common.serialization.StringDeserializer
	max.partition.fetch.bytes = 1048576
	max.poll.interval.ms = 300000
	max.poll.records = 500
	metadata.max.age.ms = 300000
	metadata.recovery.strategy = none
	metric.reporters = []
	metrics.num.samples = 2
	metrics.recording.level = INFO
	metrics.sample.window.ms = 30000
	partition.assignment.strategy = [class org.apache.kafka.clients.consumer.RangeAssignor, class org.apache.kafka.clients.consumer.CooperativeStickyAssignor]
	receive.buffer.bytes = 65536
	reconnect.backoff.max.ms = 1000
	reconnect.backoff.ms = 50
	request.timeout.ms = 30000
	retry.backoff.max.ms = 1000
	retry.backoff.ms = 100
	sasl.client.callback.handler.class = null
	sasl.jaas.config = null
	sasl.kerberos.kinit.cmd = /usr/bin/kinit
	sasl.kerberos.min.time.before.relogin = 60000
	sasl.kerberos.service.name = null
	sasl.kerberos.ticket.renew.jitter = 0.05
	sasl.kerberos.ticket.renew.window.factor = 0.8
	sasl.login.callback.handler.class = null
	sasl.login.class = null
	sasl.login.connect.timeout.ms = null
	sasl.login.read.timeout.ms = null
	sasl.login.refresh.buffer.seconds = 300
	sasl.login.refresh.min.period.seconds = 60
	sasl.login.refresh.window.factor = 0.8
	sasl.login.refresh.window.jitter = 0.05
	sasl.login.retry.backoff.max.ms = 10000
	sasl.login.retry.backoff.ms = 100
	sasl.mechanism = GSSAPI
	sasl.oauthbearer.clock.skew.seconds = 30
	sasl.oauthbearer.expected.audience = null
	sasl.oauthbearer.expected.issuer = null
	sasl.oauthbearer.header.urlencode = false
	sasl.oauthbearer.jwks.endpoint.refresh.ms = 3600000
	sasl.oauthbearer.jwks.endpoint.retry.backoff.max.ms = 10000
	sasl.oauthbearer.jwks.endpoint.retry.backoff.ms = 100
	sasl.oauthbearer.jwks.endpoint.url = null
	sasl.oauthbearer.scope.claim.name = scope
	sasl.oauthbearer.sub.claim.name = sub
	sasl.oauthbearer.token.endpoint.url = null
	security.protocol = PLAINTEXT
	security.providers = null
	send.buffer.bytes = 131072
	session.timeout.ms = 45000
	socket.connection.setup.timeout.max.ms = 30000
	socket.connection.setup.timeout.ms = 10000
	ssl.cipher.suites = null
	ssl.enabled.protocols = [TLSv1.2, TLSv1.3]
	ssl.endpoint.identification.algorithm = https
	ssl.engine.factory.class = null
	ssl.key.password = null
	ssl.keymanager.algorithm = SunX509
	ssl.keystore.certificate.chain = null
	ssl.keystore.key = null
	ssl.keystore.location = null
	ssl.keystore.password = null
	ssl.keystore.type = JKS
	ssl.protocol = TLSv1.3
	ssl.provider = null
	ssl.secure.random.implementation = null
	ssl.trustmanager.algorithm = PKIX
	ssl.truststore.certificates = null
	ssl.truststore.location = null
	ssl.truststore.password = null
	ssl.truststore.type = JKS
	value.deserializer = class org.springframework.kafka.support.serializer.JsonDeserializer

2025-12-05 16:03:42 INFO  o.a.k.c.t.i.KafkaMetricsCollector - initializing Kafka metrics collector
2025-12-05 16:03:44 INFO  o.a.k.c.consumer.ConsumerConfig - These configurations '[spring.json.trusted.packages, spring.json.use.type.headers]' were supplied but are not used yet.
2025-12-05 16:03:44 INFO  o.a.kafka.common.utils.AppInfoParser - Kafka version: 3.9.1
2025-12-05 16:03:44 INFO  o.a.kafka.common.utils.AppInfoParser - Kafka commitId: f745dfdcee2b9851
2025-12-05 16:03:44 INFO  o.a.kafka.common.utils.AppInfoParser - Kafka startTimeMs: 1764950624058
2025-12-05 16:03:44 INFO  o.a.k.c.c.i.ClassicKafkaConsumer - [Consumer clientId=consumer-recon-group-1, groupId=recon-group] Subscribed to topic(s): normalized-transactions
2025-12-05 16:03:44 INFO  c.P.U.recon.ReconServiceApplication - Started ReconServiceApplication in 81.94 seconds (process running for 86.824)
2025-12-05 16:03:44 INFO  c.P.U.r.s.ReconciliationService - Starting reconciliation process
2025-12-05 16:03:45 INFO  c.P.U.r.s.NormalizedTransactionService - Fetched 0 normalized transactions from DB
2025-12-05 16:03:45 INFO  c.P.U.r.s.ReconciliationService - Fetched 0 normalized transactions for reconciliation
2025-12-05 16:03:45 INFO  c.P.U.r.s.ReconciliationService - Reconciliation process completed successfully
2025-12-05 16:03:49 WARN  o.apache.kafka.clients.NetworkClient - [Consumer clientId=consumer-recon-group-1, groupId=recon-group] The metadata response from the cluster reported a recoverable issue with correlation id 3 : {normalized-transactions=LEADER_NOT_AVAILABLE}
2025-12-05 16:03:49 INFO  org.apache.kafka.clients.Metadata - [Consumer clientId=consumer-recon-group-1, groupId=recon-group] Cluster ID: -Ev3b8JLS_uTHl36QpBdMw
2025-12-05 16:03:49 INFO  o.a.k.c.c.i.ConsumerCoordinator - [Consumer clientId=consumer-recon-group-1, groupId=recon-group] Discovered group coordinator kafka:9092 (id: 2147483646 rack: null)
2025-12-05 16:03:49 INFO  o.a.k.c.c.i.ConsumerCoordinator - [Consumer clientId=consumer-recon-group-1, groupId=recon-group] (Re-)joining group
2025-12-05 16:03:49 WARN  o.apache.kafka.clients.NetworkClient - [Consumer clientId=consumer-recon-group-1, groupId=recon-group] The metadata response from the cluster reported a recoverable issue with correlation id 10 : {normalized-transactions=LEADER_NOT_AVAILABLE}
2025-12-05 16:03:49 INFO  o.a.k.c.c.i.ConsumerCoordinator - [Consumer clientId=consumer-recon-group-1, groupId=recon-group] Request joining group due to: need to re-join with the given member-id: consumer-recon-group-1-27fcb4c2-c847-4cff-9529-cfccb78ae49a
2025-12-05 16:03:49 INFO  o.a.k.c.c.i.ConsumerCoordinator - [Consumer clientId=consumer-recon-group-1, groupId=recon-group] (Re-)joining group
2025-12-05 16:03:52 INFO  o.a.k.c.c.i.ConsumerCoordinator - [Consumer clientId=consumer-recon-group-1, groupId=recon-group] Successfully joined group with generation Generation{generationId=1, memberId='consumer-recon-group-1-27fcb4c2-c847-4cff-9529-cfccb78ae49a', protocol='range'}
2025-12-05 16:03:52 INFO  o.a.k.c.c.i.ConsumerCoordinator - [Consumer clientId=consumer-recon-group-1, groupId=recon-group] Finished assignment for group at generation 1: {consumer-recon-group-1-27fcb4c2-c847-4cff-9529-cfccb78ae49a=Assignment(partitions=[normalized-transactions-0])}
2025-12-05 16:03:52 INFO  o.a.k.c.c.i.ConsumerCoordinator - [Consumer clientId=consumer-recon-group-1, groupId=recon-group] Successfully synced group in generation Generation{generationId=1, memberId='consumer-recon-group-1-27fcb4c2-c847-4cff-9529-cfccb78ae49a', protocol='range'}
2025-12-05 16:03:52 INFO  o.a.k.c.c.i.ConsumerCoordinator - [Consumer clientId=consumer-recon-group-1, groupId=recon-group] Notifying assignor about the new Assignment(partitions=[normalized-transactions-0])
2025-12-05 16:03:52 INFO  o.a.k.c.c.i.ConsumerRebalanceListenerInvoker - [Consumer clientId=consumer-recon-group-1, groupId=recon-group] Adding newly assigned partitions: normalized-transactions-0
2025-12-05 16:03:52 INFO  o.a.k.c.c.i.ConsumerCoordinator - [Consumer clientId=consumer-recon-group-1, groupId=recon-group] Found no committed offset for partition normalized-transactions-0
2025-12-05 16:03:52 INFO  o.a.k.c.c.i.ConsumerCoordinator - [Consumer clientId=consumer-recon-group-1, groupId=recon-group] Found no committed offset for partition normalized-transactions-0
2025-12-05 16:03:52 INFO  o.a.k.c.c.i.SubscriptionState - [Consumer clientId=consumer-recon-group-1, groupId=recon-group] Resetting offset for partition normalized-transactions-0 to position FetchPosition{offset=0, offsetEpoch=Optional.empty, currentLeader=LeaderAndEpoch{leader=Optional[kafka:9092 (id: 1 rack: null)], epoch=0}}.
2025-12-05 16:03:52 INFO  o.s.k.l.KafkaMessageListenerContainer - recon-group: partitions assigned: [normalized-transactions-0]
2025-12-05 16:13:44 INFO  c.P.U.r.s.ReconciliationService - Starting reconciliation process
2025-12-05 16:13:44 INFO  c.P.U.r.s.NormalizedTransactionService - Fetched 0 normalized transactions from DB
2025-12-05 16:13:44 INFO  c.P.U.r.s.ReconciliationService - Fetched 0 normalized transactions for reconciliation
2025-12-05 16:13:44 INFO  c.P.U.r.s.ReconciliationService - Reconciliation process completed successfully
2025-12-05 16:23:44 INFO  c.P.U.r.s.ReconciliationService - Starting reconciliation process
2025-12-05 16:23:44 INFO  c.P.U.r.s.NormalizedTransactionService - Fetched 0 normalized transactions from DB
2025-12-05 16:23:44 INFO  c.P.U.r.s.ReconciliationService - Fetched 0 normalized transactions for reconciliation
2025-12-05 16:23:44 INFO  c.P.U.r.s.ReconciliationService - Reconciliation process completed successfully
2025-12-05 16:33:43 INFO  c.P.U.r.s.ReconciliationService - Starting reconciliation process
2025-12-05 16:33:44 INFO  c.P.U.r.s.NormalizedTransactionService - Fetched 0 normalized transactions from DB
2025-12-05 16:33:44 INFO  c.P.U.r.s.ReconciliationService - Fetched 0 normalized transactions for reconciliation
2025-12-05 16:33:44 INFO  c.P.U.r.s.ReconciliationService - Reconciliation process completed successfully
2025-12-05 16:43:43 INFO  c.P.U.r.s.ReconciliationService - Starting reconciliation process
2025-12-05 16:43:44 INFO  c.P.U.r.s.NormalizedTransactionService - Fetched 0 normalized transactions from DB
2025-12-05 16:43:44 INFO  c.P.U.r.s.ReconciliationService - Fetched 0 normalized transactions for reconciliation
2025-12-05 16:43:44 INFO  c.P.U.r.s.ReconciliationService - Reconciliation process completed successfully
2025-12-05 16:44:25 INFO  c.P.U.r.k.NormalizedTransactionConsumer - Consumed normalized transaction from Kafka. TransactionId: qwer1253
2025-12-05 16:44:26 INFO  c.P.U.r.s.NormalizedTransactionService - Saved normalized transaction. TransactionId: qwer1253
2025-12-05 16:44:26 INFO  c.P.U.r.k.NormalizedTransactionConsumer - Successfully saved normalized transaction. TransactionId: qwer1253
2025-12-05 16:45:10 INFO  o.a.c.c.C.[Tomcat].[localhost].[/] - Initializing Spring DispatcherServlet 'dispatcherServlet'
2025-12-05 16:45:10 INFO  o.s.web.servlet.DispatcherServlet - Initializing Servlet 'dispatcherServlet'
2025-12-05 16:45:10 INFO  o.s.web.servlet.DispatcherServlet - Completed initialization in 80 ms
2025-12-05 16:45:11 INFO  c.P.U.r.c.ReconciliationController - Starting manual reconciliation process
2025-12-05 16:45:11 INFO  c.P.U.r.s.ReconciliationService - Starting reconciliation process
2025-12-05 16:45:11 INFO  c.P.U.r.s.NormalizedTransactionService - Fetched 1 normalized transactions from DB
2025-12-05 16:45:11 INFO  c.P.U.r.s.ReconciliationService - Fetched 1 normalized transactions for reconciliation
2025-12-05 16:45:11 ERROR c.P.U.r.c.ReconciliationController - Manual reconciliation process failed. Error: Identifier of entity 'com.Project.UPIRecon.recon.entity.ReconciliationResult' must be manually assigned before calling 'persist()'
org.springframework.orm.jpa.JpaSystemException: Identifier of entity 'com.Project.UPIRecon.recon.entity.ReconciliationResult' must be manually assigned before calling 'persist()'
	at org.springframework.orm.jpa.vendor.HibernateJpaDialect.convertHibernateAccessException(HibernateJpaDialect.java:348)
	at org.springframework.orm.jpa.vendor.HibernateJpaDialect.convertHibernateAccessException(HibernateJpaDialect.java:256)
	at org.springframework.orm.jpa.vendor.HibernateJpaDialect.translateExceptionIfPossible(HibernateJpaDialect.java:241)
	at org.springframework.orm.jpa.AbstractEntityManagerFactoryBean.translateExceptionIfPossible(AbstractEntityManagerFactoryBean.java:560)
	at org.springframework.dao.support.ChainedPersistenceExceptionTranslator.translateExceptionIfPossible(ChainedPersistenceExceptionTranslator.java:61)
	at org.springframework.dao.support.DataAccessUtils.translateIfNecessary(DataAccessUtils.java:343)
	at org.springframework.dao.support.PersistenceExceptionTranslationInterceptor.invoke(PersistenceExceptionTranslationInterceptor.java:160)
	at org.springframework.aop.framework.ReflectiveMethodInvocation.proceed(ReflectiveMethodInvocation.java:184)
	at org.springframework.data.jpa.repository.support.CrudMethodMetadataPostProcessor$CrudMethodMetadataPopulatingMethodInterceptor.invoke(CrudMethodMetadataPostProcessor.java:165)
	at org.springframework.aop.framework.ReflectiveMethodInvocation.proceed(ReflectiveMethodInvocation.java:184)
	at org.springframework.aop.framework.JdkDynamicAopProxy.invoke(JdkDynamicAopProxy.java:223)
	at jdk.proxy4/jdk.proxy4.$Proxy143.save(Unknown Source)
	at com.Project.UPIRecon.recon.service.ReconciliationService.reconcileTransactions(ReconciliationService.java:132)
	at com.Project.UPIRecon.recon.controller.ReconciliationController.triggerReconciliation(ReconciliationController.java:48)
	at java.base/jdk.internal.reflect.NativeMethodAccessorImpl.invoke0(Native Method)
	at java.base/jdk.internal.reflect.NativeMethodAccessorImpl.invoke(NativeMethodAccessorImpl.java:77)
	at java.base/jdk.internal.reflect.DelegatingMethodAccessorImpl.invoke(DelegatingMethodAccessorImpl.java:43)
	at java.base/java.lang.reflect.Method.invoke(Method.java:569)
	at org.springframework.web.method.support.InvocableHandlerMethod.doInvoke(InvocableHandlerMethod.java:258)
	at org.springframework.web.method.support.InvocableHandlerMethod.invokeForRequest(InvocableHandlerMethod.java:191)
	at org.springframework.web.servlet.mvc.method.annotation.ServletInvocableHandlerMethod.invokeAndHandle(ServletInvocableHandlerMethod.java:118)
	at org.springframework.web.servlet.mvc.method.annotation.RequestMappingHandlerAdapter.invokeHandlerMethod(RequestMappingHandlerAdapter.java:986)
	at org.springframework.web.servlet.mvc.method.annotation.RequestMappingHandlerAdapter.handleInternal(RequestMappingHandlerAdapter.java:891)
	at org.springframework.web.servlet.mvc.method.AbstractHandlerMethodAdapter.handle(AbstractHandlerMethodAdapter.java:87)
	at org.springframework.web.servlet.DispatcherServlet.doDispatch(DispatcherServlet.java:1089)
	at org.springframework.web.servlet.DispatcherServlet.doService(DispatcherServlet.java:979)
	at org.springframework.web.servlet.FrameworkServlet.processRequest(FrameworkServlet.java:1014)
	at org.springframework.web.servlet.FrameworkServlet.doPost(FrameworkServlet.java:914)
	at jakarta.servlet.http.HttpServlet.service(HttpServlet.java:590)
	at org.springframework.web.servlet.FrameworkServlet.service(FrameworkServlet.java:885)
	at jakarta.servlet.http.HttpServlet.service(HttpServlet.java:658)
	at org.apache.catalina.core.ApplicationFilterChain.internalDoFilter(ApplicationFilterChain.java:195)
	at org.apache.catalina.core.ApplicationFilterChain.doFilter(ApplicationFilterChain.java:140)
	at org.apache.tomcat.websocket.server.WsFilter.doFilter(WsFilter.java:51)
	at org.apache.catalina.core.ApplicationFilterChain.internalDoFilter(ApplicationFilterChain.java:164)
	at org.apache.catalina.core.ApplicationFilterChain.doFilter(ApplicationFilterChain.java:140)
	at org.springframework.web.filter.RequestContextFilter.doFilterInternal(RequestContextFilter.java:100)
	at org.springframework.web.filter.OncePerRequestFilter.doFilter(OncePerRequestFilter.java:116)
	at org.apache.catalina.core.ApplicationFilterChain.internalDoFilter(ApplicationFilterChain.java:164)
	at org.apache.catalina.core.ApplicationFilterChain.doFilter(ApplicationFilterChain.java:140)
	at org.springframework.web.filter.FormContentFilter.doFilterInternal(FormContentFilter.java:93)
	at org.springframework.web.filter.OncePerRequestFilter.doFilter(OncePerRequestFilter.java:116)
	at org.apache.catalina.core.ApplicationFilterChain.internalDoFilter(ApplicationFilterChain.java:164)
	at org.apache.catalina.core.ApplicationFilterChain.doFilter(ApplicationFilterChain.java:140)
	at org.springframework.web.filter.CharacterEncodingFilter.doFilterInternal(CharacterEncodingFilter.java:201)
	at org.springframework.web.filter.OncePerRequestFilter.doFilter(OncePerRequestFilter.java:116)
	at org.apache.catalina.core.ApplicationFilterChain.internalDoFilter(ApplicationFilterChain.java:164)
	at org.apache.catalina.core.ApplicationFilterChain.doFilter(ApplicationFilterChain.java:140)
	at org.apache.catalina.core.StandardWrapperValve.invoke(StandardWrapperValve.java:167)
	at org.apache.catalina.core.StandardContextValve.invoke(StandardContextValve.java:90)
	at org.apache.catalina.authenticator.AuthenticatorBase.invoke(AuthenticatorBase.java:483)
	at org.apache.catalina.core.StandardHostValve.invoke(StandardHostValve.java:116)
	at org.apache.catalina.valves.ErrorReportValve.invoke(ErrorReportValve.java:93)
	at org.apache.catalina.core.StandardEngineValve.invoke(StandardEngineValve.java:74)
	at org.apache.catalina.connector.CoyoteAdapter.service(CoyoteAdapter.java:344)
	at org.apache.coyote.http11.Http11Processor.service(Http11Processor.java:398)
	at org.apache.coyote.AbstractProcessorLight.process(AbstractProcessorLight.java:63)
	at org.apache.coyote.AbstractProtocol$ConnectionHandler.process(AbstractProtocol.java:903)
	at org.apache.tomcat.util.net.NioEndpoint$SocketProcessor.doRun(NioEndpoint.java:1769)
	at org.apache.tomcat.util.net.SocketProcessorBase.run(SocketProcessorBase.java:52)
	at org.apache.tomcat.util.threads.ThreadPoolExecutor.runWorker(ThreadPoolExecutor.java:1189)
	at org.apache.tomcat.util.threads.ThreadPoolExecutor$Worker.run(ThreadPoolExecutor.java:658)
	at org.apache.tomcat.util.threads.TaskThread$WrappingRunnable.run(TaskThread.java:63)
	at java.base/java.lang.Thread.run(Thread.java:840)
Caused by: org.hibernate.id.IdentifierGenerationException: Identifier of entity 'com.Project.UPIRecon.recon.entity.ReconciliationResult' must be manually assigned before calling 'persist()'
	at org.hibernate.event.internal.AbstractSaveEventListener.performSave(AbstractSaveEventListener.java:209)
	at org.hibernate.event.internal.AbstractSaveEventListener.saveWithGeneratedId(AbstractSaveEventListener.java:136)
	at org.hibernate.event.internal.DefaultPersistEventListener.entityIsTransient(DefaultPersistEventListener.java:177)
	at org.hibernate.event.internal.DefaultPersistEventListener.persist(DefaultPersistEventListener.java:95)
	at org.hibernate.event.internal.DefaultPersistEventListener.onPersist(DefaultPersistEventListener.java:79)
	at org.hibernate.event.internal.DefaultPersistEventListener.onPersist(DefaultPersistEventListener.java:55)
	at org.hibernate.event.service.internal.EventListenerGroupImpl.fireEventOnEachListener(EventListenerGroupImpl.java:127)
	at org.hibernate.internal.SessionImpl.firePersist(SessionImpl.java:761)
	at org.hibernate.internal.SessionImpl.persist(SessionImpl.java:745)
	at java.base/jdk.internal.reflect.NativeMethodAccessorImpl.invoke0(Native Method)
	at java.base/jdk.internal.reflect.NativeMethodAccessorImpl.invoke(NativeMethodAccessorImpl.java:77)
	at java.base/jdk.internal.reflect.DelegatingMethodAccessorImpl.invoke(DelegatingMethodAccessorImpl.java:43)
	at java.base/java.lang.reflect.Method.invoke(Method.java:569)
	at org.springframework.orm.jpa.ExtendedEntityManagerCreator$ExtendedEntityManagerInvocationHandler.invoke(ExtendedEntityManagerCreator.java:364)
	at jdk.proxy4/jdk.proxy4.$Proxy137.persist(Unknown Source)
	at java.base/jdk.internal.reflect.NativeMethodAccessorImpl.invoke0(Native Method)
	at java.base/jdk.internal.reflect.NativeMethodAccessorImpl.invoke(NativeMethodAccessorImpl.java:77)
	at java.base/jdk.internal.reflect.DelegatingMethodAccessorImpl.invoke(DelegatingMethodAccessorImpl.java:43)
	at java.base/java.lang.reflect.Method.invoke(Method.java:569)
	at org.springframework.orm.jpa.SharedEntityManagerCreator$SharedEntityManagerInvocationHandler.invoke(SharedEntityManagerCreator.java:320)
	at jdk.proxy4/jdk.proxy4.$Proxy137.persist(Unknown Source)
	at org.springframework.data.jpa.repository.support.SimpleJpaRepository.save(SimpleJpaRepository.java:653)
	at java.base/jdk.internal.reflect.NativeMethodAccessorImpl.invoke0(Native Method)
	at java.base/jdk.internal.reflect.NativeMethodAccessorImpl.invoke(NativeMethodAccessorImpl.java:77)
	at java.base/jdk.internal.reflect.DelegatingMethodAccessorImpl.invoke(DelegatingMethodAccessorImpl.java:43)
	at java.base/java.lang.reflect.Method.invoke(Method.java:569)
	at org.springframework.aop.support.AopUtils.invokeJoinpointUsingReflection(AopUtils.java:359)
	at org.springframework.data.repository.core.support.RepositoryMethodInvoker$RepositoryFragmentMethodInvoker.lambda$new$0(RepositoryMethodInvoker.java:277)
	at org.springframework.data.repository.core.support.RepositoryMethodInvoker.doInvoke(RepositoryMethodInvoker.java:170)
	at org.springframework.data.repository.core.support.RepositoryMethodInvoker.invoke(RepositoryMethodInvoker.java:158)
	at org.springframework.data.repository.core.support.RepositoryComposition$RepositoryFragments.invoke(RepositoryComposition.java:515)
	at org.springframework.data.repository.core.support.RepositoryComposition.invoke(RepositoryComposition.java:284)
	at org.springframework.data.repository.core.support.RepositoryFactorySupport$ImplementationMethodExecutionInterceptor.invoke(RepositoryFactorySupport.java:734)
	at org.springframework.aop.framework.ReflectiveMethodInvocation.proceed(ReflectiveMethodInvocation.java:184)
	at org.springframework.data.repository.core.support.QueryExecutorMethodInterceptor.doInvoke(QueryExecutorMethodInterceptor.java:174)
	at org.springframework.data.repository.core.support.QueryExecutorMethodInterceptor.invoke(QueryExecutorMethodInterceptor.java:149)
	at org.springframework.aop.framework.ReflectiveMethodInvocation.proceed(ReflectiveMethodInvocation.java:184)
	at org.springframework.data.projection.DefaultMethodInvokingMethodInterceptor.invoke(DefaultMethodInvokingMethodInterceptor.java:69)
	at org.springframework.aop.framework.ReflectiveMethodInvocation.proceed(ReflectiveMethodInvocation.java:184)
	at org.springframework.transaction.interceptor.TransactionAspectSupport.invokeWithinTransaction(TransactionAspectSupport.java:380)
	at org.springframework.transaction.interceptor.TransactionInterceptor.invoke(TransactionInterceptor.java:119)
	at org.springframework.aop.framework.ReflectiveMethodInvocation.proceed(ReflectiveMethodInvocation.java:184)
	at org.springframework.dao.support.PersistenceExceptionTranslationInterceptor.invoke(PersistenceExceptionTranslationInterceptor.java:138)
	... 57 common frames omitted
2025-12-05 16:47:58 INFO  o.s.b.d.a.LocalDevToolsAutoConfiguration$RestartingClassPathChangeChangedEventListener - Restarting due to 5 class path changes (0 additions, 0 deletions, 5 modifications)
2025-12-05 16:47:58 INFO  o.a.k.c.c.i.ConsumerRebalanceListenerInvoker - [Consumer clientId=consumer-recon-group-1, groupId=recon-group] Revoke previously assigned partitions normalized-transactions-0
2025-12-05 16:47:58 INFO  o.s.k.l.KafkaMessageListenerContainer - recon-group: partitions revoked: [normalized-transactions-0]
2025-12-05 16:47:58 INFO  o.a.k.c.c.i.ConsumerCoordinator - [Consumer clientId=consumer-recon-group-1, groupId=recon-group] Member consumer-recon-group-1-27fcb4c2-c847-4cff-9529-cfccb78ae49a sending LeaveGroup request to coordinator kafka:9092 (id: 2147483646 rack: null) due to the consumer unsubscribed from all topics
2025-12-05 16:47:58 INFO  o.a.k.c.c.i.ConsumerCoordinator - [Consumer clientId=consumer-recon-group-1, groupId=recon-group] Resetting generation and member id due to: consumer pro-actively leaving the group
2025-12-05 16:47:58 INFO  o.a.k.c.c.i.ConsumerCoordinator - [Consumer clientId=consumer-recon-group-1, groupId=recon-group] Request joining group due to: consumer pro-actively leaving the group
2025-12-05 16:47:58 INFO  o.a.k.c.c.i.ClassicKafkaConsumer - [Consumer clientId=consumer-recon-group-1, groupId=recon-group] Unsubscribed all topics or patterns and assigned partitions
2025-12-05 16:47:58 INFO  o.a.k.c.c.i.ConsumerCoordinator - [Consumer clientId=consumer-recon-group-1, groupId=recon-group] Resetting generation and member id due to: consumer pro-actively leaving the group
2025-12-05 16:47:58 INFO  o.a.k.c.c.i.ConsumerCoordinator - [Consumer clientId=consumer-recon-group-1, groupId=recon-group] Request joining group due to: consumer pro-actively leaving the group
2025-12-05 16:47:58 INFO  o.a.kafka.common.metrics.Metrics - Metrics scheduler closed
2025-12-05 16:47:58 INFO  o.a.kafka.common.metrics.Metrics - Closing reporter org.apache.kafka.common.metrics.JmxReporter
2025-12-05 16:47:58 INFO  o.a.kafka.common.metrics.Metrics - Closing reporter org.apache.kafka.common.telemetry.internals.ClientTelemetryReporter
2025-12-05 16:47:58 INFO  o.a.kafka.common.metrics.Metrics - Metrics reporters closed
2025-12-05 16:47:58 INFO  o.a.kafka.common.utils.AppInfoParser - App info kafka.consumer for consumer-recon-group-1 unregistered
2025-12-05 16:47:58 INFO  o.s.k.l.KafkaMessageListenerContainer - recon-group: Consumer stopped
2025-12-05 16:47:58 INFO  o.s.b.w.e.tomcat.GracefulShutdown - Commencing graceful shutdown. Waiting for active requests to complete
2025-12-05 16:47:58 INFO  o.a.coyote.http11.Http11NioProtocol - Pausing ProtocolHandler ["http-nio-8084"]
2025-12-05 16:47:59 INFO  o.s.b.w.e.tomcat.GracefulShutdown - Graceful shutdown complete
2025-12-05 16:47:59 INFO  o.a.coyote.http11.Http11NioProtocol - Stopping ProtocolHandler ["http-nio-8084"]
2025-12-05 16:47:59 INFO  o.s.o.j.LocalContainerEntityManagerFactoryBean - Closing JPA EntityManagerFactory for persistence unit 'default'
2025-12-05 16:47:59 INFO  com.zaxxer.hikari.HikariDataSource - HikariPool-1 - Shutdown initiated...
2025-12-05 16:47:59 INFO  com.zaxxer.hikari.HikariDataSource - HikariPool-1 - Shutdown completed.
2025-12-05 16:48:01 INFO  c.P.U.recon.ReconServiceApplication - Starting ReconServiceApplication using Java 17.0.17 with PID 50 (/app/target/classes started by root in /app)
2025-12-05 16:48:01 INFO  c.P.U.recon.ReconServiceApplication - No active profile set, falling back to 1 default profile: "default"
2025-12-05 16:48:11 INFO  o.s.d.r.c.RepositoryConfigurationDelegate - Bootstrapping Spring Data JPA repositories in DEFAULT mode.
2025-12-05 16:48:11 INFO  o.s.d.r.c.RepositoryConfigurationDelegate - Finished Spring Data repository scanning in 293 ms. Found 2 JPA repository interfaces.
2025-12-05 16:48:12 INFO  o.s.b.w.e.tomcat.TomcatWebServer - Tomcat initialized with port 8084 (http)
2025-12-05 16:48:12 INFO  o.a.coyote.http11.Http11NioProtocol - Initializing ProtocolHandler ["http-nio-8084"]
2025-12-05 16:48:12 INFO  o.a.catalina.core.StandardService - Starting service [Tomcat]
2025-12-05 16:48:12 INFO  o.a.catalina.core.StandardEngine - Starting Servlet engine: [Apache Tomcat/10.1.42]
2025-12-05 16:48:13 INFO  o.a.c.c.C.[Tomcat].[localhost].[/] - Initializing Spring embedded WebApplicationContext
2025-12-05 16:48:13 INFO  o.s.b.w.s.c.ServletWebServerApplicationContext - Root WebApplicationContext: initialization completed in 11177 ms
2025-12-05 16:48:13 INFO  o.h.jpa.internal.util.LogHelper - HHH000204: Processing PersistenceUnitInfo [name: default]
2025-12-05 16:48:13 INFO  o.h.c.i.RegionFactoryInitiator - HHH000026: Second-level cache disabled
2025-12-05 16:48:13 INFO  o.s.o.j.p.SpringPersistenceUnitInfo - No LoadTimeWeaver setup: ignoring JPA class transformer
2025-12-05 16:48:13 INFO  com.zaxxer.hikari.HikariDataSource - HikariPool-2 - Starting...
2025-12-05 16:48:13 INFO  com.zaxxer.hikari.pool.HikariPool - HikariPool-2 - Added connection org.postgresql.jdbc.PgConnection@74b01298
2025-12-05 16:48:13 INFO  com.zaxxer.hikari.HikariDataSource - HikariPool-2 - Start completed.
2025-12-05 16:48:13 WARN  org.hibernate.orm.deprecation - HHH90000025: PostgreSQLDialect does not need to be specified explicitly using 'hibernate.dialect' (remove the property setting and it will be selected by default)
2025-12-05 16:48:13 INFO  o.hibernate.orm.connections.pooling - HHH10001005: Database info:
	Database JDBC URL [Connecting through datasource 'HikariDataSource (HikariPool-2)']
	Database driver: undefined/unknown
	Database version: 15.13
	Autocommit mode: undefined/unknown
	Isolation level: undefined/unknown
	Minimum pool size: undefined/unknown
	Maximum pool size: undefined/unknown
2025-12-05 16:48:14 INFO  o.h.e.t.j.p.i.JtaPlatformInitiator - HHH000489: No JTA platform available (set 'hibernate.transaction.jta.platform' to enable JTA platform integration)
2025-12-05 16:48:15 INFO  o.s.o.j.LocalContainerEntityManagerFactoryBean - Initialized JPA EntityManagerFactory for persistence unit 'default'
2025-12-05 16:48:15 WARN  o.s.b.a.o.j.JpaBaseConfiguration$JpaWebConfiguration - spring.jpa.open-in-view is enabled by default. Therefore, database queries may be performed during view rendering. Explicitly configure spring.jpa.open-in-view to disable this warning
2025-12-05 16:48:16 INFO  o.s.b.d.a.OptionalLiveReloadServer - LiveReload server is running on port 35729
2025-12-05 16:48:16 INFO  o.a.coyote.http11.Http11NioProtocol - Starting ProtocolHandler ["http-nio-8084"]
2025-12-05 16:48:16 INFO  o.s.b.w.e.tomcat.TomcatWebServer - Tomcat started on port 8084 (http) with context path '/'
2025-12-05 16:48:16 INFO  o.a.k.c.consumer.ConsumerConfig - ConsumerConfig values: 
	allow.auto.create.topics = true
	auto.commit.interval.ms = 5000
	auto.include.jmx.reporter = true
	auto.offset.reset = latest
	bootstrap.servers = [kafka:9092]
	check.crcs = true
	client.dns.lookup = use_all_dns_ips
	client.id = consumer-recon-group-2
	client.rack = 
	connections.max.idle.ms = 540000
	default.api.timeout.ms = 60000
	enable.auto.commit = false
	enable.metrics.push = true
	exclude.internal.topics = true
	fetch.max.bytes = 52428800
	fetch.max.wait.ms = 500
	fetch.min.bytes = 1
	group.id = recon-group
	group.instance.id = null
	group.protocol = classic
	group.remote.assignor = null
	heartbeat.interval.ms = 3000
	interceptor.classes = []
	internal.leave.group.on.close = true
	internal.throw.on.fetch.stable.offset.unsupported = false
	isolation.level = read_uncommitted
	key.deserializer = class org.apache.kafka.common.serialization.StringDeserializer
	max.partition.fetch.bytes = 1048576
	max.poll.interval.ms = 300000
	max.poll.records = 500
	metadata.max.age.ms = 300000
	metadata.recovery.strategy = none
	metric.reporters = []
	metrics.num.samples = 2
	metrics.recording.level = INFO
	metrics.sample.window.ms = 30000
	partition.assignment.strategy = [class org.apache.kafka.clients.consumer.RangeAssignor, class org.apache.kafka.clients.consumer.CooperativeStickyAssignor]
	receive.buffer.bytes = 65536
	reconnect.backoff.max.ms = 1000
	reconnect.backoff.ms = 50
	request.timeout.ms = 30000
	retry.backoff.max.ms = 1000
	retry.backoff.ms = 100
	sasl.client.callback.handler.class = null
	sasl.jaas.config = null
	sasl.kerberos.kinit.cmd = /usr/bin/kinit
	sasl.kerberos.min.time.before.relogin = 60000
	sasl.kerberos.service.name = null
	sasl.kerberos.ticket.renew.jitter = 0.05
	sasl.kerberos.ticket.renew.window.factor = 0.8
	sasl.login.callback.handler.class = null
	sasl.login.class = null
	sasl.login.connect.timeout.ms = null
	sasl.login.read.timeout.ms = null
	sasl.login.refresh.buffer.seconds = 300
	sasl.login.refresh.min.period.seconds = 60
	sasl.login.refresh.window.factor = 0.8
	sasl.login.refresh.window.jitter = 0.05
	sasl.login.retry.backoff.max.ms = 10000
	sasl.login.retry.backoff.ms = 100
	sasl.mechanism = GSSAPI
	sasl.oauthbearer.clock.skew.seconds = 30
	sasl.oauthbearer.expected.audience = null
	sasl.oauthbearer.expected.issuer = null
	sasl.oauthbearer.header.urlencode = false
	sasl.oauthbearer.jwks.endpoint.refresh.ms = 3600000
	sasl.oauthbearer.jwks.endpoint.retry.backoff.max.ms = 10000
	sasl.oauthbearer.jwks.endpoint.retry.backoff.ms = 100
	sasl.oauthbearer.jwks.endpoint.url = null
	sasl.oauthbearer.scope.claim.name = scope
	sasl.oauthbearer.sub.claim.name = sub
	sasl.oauthbearer.token.endpoint.url = null
	security.protocol = PLAINTEXT
	security.providers = null
	send.buffer.bytes = 131072
	session.timeout.ms = 45000
	socket.connection.setup.timeout.max.ms = 30000
	socket.connection.setup.timeout.ms = 10000
	ssl.cipher.suites = null
	ssl.enabled.protocols = [TLSv1.2, TLSv1.3]
	ssl.endpoint.identification.algorithm = https
	ssl.engine.factory.class = null
	ssl.key.password = null
	ssl.keymanager.algorithm = SunX509
	ssl.keystore.certificate.chain = null
	ssl.keystore.key = null
	ssl.keystore.location = null
	ssl.keystore.password = null
	ssl.keystore.type = JKS
	ssl.protocol = TLSv1.3
	ssl.provider = null
	ssl.secure.random.implementation = null
	ssl.trustmanager.algorithm = PKIX
	ssl.truststore.certificates = null
	ssl.truststore.location = null
	ssl.truststore.password = null
	ssl.truststore.type = JKS
	value.deserializer = class org.springframework.kafka.support.serializer.JsonDeserializer

2025-12-05 16:48:16 INFO  o.a.k.c.t.i.KafkaMetricsCollector - initializing Kafka metrics collector
2025-12-05 16:48:16 INFO  o.a.k.c.consumer.ConsumerConfig - These configurations '[spring.json.trusted.packages, spring.json.use.type.headers]' were supplied but are not used yet.
2025-12-05 16:48:16 INFO  o.a.kafka.common.utils.AppInfoParser - Kafka version: 3.9.1
2025-12-05 16:48:16 INFO  o.a.kafka.common.utils.AppInfoParser - Kafka commitId: f745dfdcee2b9851
2025-12-05 16:48:16 INFO  o.a.kafka.common.utils.AppInfoParser - Kafka startTimeMs: 1764953296084
2025-12-05 16:48:16 INFO  o.a.k.c.c.i.ClassicKafkaConsumer - [Consumer clientId=consumer-recon-group-2, groupId=recon-group] Subscribed to topic(s): normalized-transactions
2025-12-05 16:48:16 INFO  c.P.U.recon.ReconServiceApplication - Started ReconServiceApplication in 15.164 seconds (process running for 2759.147)
2025-12-05 16:48:16 INFO  c.P.U.r.s.ReconciliationService - Starting reconciliation process
2025-12-05 16:48:16 INFO  o.s.b.d.a.ConditionEvaluationDeltaLoggingListener - Condition evaluation unchanged
2025-12-05 16:48:16 INFO  c.P.U.r.s.NormalizedTransactionService - Fetched 1 normalized transactions from DB
2025-12-05 16:48:16 INFO  c.P.U.r.s.ReconciliationService - Fetched 1 normalized transactions for reconciliation
2025-12-05 16:48:16 INFO  org.apache.kafka.clients.Metadata - [Consumer clientId=consumer-recon-group-2, groupId=recon-group] Cluster ID: -Ev3b8JLS_uTHl36QpBdMw
2025-12-05 16:48:16 INFO  o.a.k.c.c.i.ConsumerCoordinator - [Consumer clientId=consumer-recon-group-2, groupId=recon-group] Discovered group coordinator kafka:9092 (id: 2147483646 rack: null)
2025-12-05 16:48:16 INFO  o.a.k.c.c.i.ConsumerCoordinator - [Consumer clientId=consumer-recon-group-2, groupId=recon-group] (Re-)joining group
2025-12-05 16:48:16 INFO  o.a.k.c.c.i.ConsumerCoordinator - [Consumer clientId=consumer-recon-group-2, groupId=recon-group] Request joining group due to: need to re-join with the given member-id: consumer-recon-group-2-9a0e6782-8b87-4900-a5e3-b7729f8eeaa6
2025-12-05 16:48:16 INFO  o.a.k.c.c.i.ConsumerCoordinator - [Consumer clientId=consumer-recon-group-2, groupId=recon-group] (Re-)joining group
2025-12-05 16:48:16 ERROR o.s.s.s.TaskUtils$LoggingErrorHandler - Unexpected error occurred in scheduled task
org.springframework.orm.jpa.JpaSystemException: Unknown integral data type for ids : java.lang.String
	at org.springframework.orm.jpa.vendor.HibernateJpaDialect.convertHibernateAccessException(HibernateJpaDialect.java:348)
	at org.springframework.orm.jpa.vendor.HibernateJpaDialect.convertHibernateAccessException(HibernateJpaDialect.java:256)
	at org.springframework.orm.jpa.vendor.HibernateJpaDialect.translateExceptionIfPossible(HibernateJpaDialect.java:241)
	at org.springframework.orm.jpa.AbstractEntityManagerFactoryBean.translateExceptionIfPossible(AbstractEntityManagerFactoryBean.java:560)
	at org.springframework.dao.support.ChainedPersistenceExceptionTranslator.translateExceptionIfPossible(ChainedPersistenceExceptionTranslator.java:61)
	at org.springframework.dao.support.DataAccessUtils.translateIfNecessary(DataAccessUtils.java:343)
	at org.springframework.dao.support.PersistenceExceptionTranslationInterceptor.invoke(PersistenceExceptionTranslationInterceptor.java:160)
	at org.springframework.aop.framework.ReflectiveMethodInvocation.proceed(ReflectiveMethodInvocation.java:184)
	at org.springframework.data.jpa.repository.support.CrudMethodMetadataPostProcessor$CrudMethodMetadataPopulatingMethodInterceptor.invoke(CrudMethodMetadataPostProcessor.java:165)
	at org.springframework.aop.framework.ReflectiveMethodInvocation.proceed(ReflectiveMethodInvocation.java:184)
	at org.springframework.aop.framework.JdkDynamicAopProxy.invoke(JdkDynamicAopProxy.java:223)
	at jdk.proxy5/jdk.proxy5.$Proxy156.save(Unknown Source)
	at com.Project.UPIRecon.recon.service.ReconciliationService.reconcileTransactions(ReconciliationService.java:132)
	at java.base/jdk.internal.reflect.NativeMethodAccessorImpl.invoke0(Native Method)
	at java.base/jdk.internal.reflect.NativeMethodAccessorImpl.invoke(NativeMethodAccessorImpl.java:77)
	at java.base/jdk.internal.reflect.DelegatingMethodAccessorImpl.invoke(DelegatingMethodAccessorImpl.java:43)
	at java.base/java.lang.reflect.Method.invoke(Method.java:569)
	at org.springframework.scheduling.support.ScheduledMethodRunnable.runInternal(ScheduledMethodRunnable.java:130)
	at org.springframework.scheduling.support.ScheduledMethodRunnable.lambda$run$2(ScheduledMethodRunnable.java:124)
	at io.micrometer.observation.Observation.observe(Observation.java:498)
	at org.springframework.scheduling.support.ScheduledMethodRunnable.run(ScheduledMethodRunnable.java:124)
	at org.springframework.scheduling.config.Task$OutcomeTrackingRunnable.run(Task.java:85)
	at org.springframework.scheduling.support.DelegatingErrorHandlingRunnable.run(DelegatingErrorHandlingRunnable.java:54)
	at java.base/java.util.concurrent.Executors$RunnableAdapter.call(Executors.java:539)
	at java.base/java.util.concurrent.FutureTask.runAndReset(FutureTask.java:305)
	at java.base/java.util.concurrent.ScheduledThreadPoolExecutor$ScheduledFutureTask.run(ScheduledThreadPoolExecutor.java:305)
	at java.base/java.util.concurrent.ThreadPoolExecutor.runWorker(ThreadPoolExecutor.java:1136)
	at java.base/java.util.concurrent.ThreadPoolExecutor$Worker.run(ThreadPoolExecutor.java:635)
	at java.base/java.lang.Thread.run(Thread.java:840)
Caused by: org.hibernate.id.IdentifierGenerationException: Unknown integral data type for ids : java.lang.String
	at org.hibernate.id.IdentifierGeneratorHelper.getIntegralDataTypeHolder(IdentifierGeneratorHelper.java:136)
	at org.hibernate.id.enhanced.SequenceStructure$1.getNextValue(SequenceStructure.java:105)
	at org.hibernate.id.enhanced.PooledOptimizer.generate(PooledOptimizer.java:76)
	at org.hibernate.id.enhanced.SequenceStyleGenerator.generate(SequenceStyleGenerator.java:585)
	at org.hibernate.id.IdentifierGenerator.generate(IdentifierGenerator.java:135)
	at org.hibernate.event.internal.AbstractSaveEventListener.generateId(AbstractSaveEventListener.java:156)
	at org.hibernate.event.internal.AbstractSaveEventListener.saveWithGeneratedId(AbstractSaveEventListener.java:126)
	at org.hibernate.event.internal.DefaultPersistEventListener.entityIsTransient(DefaultPersistEventListener.java:177)
	at org.hibernate.event.internal.DefaultPersistEventListener.persist(DefaultPersistEventListener.java:95)
	at org.hibernate.event.internal.DefaultPersistEventListener.onPersist(DefaultPersistEventListener.java:79)
	at org.hibernate.event.internal.DefaultPersistEventListener.onPersist(DefaultPersistEventListener.java:55)
	at org.hibernate.event.service.internal.EventListenerGroupImpl.fireEventOnEachListener(EventListenerGroupImpl.java:127)
	at org.hibernate.internal.SessionImpl.firePersist(SessionImpl.java:761)
	at org.hibernate.internal.SessionImpl.persist(SessionImpl.java:745)
	at java.base/jdk.internal.reflect.NativeMethodAccessorImpl.invoke0(Native Method)
	at java.base/jdk.internal.reflect.NativeMethodAccessorImpl.invoke(NativeMethodAccessorImpl.java:77)
	at java.base/jdk.internal.reflect.DelegatingMethodAccessorImpl.invoke(DelegatingMethodAccessorImpl.java:43)
	at java.base/java.lang.reflect.Method.invoke(Method.java:569)
	at org.springframework.orm.jpa.SharedEntityManagerCreator$SharedEntityManagerInvocationHandler.invoke(SharedEntityManagerCreator.java:320)
	at jdk.proxy5/jdk.proxy5.$Proxy153.persist(Unknown Source)
	at org.springframework.data.jpa.repository.support.SimpleJpaRepository.save(SimpleJpaRepository.java:653)
	at java.base/jdk.internal.reflect.NativeMethodAccessorImpl.invoke0(Native Method)
	at java.base/jdk.internal.reflect.NativeMethodAccessorImpl.invoke(NativeMethodAccessorImpl.java:77)
	at java.base/jdk.internal.reflect.DelegatingMethodAccessorImpl.invoke(DelegatingMethodAccessorImpl.java:43)
	at java.base/java.lang.reflect.Method.invoke(Method.java:569)
	at org.springframework.aop.support.AopUtils.invokeJoinpointUsingReflection(AopUtils.java:359)
	at org.springframework.data.repository.core.support.RepositoryMethodInvoker$RepositoryFragmentMethodInvoker.lambda$new$0(RepositoryMethodInvoker.java:277)
	at org.springframework.data.repository.core.support.RepositoryMethodInvoker.doInvoke(RepositoryMethodInvoker.java:170)
	at org.springframework.data.repository.core.support.RepositoryMethodInvoker.invoke(RepositoryMethodInvoker.java:158)
	at org.springframework.data.repository.core.support.RepositoryComposition$RepositoryFragments.invoke(RepositoryComposition.java:515)
	at org.springframework.data.repository.core.support.RepositoryComposition.invoke(RepositoryComposition.java:284)
	at org.springframework.data.repository.core.support.RepositoryFactorySupport$ImplementationMethodExecutionInterceptor.invoke(RepositoryFactorySupport.java:734)
	at org.springframework.aop.framework.ReflectiveMethodInvocation.proceed(ReflectiveMethodInvocation.java:184)
	at org.springframework.data.repository.core.support.QueryExecutorMethodInterceptor.doInvoke(QueryExecutorMethodInterceptor.java:174)
	at org.springframework.data.repository.core.support.QueryExecutorMethodInterceptor.invoke(QueryExecutorMethodInterceptor.java:149)
	at org.springframework.aop.framework.ReflectiveMethodInvocation.proceed(ReflectiveMethodInvocation.java:184)
	at org.springframework.data.projection.DefaultMethodInvokingMethodInterceptor.invoke(DefaultMethodInvokingMethodInterceptor.java:69)
	at org.springframework.aop.framework.ReflectiveMethodInvocation.proceed(ReflectiveMethodInvocation.java:184)
	at org.springframework.transaction.interceptor.TransactionAspectSupport.invokeWithinTransaction(TransactionAspectSupport.java:380)
	at org.springframework.transaction.interceptor.TransactionInterceptor.invoke(TransactionInterceptor.java:119)
	at org.springframework.aop.framework.ReflectiveMethodInvocation.proceed(ReflectiveMethodInvocation.java:184)
	at org.springframework.dao.support.PersistenceExceptionTranslationInterceptor.invoke(PersistenceExceptionTranslationInterceptor.java:138)
	... 22 common frames omitted
2025-12-05 16:48:19 INFO  o.a.k.c.c.i.ConsumerCoordinator - [Consumer clientId=consumer-recon-group-2, groupId=recon-group] Successfully joined group with generation Generation{generationId=3, memberId='consumer-recon-group-2-9a0e6782-8b87-4900-a5e3-b7729f8eeaa6', protocol='range'}
2025-12-05 16:48:19 INFO  o.a.k.c.c.i.ConsumerCoordinator - [Consumer clientId=consumer-recon-group-2, groupId=recon-group] Finished assignment for group at generation 3: {consumer-recon-group-2-9a0e6782-8b87-4900-a5e3-b7729f8eeaa6=Assignment(partitions=[normalized-transactions-0])}
2025-12-05 16:48:19 INFO  o.a.k.c.c.i.ConsumerCoordinator - [Consumer clientId=consumer-recon-group-2, groupId=recon-group] Successfully synced group in generation Generation{generationId=3, memberId='consumer-recon-group-2-9a0e6782-8b87-4900-a5e3-b7729f8eeaa6', protocol='range'}
2025-12-05 16:48:19 INFO  o.a.k.c.c.i.ConsumerCoordinator - [Consumer clientId=consumer-recon-group-2, groupId=recon-group] Notifying assignor about the new Assignment(partitions=[normalized-transactions-0])
2025-12-05 16:48:19 INFO  o.a.k.c.c.i.ConsumerRebalanceListenerInvoker - [Consumer clientId=consumer-recon-group-2, groupId=recon-group] Adding newly assigned partitions: normalized-transactions-0
2025-12-05 16:48:19 INFO  o.a.k.c.c.internals.ConsumerUtils - Setting offset for partition normalized-transactions-0 to the committed offset FetchPosition{offset=1, offsetEpoch=Optional.empty, currentLeader=LeaderAndEpoch{leader=Optional[kafka:9092 (id: 1 rack: null)], epoch=0}}
2025-12-05 16:48:19 INFO  o.s.k.l.KafkaMessageListenerContainer - recon-group: partitions assigned: [normalized-transactions-0]
2025-12-05 16:48:45 INFO  o.a.c.c.C.[Tomcat].[localhost].[/] - Initializing Spring DispatcherServlet 'dispatcherServlet'
2025-12-05 16:48:45 INFO  o.s.web.servlet.DispatcherServlet - Initializing Servlet 'dispatcherServlet'
2025-12-05 16:48:45 INFO  o.s.web.servlet.DispatcherServlet - Completed initialization in 8 ms
2025-12-05 16:48:45 INFO  c.P.U.r.c.ReconciliationController - Starting manual reconciliation process
2025-12-05 16:48:45 INFO  c.P.U.r.s.ReconciliationService - Starting reconciliation process
2025-12-05 16:48:45 INFO  c.P.U.r.s.NormalizedTransactionService - Fetched 1 normalized transactions from DB
2025-12-05 16:48:45 INFO  c.P.U.r.s.ReconciliationService - Fetched 1 normalized transactions for reconciliation
2025-12-05 16:48:45 ERROR c.P.U.r.c.ReconciliationController - Manual reconciliation process failed. Error: Unknown integral data type for ids : java.lang.String
org.springframework.orm.jpa.JpaSystemException: Unknown integral data type for ids : java.lang.String
	at org.springframework.orm.jpa.vendor.HibernateJpaDialect.convertHibernateAccessException(HibernateJpaDialect.java:348)
	at org.springframework.orm.jpa.vendor.HibernateJpaDialect.convertHibernateAccessException(HibernateJpaDialect.java:256)
	at org.springframework.orm.jpa.vendor.HibernateJpaDialect.translateExceptionIfPossible(HibernateJpaDialect.java:241)
	at org.springframework.orm.jpa.AbstractEntityManagerFactoryBean.translateExceptionIfPossible(AbstractEntityManagerFactoryBean.java:560)
	at org.springframework.dao.support.ChainedPersistenceExceptionTranslator.translateExceptionIfPossible(ChainedPersistenceExceptionTranslator.java:61)
	at org.springframework.dao.support.DataAccessUtils.translateIfNecessary(DataAccessUtils.java:343)
	at org.springframework.dao.support.PersistenceExceptionTranslationInterceptor.invoke(PersistenceExceptionTranslationInterceptor.java:160)
	at org.springframework.aop.framework.ReflectiveMethodInvocation.proceed(ReflectiveMethodInvocation.java:184)
	at org.springframework.data.jpa.repository.support.CrudMethodMetadataPostProcessor$CrudMethodMetadataPopulatingMethodInterceptor.invoke(CrudMethodMetadataPostProcessor.java:165)
	at org.springframework.aop.framework.ReflectiveMethodInvocation.proceed(ReflectiveMethodInvocation.java:184)
	at org.springframework.aop.framework.JdkDynamicAopProxy.invoke(JdkDynamicAopProxy.java:223)
	at jdk.proxy5/jdk.proxy5.$Proxy156.save(Unknown Source)
	at com.Project.UPIRecon.recon.service.ReconciliationService.reconcileTransactions(ReconciliationService.java:132)
	at com.Project.UPIRecon.recon.controller.ReconciliationController.triggerReconciliation(ReconciliationController.java:48)
	at java.base/jdk.internal.reflect.NativeMethodAccessorImpl.invoke0(Native Method)
	at java.base/jdk.internal.reflect.NativeMethodAccessorImpl.invoke(NativeMethodAccessorImpl.java:77)
	at java.base/jdk.internal.reflect.DelegatingMethodAccessorImpl.invoke(DelegatingMethodAccessorImpl.java:43)
	at java.base/java.lang.reflect.Method.invoke(Method.java:569)
	at org.springframework.web.method.support.InvocableHandlerMethod.doInvoke(InvocableHandlerMethod.java:258)
	at org.springframework.web.method.support.InvocableHandlerMethod.invokeForRequest(InvocableHandlerMethod.java:191)
	at org.springframework.web.servlet.mvc.method.annotation.ServletInvocableHandlerMethod.invokeAndHandle(ServletInvocableHandlerMethod.java:118)
	at org.springframework.web.servlet.mvc.method.annotation.RequestMappingHandlerAdapter.invokeHandlerMethod(RequestMappingHandlerAdapter.java:986)
	at org.springframework.web.servlet.mvc.method.annotation.RequestMappingHandlerAdapter.handleInternal(RequestMappingHandlerAdapter.java:891)
	at org.springframework.web.servlet.mvc.method.AbstractHandlerMethodAdapter.handle(AbstractHandlerMethodAdapter.java:87)
	at org.springframework.web.servlet.DispatcherServlet.doDispatch(DispatcherServlet.java:1089)
	at org.springframework.web.servlet.DispatcherServlet.doService(DispatcherServlet.java:979)
	at org.springframework.web.servlet.FrameworkServlet.processRequest(FrameworkServlet.java:1014)
	at org.springframework.web.servlet.FrameworkServlet.doPost(FrameworkServlet.java:914)
	at jakarta.servlet.http.HttpServlet.service(HttpServlet.java:590)
	at org.springframework.web.servlet.FrameworkServlet.service(FrameworkServlet.java:885)
	at jakarta.servlet.http.HttpServlet.service(HttpServlet.java:658)
	at org.apache.catalina.core.ApplicationFilterChain.internalDoFilter(ApplicationFilterChain.java:195)
	at org.apache.catalina.core.ApplicationFilterChain.doFilter(ApplicationFilterChain.java:140)
	at org.apache.tomcat.websocket.server.WsFilter.doFilter(WsFilter.java:51)
	at org.apache.catalina.core.ApplicationFilterChain.internalDoFilter(ApplicationFilterChain.java:164)
	at org.apache.catalina.core.ApplicationFilterChain.doFilter(ApplicationFilterChain.java:140)
	at org.springframework.web.filter.RequestContextFilter.doFilterInternal(RequestContextFilter.java:100)
	at org.springframework.web.filter.OncePerRequestFilter.doFilter(OncePerRequestFilter.java:116)
	at org.apache.catalina.core.ApplicationFilterChain.internalDoFilter(ApplicationFilterChain.java:164)
	at org.apache.catalina.core.ApplicationFilterChain.doFilter(ApplicationFilterChain.java:140)
	at org.springframework.web.filter.FormContentFilter.doFilterInternal(FormContentFilter.java:93)
	at org.springframework.web.filter.OncePerRequestFilter.doFilter(OncePerRequestFilter.java:116)
	at org.apache.catalina.core.ApplicationFilterChain.internalDoFilter(ApplicationFilterChain.java:164)
	at org.apache.catalina.core.ApplicationFilterChain.doFilter(ApplicationFilterChain.java:140)
	at org.springframework.web.filter.CharacterEncodingFilter.doFilterInternal(CharacterEncodingFilter.java:201)
	at org.springframework.web.filter.OncePerRequestFilter.doFilter(OncePerRequestFilter.java:116)
	at org.apache.catalina.core.ApplicationFilterChain.internalDoFilter(ApplicationFilterChain.java:164)
	at org.apache.catalina.core.ApplicationFilterChain.doFilter(ApplicationFilterChain.java:140)
	at org.apache.catalina.core.StandardWrapperValve.invoke(StandardWrapperValve.java:167)
	at org.apache.catalina.core.StandardContextValve.invoke(StandardContextValve.java:90)
	at org.apache.catalina.authenticator.AuthenticatorBase.invoke(AuthenticatorBase.java:483)
	at org.apache.catalina.core.StandardHostValve.invoke(StandardHostValve.java:116)
	at org.apache.catalina.valves.ErrorReportValve.invoke(ErrorReportValve.java:93)
	at org.apache.catalina.core.StandardEngineValve.invoke(StandardEngineValve.java:74)
	at org.apache.catalina.connector.CoyoteAdapter.service(CoyoteAdapter.java:344)
	at org.apache.coyote.http11.Http11Processor.service(Http11Processor.java:398)
	at org.apache.coyote.AbstractProcessorLight.process(AbstractProcessorLight.java:63)
	at org.apache.coyote.AbstractProtocol$ConnectionHandler.process(AbstractProtocol.java:903)
	at org.apache.tomcat.util.net.NioEndpoint$SocketProcessor.doRun(NioEndpoint.java:1769)
	at org.apache.tomcat.util.net.SocketProcessorBase.run(SocketProcessorBase.java:52)
	at org.apache.tomcat.util.threads.ThreadPoolExecutor.runWorker(ThreadPoolExecutor.java:1189)
	at org.apache.tomcat.util.threads.ThreadPoolExecutor$Worker.run(ThreadPoolExecutor.java:658)
	at org.apache.tomcat.util.threads.TaskThread$WrappingRunnable.run(TaskThread.java:63)
	at java.base/java.lang.Thread.run(Thread.java:840)
Caused by: org.hibernate.id.IdentifierGenerationException: Unknown integral data type for ids : java.lang.String
	at org.hibernate.id.IdentifierGeneratorHelper.getIntegralDataTypeHolder(IdentifierGeneratorHelper.java:136)
	at org.hibernate.id.enhanced.SequenceStructure$1.getNextValue(SequenceStructure.java:105)
	at org.hibernate.id.enhanced.PooledOptimizer.generate(PooledOptimizer.java:76)
	at org.hibernate.id.enhanced.SequenceStyleGenerator.generate(SequenceStyleGenerator.java:585)
	at org.hibernate.id.IdentifierGenerator.generate(IdentifierGenerator.java:135)
	at org.hibernate.event.internal.AbstractSaveEventListener.generateId(AbstractSaveEventListener.java:156)
	at org.hibernate.event.internal.AbstractSaveEventListener.saveWithGeneratedId(AbstractSaveEventListener.java:126)
	at org.hibernate.event.internal.DefaultPersistEventListener.entityIsTransient(DefaultPersistEventListener.java:177)
	at org.hibernate.event.internal.DefaultPersistEventListener.persist(DefaultPersistEventListener.java:95)
	at org.hibernate.event.internal.DefaultPersistEventListener.onPersist(DefaultPersistEventListener.java:79)
	at org.hibernate.event.internal.DefaultPersistEventListener.onPersist(DefaultPersistEventListener.java:55)
	at org.hibernate.event.service.internal.EventListenerGroupImpl.fireEventOnEachListener(EventListenerGroupImpl.java:127)
	at org.hibernate.internal.SessionImpl.firePersist(SessionImpl.java:761)
	at org.hibernate.internal.SessionImpl.persist(SessionImpl.java:745)
	at java.base/jdk.internal.reflect.NativeMethodAccessorImpl.invoke0(Native Method)
	at java.base/jdk.internal.reflect.NativeMethodAccessorImpl.invoke(NativeMethodAccessorImpl.java:77)
	at java.base/jdk.internal.reflect.DelegatingMethodAccessorImpl.invoke(DelegatingMethodAccessorImpl.java:43)
	at java.base/java.lang.reflect.Method.invoke(Method.java:569)
	at org.springframework.orm.jpa.ExtendedEntityManagerCreator$ExtendedEntityManagerInvocationHandler.invoke(ExtendedEntityManagerCreator.java:364)
	at jdk.proxy5/jdk.proxy5.$Proxy153.persist(Unknown Source)
	at java.base/jdk.internal.reflect.NativeMethodAccessorImpl.invoke0(Native Method)
	at java.base/jdk.internal.reflect.NativeMethodAccessorImpl.invoke(NativeMethodAccessorImpl.java:77)
	at java.base/jdk.internal.reflect.DelegatingMethodAccessorImpl.invoke(DelegatingMethodAccessorImpl.java:43)
	at java.base/java.lang.reflect.Method.invoke(Method.java:569)
	at org.springframework.orm.jpa.SharedEntityManagerCreator$SharedEntityManagerInvocationHandler.invoke(SharedEntityManagerCreator.java:320)
	at jdk.proxy5/jdk.proxy5.$Proxy153.persist(Unknown Source)
	at org.springframework.data.jpa.repository.support.SimpleJpaRepository.save(SimpleJpaRepository.java:653)
	at java.base/jdk.internal.reflect.NativeMethodAccessorImpl.invoke0(Native Method)
	at java.base/jdk.internal.reflect.NativeMethodAccessorImpl.invoke(NativeMethodAccessorImpl.java:77)
	at java.base/jdk.internal.reflect.DelegatingMethodAccessorImpl.invoke(DelegatingMethodAccessorImpl.java:43)
	at java.base/java.lang.reflect.Method.invoke(Method.java:569)
	at org.springframework.aop.support.AopUtils.invokeJoinpointUsingReflection(AopUtils.java:359)
	at org.springframework.data.repository.core.support.RepositoryMethodInvoker$RepositoryFragmentMethodInvoker.lambda$new$0(RepositoryMethodInvoker.java:277)
	at org.springframework.data.repository.core.support.RepositoryMethodInvoker.doInvoke(RepositoryMethodInvoker.java:170)
	at org.springframework.data.repository.core.support.RepositoryMethodInvoker.invoke(RepositoryMethodInvoker.java:158)
	at org.springframework.data.repository.core.support.RepositoryComposition$RepositoryFragments.invoke(RepositoryComposition.java:515)
	at org.springframework.data.repository.core.support.RepositoryComposition.invoke(RepositoryComposition.java:284)
	at org.springframework.data.repository.core.support.RepositoryFactorySupport$ImplementationMethodExecutionInterceptor.invoke(RepositoryFactorySupport.java:734)
	at org.springframework.aop.framework.ReflectiveMethodInvocation.proceed(ReflectiveMethodInvocation.java:184)
	at org.springframework.data.repository.core.support.QueryExecutorMethodInterceptor.doInvoke(QueryExecutorMethodInterceptor.java:174)
	at org.springframework.data.repository.core.support.QueryExecutorMethodInterceptor.invoke(QueryExecutorMethodInterceptor.java:149)
	at org.springframework.aop.framework.ReflectiveMethodInvocation.proceed(ReflectiveMethodInvocation.java:184)
	at org.springframework.data.projection.DefaultMethodInvokingMethodInterceptor.invoke(DefaultMethodInvokingMethodInterceptor.java:69)
	at org.springframework.aop.framework.ReflectiveMethodInvocation.proceed(ReflectiveMethodInvocation.java:184)
	at org.springframework.transaction.interceptor.TransactionAspectSupport.invokeWithinTransaction(TransactionAspectSupport.java:380)
	at org.springframework.transaction.interceptor.TransactionInterceptor.invoke(TransactionInterceptor.java:119)
	at org.springframework.aop.framework.ReflectiveMethodInvocation.proceed(ReflectiveMethodInvocation.java:184)
	at org.springframework.dao.support.PersistenceExceptionTranslationInterceptor.invoke(PersistenceExceptionTranslationInterceptor.java:138)
	... 57 common frames omitted
2025-12-05 16:49:51 INFO  o.s.b.d.a.LocalDevToolsAutoConfiguration$RestartingClassPathChangeChangedEventListener - Restarting due to 1 class path change (0 additions, 0 deletions, 1 modification)
2025-12-05 16:49:51 INFO  o.a.k.c.c.i.ConsumerRebalanceListenerInvoker - [Consumer clientId=consumer-recon-group-2, groupId=recon-group] Revoke previously assigned partitions normalized-transactions-0
2025-12-05 16:49:51 INFO  o.s.k.l.KafkaMessageListenerContainer - recon-group: partitions revoked: [normalized-transactions-0]
2025-12-05 16:49:51 INFO  o.a.k.c.c.i.ConsumerCoordinator - [Consumer clientId=consumer-recon-group-2, groupId=recon-group] Member consumer-recon-group-2-9a0e6782-8b87-4900-a5e3-b7729f8eeaa6 sending LeaveGroup request to coordinator kafka:9092 (id: 2147483646 rack: null) due to the consumer unsubscribed from all topics
2025-12-05 16:49:51 INFO  o.a.k.c.c.i.ConsumerCoordinator - [Consumer clientId=consumer-recon-group-2, groupId=recon-group] Resetting generation and member id due to: consumer pro-actively leaving the group
2025-12-05 16:49:51 INFO  o.a.k.c.c.i.ConsumerCoordinator - [Consumer clientId=consumer-recon-group-2, groupId=recon-group] Request joining group due to: consumer pro-actively leaving the group
2025-12-05 16:49:51 INFO  o.a.k.c.c.i.ClassicKafkaConsumer - [Consumer clientId=consumer-recon-group-2, groupId=recon-group] Unsubscribed all topics or patterns and assigned partitions
2025-12-05 16:49:51 INFO  o.a.k.c.c.i.ConsumerCoordinator - [Consumer clientId=consumer-recon-group-2, groupId=recon-group] Resetting generation and member id due to: consumer pro-actively leaving the group
2025-12-05 16:49:51 INFO  o.a.k.c.c.i.ConsumerCoordinator - [Consumer clientId=consumer-recon-group-2, groupId=recon-group] Request joining group due to: consumer pro-actively leaving the group
2025-12-05 16:49:51 INFO  o.a.kafka.common.metrics.Metrics - Metrics scheduler closed
2025-12-05 16:49:51 INFO  o.a.kafka.common.metrics.Metrics - Closing reporter org.apache.kafka.common.metrics.JmxReporter
2025-12-05 16:49:51 INFO  o.a.kafka.common.metrics.Metrics - Closing reporter org.apache.kafka.common.telemetry.internals.ClientTelemetryReporter
2025-12-05 16:49:51 INFO  o.a.kafka.common.metrics.Metrics - Metrics reporters closed
2025-12-05 16:49:51 INFO  o.a.kafka.common.utils.AppInfoParser - App info kafka.consumer for consumer-recon-group-2 unregistered
2025-12-05 16:49:51 INFO  o.s.k.l.KafkaMessageListenerContainer - recon-group: Consumer stopped
2025-12-05 16:49:51 INFO  o.s.b.w.e.tomcat.GracefulShutdown - Commencing graceful shutdown. Waiting for active requests to complete
2025-12-05 16:49:51 INFO  o.a.coyote.http11.Http11NioProtocol - Pausing ProtocolHandler ["http-nio-8084"]
2025-12-05 16:49:51 INFO  o.s.b.w.e.tomcat.GracefulShutdown - Graceful shutdown complete
2025-12-05 16:49:51 INFO  o.a.coyote.http11.Http11NioProtocol - Stopping ProtocolHandler ["http-nio-8084"]
2025-12-05 16:49:51 INFO  o.s.o.j.LocalContainerEntityManagerFactoryBean - Closing JPA EntityManagerFactory for persistence unit 'default'
2025-12-05 16:49:51 INFO  com.zaxxer.hikari.HikariDataSource - HikariPool-2 - Shutdown initiated...
2025-12-05 16:49:51 INFO  com.zaxxer.hikari.HikariDataSource - HikariPool-2 - Shutdown completed.
2025-12-05 16:49:52 INFO  c.P.U.recon.ReconServiceApplication - Starting ReconServiceApplication using Java 17.0.17 with PID 50 (/app/target/classes started by root in /app)
2025-12-05 16:49:52 INFO  c.P.U.recon.ReconServiceApplication - No active profile set, falling back to 1 default profile: "default"
2025-12-05 16:50:04 INFO  o.s.d.r.c.RepositoryConfigurationDelegate - Bootstrapping Spring Data JPA repositories in DEFAULT mode.
2025-12-05 16:50:05 INFO  o.s.d.r.c.RepositoryConfigurationDelegate - Finished Spring Data repository scanning in 647 ms. Found 2 JPA repository interfaces.
2025-12-05 16:50:06 INFO  o.s.b.w.e.tomcat.TomcatWebServer - Tomcat initialized with port 8084 (http)
2025-12-05 16:50:06 INFO  o.a.coyote.http11.Http11NioProtocol - Initializing ProtocolHandler ["http-nio-8084"]
2025-12-05 16:50:06 INFO  o.a.catalina.core.StandardService - Starting service [Tomcat]
2025-12-05 16:50:06 INFO  o.a.catalina.core.StandardEngine - Starting Servlet engine: [Apache Tomcat/10.1.42]
2025-12-05 16:50:07 INFO  o.a.c.c.C.[Tomcat].[localhost].[/] - Initializing Spring embedded WebApplicationContext
2025-12-05 16:50:07 INFO  o.s.b.w.s.c.ServletWebServerApplicationContext - Root WebApplicationContext: initialization completed in 14619 ms
2025-12-05 16:50:07 INFO  o.h.jpa.internal.util.LogHelper - HHH000204: Processing PersistenceUnitInfo [name: default]
2025-12-05 16:50:08 INFO  o.h.c.i.RegionFactoryInitiator - HHH000026: Second-level cache disabled
2025-12-05 16:50:08 INFO  o.s.o.j.p.SpringPersistenceUnitInfo - No LoadTimeWeaver setup: ignoring JPA class transformer
2025-12-05 16:50:08 INFO  com.zaxxer.hikari.HikariDataSource - HikariPool-3 - Starting...
2025-12-05 16:50:08 INFO  com.zaxxer.hikari.pool.HikariPool - HikariPool-3 - Added connection org.postgresql.jdbc.PgConnection@3474bb88
2025-12-05 16:50:08 INFO  com.zaxxer.hikari.HikariDataSource - HikariPool-3 - Start completed.
2025-12-05 16:50:08 WARN  org.hibernate.orm.deprecation - HHH90000025: PostgreSQLDialect does not need to be specified explicitly using 'hibernate.dialect' (remove the property setting and it will be selected by default)
2025-12-05 16:50:08 INFO  o.hibernate.orm.connections.pooling - HHH10001005: Database info:
	Database JDBC URL [Connecting through datasource 'HikariDataSource (HikariPool-3)']
	Database driver: undefined/unknown
	Database version: 15.13
	Autocommit mode: undefined/unknown
	Isolation level: undefined/unknown
	Minimum pool size: undefined/unknown
	Maximum pool size: undefined/unknown
2025-12-05 16:50:10 INFO  o.h.e.t.j.p.i.JtaPlatformInitiator - HHH000489: No JTA platform available (set 'hibernate.transaction.jta.platform' to enable JTA platform integration)
2025-12-05 16:50:10 INFO  o.s.o.j.LocalContainerEntityManagerFactoryBean - Initialized JPA EntityManagerFactory for persistence unit 'default'
2025-12-05 16:50:12 WARN  o.s.b.a.o.j.JpaBaseConfiguration$JpaWebConfiguration - spring.jpa.open-in-view is enabled by default. Therefore, database queries may be performed during view rendering. Explicitly configure spring.jpa.open-in-view to disable this warning
2025-12-05 16:50:13 INFO  o.s.b.d.a.OptionalLiveReloadServer - LiveReload server is running on port 35729
2025-12-05 16:50:13 INFO  o.a.coyote.http11.Http11NioProtocol - Starting ProtocolHandler ["http-nio-8084"]
2025-12-05 16:50:13 INFO  o.s.b.w.e.tomcat.TomcatWebServer - Tomcat started on port 8084 (http) with context path '/'
2025-12-05 16:50:13 INFO  o.a.k.c.consumer.ConsumerConfig - ConsumerConfig values: 
	allow.auto.create.topics = true
	auto.commit.interval.ms = 5000
	auto.include.jmx.reporter = true
	auto.offset.reset = latest
	bootstrap.servers = [kafka:9092]
	check.crcs = true
	client.dns.lookup = use_all_dns_ips
	client.id = consumer-recon-group-3
	client.rack = 
	connections.max.idle.ms = 540000
	default.api.timeout.ms = 60000
	enable.auto.commit = false
	enable.metrics.push = true
	exclude.internal.topics = true
	fetch.max.bytes = 52428800
	fetch.max.wait.ms = 500
	fetch.min.bytes = 1
	group.id = recon-group
	group.instance.id = null
	group.protocol = classic
	group.remote.assignor = null
	heartbeat.interval.ms = 3000
	interceptor.classes = []
	internal.leave.group.on.close = true
	internal.throw.on.fetch.stable.offset.unsupported = false
	isolation.level = read_uncommitted
	key.deserializer = class org.apache.kafka.common.serialization.StringDeserializer
	max.partition.fetch.bytes = 1048576
	max.poll.interval.ms = 300000
	max.poll.records = 500
	metadata.max.age.ms = 300000
	metadata.recovery.strategy = none
	metric.reporters = []
	metrics.num.samples = 2
	metrics.recording.level = INFO
	metrics.sample.window.ms = 30000
	partition.assignment.strategy = [class org.apache.kafka.clients.consumer.RangeAssignor, class org.apache.kafka.clients.consumer.CooperativeStickyAssignor]
	receive.buffer.bytes = 65536
	reconnect.backoff.max.ms = 1000
	reconnect.backoff.ms = 50
	request.timeout.ms = 30000
	retry.backoff.max.ms = 1000
	retry.backoff.ms = 100
	sasl.client.callback.handler.class = null
	sasl.jaas.config = null
	sasl.kerberos.kinit.cmd = /usr/bin/kinit
	sasl.kerberos.min.time.before.relogin = 60000
	sasl.kerberos.service.name = null
	sasl.kerberos.ticket.renew.jitter = 0.05
	sasl.kerberos.ticket.renew.window.factor = 0.8
	sasl.login.callback.handler.class = null
	sasl.login.class = null
	sasl.login.connect.timeout.ms = null
	sasl.login.read.timeout.ms = null
	sasl.login.refresh.buffer.seconds = 300
	sasl.login.refresh.min.period.seconds = 60
	sasl.login.refresh.window.factor = 0.8
	sasl.login.refresh.window.jitter = 0.05
	sasl.login.retry.backoff.max.ms = 10000
	sasl.login.retry.backoff.ms = 100
	sasl.mechanism = GSSAPI
	sasl.oauthbearer.clock.skew.seconds = 30
	sasl.oauthbearer.expected.audience = null
	sasl.oauthbearer.expected.issuer = null
	sasl.oauthbearer.header.urlencode = false
	sasl.oauthbearer.jwks.endpoint.refresh.ms = 3600000
	sasl.oauthbearer.jwks.endpoint.retry.backoff.max.ms = 10000
	sasl.oauthbearer.jwks.endpoint.retry.backoff.ms = 100
	sasl.oauthbearer.jwks.endpoint.url = null
	sasl.oauthbearer.scope.claim.name = scope
	sasl.oauthbearer.sub.claim.name = sub
	sasl.oauthbearer.token.endpoint.url = null
	security.protocol = PLAINTEXT
	security.providers = null
	send.buffer.bytes = 131072
	session.timeout.ms = 45000
	socket.connection.setup.timeout.max.ms = 30000
	socket.connection.setup.timeout.ms = 10000
	ssl.cipher.suites = null
	ssl.enabled.protocols = [TLSv1.2, TLSv1.3]
	ssl.endpoint.identification.algorithm = https
	ssl.engine.factory.class = null
	ssl.key.password = null
	ssl.keymanager.algorithm = SunX509
	ssl.keystore.certificate.chain = null
	ssl.keystore.key = null
	ssl.keystore.location = null
	ssl.keystore.password = null
	ssl.keystore.type = JKS
	ssl.protocol = TLSv1.3
	ssl.provider = null
	ssl.secure.random.implementation = null
	ssl.trustmanager.algorithm = PKIX
	ssl.truststore.certificates = null
	ssl.truststore.location = null
	ssl.truststore.password = null
	ssl.truststore.type = JKS
	value.deserializer = class org.springframework.kafka.support.serializer.JsonDeserializer

2025-12-05 16:50:13 INFO  o.a.k.c.t.i.KafkaMetricsCollector - initializing Kafka metrics collector
2025-12-05 16:50:13 INFO  o.a.k.c.consumer.ConsumerConfig - These configurations '[spring.json.trusted.packages, spring.json.use.type.headers]' were supplied but are not used yet.
2025-12-05 16:50:13 INFO  o.a.kafka.common.utils.AppInfoParser - Kafka version: 3.9.1
2025-12-05 16:50:13 INFO  o.a.kafka.common.utils.AppInfoParser - Kafka commitId: f745dfdcee2b9851
2025-12-05 16:50:13 INFO  o.a.kafka.common.utils.AppInfoParser - Kafka startTimeMs: 1764953413543
2025-12-05 16:50:13 INFO  o.a.k.c.c.i.ClassicKafkaConsumer - [Consumer clientId=consumer-recon-group-3, groupId=recon-group] Subscribed to topic(s): normalized-transactions
2025-12-05 16:50:13 INFO  c.P.U.r.s.ReconciliationService - Starting reconciliation process
2025-12-05 16:50:13 INFO  c.P.U.recon.ReconServiceApplication - Started ReconServiceApplication in 21.62 seconds (process running for 2876.632)
2025-12-05 16:50:13 INFO  o.s.b.d.a.ConditionEvaluationDeltaLoggingListener - Condition evaluation unchanged
2025-12-05 16:50:13 INFO  org.apache.kafka.clients.Metadata - [Consumer clientId=consumer-recon-group-3, groupId=recon-group] Cluster ID: -Ev3b8JLS_uTHl36QpBdMw
2025-12-05 16:50:13 INFO  o.a.k.c.c.i.ConsumerCoordinator - [Consumer clientId=consumer-recon-group-3, groupId=recon-group] Discovered group coordinator kafka:9092 (id: 2147483646 rack: null)
2025-12-05 16:50:13 INFO  o.a.k.c.c.i.ConsumerCoordinator - [Consumer clientId=consumer-recon-group-3, groupId=recon-group] (Re-)joining group
2025-12-05 16:50:13 INFO  c.P.U.r.s.NormalizedTransactionService - Fetched 1 normalized transactions from DB
2025-12-05 16:50:13 INFO  c.P.U.r.s.ReconciliationService - Fetched 1 normalized transactions for reconciliation
2025-12-05 16:50:13 INFO  o.a.k.c.c.i.ConsumerCoordinator - [Consumer clientId=consumer-recon-group-3, groupId=recon-group] Request joining group due to: need to re-join with the given member-id: consumer-recon-group-3-3b598c73-471c-4350-b75f-3dac208ab452
2025-12-05 16:50:13 INFO  o.a.k.c.c.i.ConsumerCoordinator - [Consumer clientId=consumer-recon-group-3, groupId=recon-group] (Re-)joining group
2025-12-05 16:50:13 ERROR o.s.s.s.TaskUtils$LoggingErrorHandler - Unexpected error occurred in scheduled task
java.lang.Error: Unresolved compilation problem: 
	GenericGenerator cannot be resolved to a type

	at com.Project.UPIRecon.recon.entity.ReconciliationResult.<init>(ReconciliationResult.java:15)
	at com.Project.UPIRecon.recon.service.ReconciliationService.reconcileTransactions(ReconciliationService.java:122)
	at java.base/jdk.internal.reflect.NativeMethodAccessorImpl.invoke0(Native Method)
	at java.base/jdk.internal.reflect.NativeMethodAccessorImpl.invoke(NativeMethodAccessorImpl.java:77)
	at java.base/jdk.internal.reflect.DelegatingMethodAccessorImpl.invoke(DelegatingMethodAccessorImpl.java:43)
	at java.base/java.lang.reflect.Method.invoke(Method.java:569)
	at org.springframework.scheduling.support.ScheduledMethodRunnable.runInternal(ScheduledMethodRunnable.java:130)
	at org.springframework.scheduling.support.ScheduledMethodRunnable.lambda$run$2(ScheduledMethodRunnable.java:124)
	at io.micrometer.observation.Observation.observe(Observation.java:498)
	at org.springframework.scheduling.support.ScheduledMethodRunnable.run(ScheduledMethodRunnable.java:124)
	at org.springframework.scheduling.config.Task$OutcomeTrackingRunnable.run(Task.java:85)
	at org.springframework.scheduling.support.DelegatingErrorHandlingRunnable.run(DelegatingErrorHandlingRunnable.java:54)
	at java.base/java.util.concurrent.Executors$RunnableAdapter.call(Executors.java:539)
	at java.base/java.util.concurrent.FutureTask.runAndReset(FutureTask.java:305)
	at java.base/java.util.concurrent.ScheduledThreadPoolExecutor$ScheduledFutureTask.run(ScheduledThreadPoolExecutor.java:305)
	at java.base/java.util.concurrent.ThreadPoolExecutor.runWorker(ThreadPoolExecutor.java:1136)
	at java.base/java.util.concurrent.ThreadPoolExecutor$Worker.run(ThreadPoolExecutor.java:635)
	at java.base/java.lang.Thread.run(Thread.java:840)
2025-12-05 16:50:16 INFO  o.a.k.c.c.i.ConsumerCoordinator - [Consumer clientId=consumer-recon-group-3, groupId=recon-group] Successfully joined group with generation Generation{generationId=5, memberId='consumer-recon-group-3-3b598c73-471c-4350-b75f-3dac208ab452', protocol='range'}
2025-12-05 16:50:16 INFO  o.a.k.c.c.i.ConsumerCoordinator - [Consumer clientId=consumer-recon-group-3, groupId=recon-group] Finished assignment for group at generation 5: {consumer-recon-group-3-3b598c73-471c-4350-b75f-3dac208ab452=Assignment(partitions=[normalized-transactions-0])}
2025-12-05 16:50:16 INFO  o.a.k.c.c.i.ConsumerCoordinator - [Consumer clientId=consumer-recon-group-3, groupId=recon-group] Successfully synced group in generation Generation{generationId=5, memberId='consumer-recon-group-3-3b598c73-471c-4350-b75f-3dac208ab452', protocol='range'}
2025-12-05 16:50:16 INFO  o.a.k.c.c.i.ConsumerCoordinator - [Consumer clientId=consumer-recon-group-3, groupId=recon-group] Notifying assignor about the new Assignment(partitions=[normalized-transactions-0])
2025-12-05 16:50:16 INFO  o.a.k.c.c.i.ConsumerRebalanceListenerInvoker - [Consumer clientId=consumer-recon-group-3, groupId=recon-group] Adding newly assigned partitions: normalized-transactions-0
2025-12-05 16:50:16 INFO  o.a.k.c.c.internals.ConsumerUtils - Setting offset for partition normalized-transactions-0 to the committed offset FetchPosition{offset=1, offsetEpoch=Optional.empty, currentLeader=LeaderAndEpoch{leader=Optional[kafka:9092 (id: 1 rack: null)], epoch=0}}
2025-12-05 16:50:16 INFO  o.s.k.l.KafkaMessageListenerContainer - recon-group: partitions assigned: [normalized-transactions-0]
2025-12-05 16:50:17 INFO  o.s.b.d.a.LocalDevToolsAutoConfiguration$RestartingClassPathChangeChangedEventListener - Restarting due to 1 class path change (0 additions, 0 deletions, 1 modification)
2025-12-05 16:50:17 INFO  o.a.k.c.c.i.ConsumerRebalanceListenerInvoker - [Consumer clientId=consumer-recon-group-3, groupId=recon-group] Revoke previously assigned partitions normalized-transactions-0
2025-12-05 16:50:17 INFO  o.s.k.l.KafkaMessageListenerContainer - recon-group: partitions revoked: [normalized-transactions-0]
2025-12-05 16:50:17 INFO  o.a.k.c.c.i.ConsumerCoordinator - [Consumer clientId=consumer-recon-group-3, groupId=recon-group] Member consumer-recon-group-3-3b598c73-471c-4350-b75f-3dac208ab452 sending LeaveGroup request to coordinator kafka:9092 (id: 2147483646 rack: null) due to the consumer unsubscribed from all topics
2025-12-05 16:50:17 INFO  o.a.k.c.c.i.ConsumerCoordinator - [Consumer clientId=consumer-recon-group-3, groupId=recon-group] Resetting generation and member id due to: consumer pro-actively leaving the group
2025-12-05 16:50:17 INFO  o.a.k.c.c.i.ConsumerCoordinator - [Consumer clientId=consumer-recon-group-3, groupId=recon-group] Request joining group due to: consumer pro-actively leaving the group
2025-12-05 16:50:17 INFO  o.a.k.c.c.i.ClassicKafkaConsumer - [Consumer clientId=consumer-recon-group-3, groupId=recon-group] Unsubscribed all topics or patterns and assigned partitions
2025-12-05 16:50:17 INFO  o.a.k.c.c.i.ConsumerCoordinator - [Consumer clientId=consumer-recon-group-3, groupId=recon-group] Resetting generation and member id due to: consumer pro-actively leaving the group
2025-12-05 16:50:17 INFO  o.a.k.c.c.i.ConsumerCoordinator - [Consumer clientId=consumer-recon-group-3, groupId=recon-group] Request joining group due to: consumer pro-actively leaving the group
2025-12-05 16:50:17 INFO  o.a.kafka.common.metrics.Metrics - Metrics scheduler closed
2025-12-05 16:50:17 INFO  o.a.kafka.common.metrics.Metrics - Closing reporter org.apache.kafka.common.metrics.JmxReporter
2025-12-05 16:50:17 INFO  o.a.kafka.common.metrics.Metrics - Closing reporter org.apache.kafka.common.telemetry.internals.ClientTelemetryReporter
2025-12-05 16:50:17 INFO  o.a.kafka.common.metrics.Metrics - Metrics reporters closed
2025-12-05 16:50:17 INFO  o.a.kafka.common.utils.AppInfoParser - App info kafka.consumer for consumer-recon-group-3 unregistered
2025-12-05 16:50:17 INFO  o.s.k.l.KafkaMessageListenerContainer - recon-group: Consumer stopped
2025-12-05 16:50:17 INFO  o.s.b.w.e.tomcat.GracefulShutdown - Commencing graceful shutdown. Waiting for active requests to complete
2025-12-05 16:50:17 INFO  o.a.coyote.http11.Http11NioProtocol - Pausing ProtocolHandler ["http-nio-8084"]
2025-12-05 16:50:17 INFO  o.s.b.w.e.tomcat.GracefulShutdown - Graceful shutdown complete
2025-12-05 16:50:17 INFO  o.a.coyote.http11.Http11NioProtocol - Stopping ProtocolHandler ["http-nio-8084"]
2025-12-05 16:50:17 INFO  o.s.o.j.LocalContainerEntityManagerFactoryBean - Closing JPA EntityManagerFactory for persistence unit 'default'
2025-12-05 16:50:17 INFO  com.zaxxer.hikari.HikariDataSource - HikariPool-3 - Shutdown initiated...
2025-12-05 16:50:17 INFO  com.zaxxer.hikari.HikariDataSource - HikariPool-3 - Shutdown completed.
2025-12-05 16:50:18 INFO  c.P.U.recon.ReconServiceApplication - Starting ReconServiceApplication using Java 17.0.17 with PID 50 (/app/target/classes started by root in /app)
2025-12-05 16:50:18 INFO  c.P.U.recon.ReconServiceApplication - No active profile set, falling back to 1 default profile: "default"
2025-12-05 16:50:22 INFO  o.s.d.r.c.RepositoryConfigurationDelegate - Bootstrapping Spring Data JPA repositories in DEFAULT mode.
2025-12-05 16:50:22 INFO  o.s.d.r.c.RepositoryConfigurationDelegate - Finished Spring Data repository scanning in 376 ms. Found 2 JPA repository interfaces.
2025-12-05 16:50:23 INFO  o.s.b.w.e.tomcat.TomcatWebServer - Tomcat initialized with port 8084 (http)
2025-12-05 16:50:23 INFO  o.a.coyote.http11.Http11NioProtocol - Initializing ProtocolHandler ["http-nio-8084"]
2025-12-05 16:50:23 INFO  o.a.catalina.core.StandardService - Starting service [Tomcat]
2025-12-05 16:50:23 INFO  o.a.catalina.core.StandardEngine - Starting Servlet engine: [Apache Tomcat/10.1.42]
2025-12-05 16:50:23 INFO  o.a.c.c.C.[Tomcat].[localhost].[/] - Initializing Spring embedded WebApplicationContext
2025-12-05 16:50:23 INFO  o.s.b.w.s.c.ServletWebServerApplicationContext - Root WebApplicationContext: initialization completed in 5349 ms
2025-12-05 16:50:23 INFO  o.h.jpa.internal.util.LogHelper - HHH000204: Processing PersistenceUnitInfo [name: default]
2025-12-05 16:50:24 INFO  o.h.c.i.RegionFactoryInitiator - HHH000026: Second-level cache disabled
2025-12-05 16:50:24 INFO  o.s.o.j.p.SpringPersistenceUnitInfo - No LoadTimeWeaver setup: ignoring JPA class transformer
2025-12-05 16:50:24 INFO  com.zaxxer.hikari.HikariDataSource - HikariPool-4 - Starting...
2025-12-05 16:50:24 INFO  com.zaxxer.hikari.pool.HikariPool - HikariPool-4 - Added connection org.postgresql.jdbc.PgConnection@294a676f
2025-12-05 16:50:24 INFO  com.zaxxer.hikari.HikariDataSource - HikariPool-4 - Start completed.
2025-12-05 16:50:24 WARN  org.hibernate.orm.deprecation - HHH90000025: PostgreSQLDialect does not need to be specified explicitly using 'hibernate.dialect' (remove the property setting and it will be selected by default)
2025-12-05 16:50:24 INFO  o.hibernate.orm.connections.pooling - HHH10001005: Database info:
	Database JDBC URL [Connecting through datasource 'HikariDataSource (HikariPool-4)']
	Database driver: undefined/unknown
	Database version: 15.13
	Autocommit mode: undefined/unknown
	Isolation level: undefined/unknown
	Minimum pool size: undefined/unknown
	Maximum pool size: undefined/unknown
2025-12-05 16:50:25 INFO  o.h.e.t.j.p.i.JtaPlatformInitiator - HHH000489: No JTA platform available (set 'hibernate.transaction.jta.platform' to enable JTA platform integration)
2025-12-05 16:50:25 INFO  o.s.o.j.LocalContainerEntityManagerFactoryBean - Initialized JPA EntityManagerFactory for persistence unit 'default'
2025-12-05 16:50:25 WARN  o.s.b.a.o.j.JpaBaseConfiguration$JpaWebConfiguration - spring.jpa.open-in-view is enabled by default. Therefore, database queries may be performed during view rendering. Explicitly configure spring.jpa.open-in-view to disable this warning
2025-12-05 16:50:26 INFO  o.s.b.d.a.OptionalLiveReloadServer - LiveReload server is running on port 35729
2025-12-05 16:50:26 INFO  o.a.coyote.http11.Http11NioProtocol - Starting ProtocolHandler ["http-nio-8084"]
2025-12-05 16:50:26 INFO  o.s.b.w.e.tomcat.TomcatWebServer - Tomcat started on port 8084 (http) with context path '/'
2025-12-05 16:50:26 INFO  o.a.k.c.consumer.ConsumerConfig - ConsumerConfig values: 
	allow.auto.create.topics = true
	auto.commit.interval.ms = 5000
	auto.include.jmx.reporter = true
	auto.offset.reset = latest
	bootstrap.servers = [kafka:9092]
	check.crcs = true
	client.dns.lookup = use_all_dns_ips
	client.id = consumer-recon-group-4
	client.rack = 
	connections.max.idle.ms = 540000
	default.api.timeout.ms = 60000
	enable.auto.commit = false
	enable.metrics.push = true
	exclude.internal.topics = true
	fetch.max.bytes = 52428800
	fetch.max.wait.ms = 500
	fetch.min.bytes = 1
	group.id = recon-group
	group.instance.id = null
	group.protocol = classic
	group.remote.assignor = null
	heartbeat.interval.ms = 3000
	interceptor.classes = []
	internal.leave.group.on.close = true
	internal.throw.on.fetch.stable.offset.unsupported = false
	isolation.level = read_uncommitted
	key.deserializer = class org.apache.kafka.common.serialization.StringDeserializer
	max.partition.fetch.bytes = 1048576
	max.poll.interval.ms = 300000
	max.poll.records = 500
	metadata.max.age.ms = 300000
	metadata.recovery.strategy = none
	metric.reporters = []
	metrics.num.samples = 2
	metrics.recording.level = INFO
	metrics.sample.window.ms = 30000
	partition.assignment.strategy = [class org.apache.kafka.clients.consumer.RangeAssignor, class org.apache.kafka.clients.consumer.CooperativeStickyAssignor]
	receive.buffer.bytes = 65536
	reconnect.backoff.max.ms = 1000
	reconnect.backoff.ms = 50
	request.timeout.ms = 30000
	retry.backoff.max.ms = 1000
	retry.backoff.ms = 100
	sasl.client.callback.handler.class = null
	sasl.jaas.config = null
	sasl.kerberos.kinit.cmd = /usr/bin/kinit
	sasl.kerberos.min.time.before.relogin = 60000
	sasl.kerberos.service.name = null
	sasl.kerberos.ticket.renew.jitter = 0.05
	sasl.kerberos.ticket.renew.window.factor = 0.8
	sasl.login.callback.handler.class = null
	sasl.login.class = null
	sasl.login.connect.timeout.ms = null
	sasl.login.read.timeout.ms = null
	sasl.login.refresh.buffer.seconds = 300
	sasl.login.refresh.min.period.seconds = 60
	sasl.login.refresh.window.factor = 0.8
	sasl.login.refresh.window.jitter = 0.05
	sasl.login.retry.backoff.max.ms = 10000
	sasl.login.retry.backoff.ms = 100
	sasl.mechanism = GSSAPI
	sasl.oauthbearer.clock.skew.seconds = 30
	sasl.oauthbearer.expected.audience = null
	sasl.oauthbearer.expected.issuer = null
	sasl.oauthbearer.header.urlencode = false
	sasl.oauthbearer.jwks.endpoint.refresh.ms = 3600000
	sasl.oauthbearer.jwks.endpoint.retry.backoff.max.ms = 10000
	sasl.oauthbearer.jwks.endpoint.retry.backoff.ms = 100
	sasl.oauthbearer.jwks.endpoint.url = null
	sasl.oauthbearer.scope.claim.name = scope
	sasl.oauthbearer.sub.claim.name = sub
	sasl.oauthbearer.token.endpoint.url = null
	security.protocol = PLAINTEXT
	security.providers = null
	send.buffer.bytes = 131072
	session.timeout.ms = 45000
	socket.connection.setup.timeout.max.ms = 30000
	socket.connection.setup.timeout.ms = 10000
	ssl.cipher.suites = null
	ssl.enabled.protocols = [TLSv1.2, TLSv1.3]
	ssl.endpoint.identification.algorithm = https
	ssl.engine.factory.class = null
	ssl.key.password = null
	ssl.keymanager.algorithm = SunX509
	ssl.keystore.certificate.chain = null
	ssl.keystore.key = null
	ssl.keystore.location = null
	ssl.keystore.password = null
	ssl.keystore.type = JKS
	ssl.protocol = TLSv1.3
	ssl.provider = null
	ssl.secure.random.implementation = null
	ssl.trustmanager.algorithm = PKIX
	ssl.truststore.certificates = null
	ssl.truststore.location = null
	ssl.truststore.password = null
	ssl.truststore.type = JKS
	value.deserializer = class org.springframework.kafka.support.serializer.JsonDeserializer

2025-12-05 16:50:26 INFO  o.a.k.c.t.i.KafkaMetricsCollector - initializing Kafka metrics collector
2025-12-05 16:50:26 INFO  o.a.k.c.consumer.ConsumerConfig - These configurations '[spring.json.trusted.packages, spring.json.use.type.headers]' were supplied but are not used yet.
2025-12-05 16:50:26 INFO  o.a.kafka.common.utils.AppInfoParser - Kafka version: 3.9.1
2025-12-05 16:50:26 INFO  o.a.kafka.common.utils.AppInfoParser - Kafka commitId: f745dfdcee2b9851
2025-12-05 16:50:26 INFO  o.a.kafka.common.utils.AppInfoParser - Kafka startTimeMs: 1764953426570
2025-12-05 16:50:26 INFO  o.a.k.c.c.i.ClassicKafkaConsumer - [Consumer clientId=consumer-recon-group-4, groupId=recon-group] Subscribed to topic(s): normalized-transactions
2025-12-05 16:50:26 INFO  org.apache.kafka.clients.Metadata - [Consumer clientId=consumer-recon-group-4, groupId=recon-group] Cluster ID: -Ev3b8JLS_uTHl36QpBdMw
2025-12-05 16:50:26 INFO  o.a.k.c.c.i.ConsumerCoordinator - [Consumer clientId=consumer-recon-group-4, groupId=recon-group] Discovered group coordinator kafka:9092 (id: 2147483646 rack: null)
2025-12-05 16:50:26 INFO  c.P.U.r.s.ReconciliationService - Starting reconciliation process
2025-12-05 16:50:26 INFO  o.a.k.c.c.i.ConsumerCoordinator - [Consumer clientId=consumer-recon-group-4, groupId=recon-group] (Re-)joining group
2025-12-05 16:50:26 INFO  c.P.U.recon.ReconServiceApplication - Started ReconServiceApplication in 8.628 seconds (process running for 2889.674)
2025-12-05 16:50:26 INFO  o.s.b.d.a.ConditionEvaluationDeltaLoggingListener - Condition evaluation unchanged
2025-12-05 16:50:26 INFO  o.a.k.c.c.i.ConsumerCoordinator - [Consumer clientId=consumer-recon-group-4, groupId=recon-group] Request joining group due to: need to re-join with the given member-id: consumer-recon-group-4-1fc2f7fc-83c9-4772-98c4-a723d1dc4b89
2025-12-05 16:50:26 INFO  o.a.k.c.c.i.ConsumerCoordinator - [Consumer clientId=consumer-recon-group-4, groupId=recon-group] (Re-)joining group
2025-12-05 16:50:26 INFO  c.P.U.r.s.NormalizedTransactionService - Fetched 1 normalized transactions from DB
2025-12-05 16:50:26 INFO  c.P.U.r.s.ReconciliationService - Fetched 1 normalized transactions for reconciliation
2025-12-05 16:50:27 INFO  c.P.U.r.s.ReconciliationService - Saved reconciliation result to DB. normalizedKey=afif@upi|rahul@upi|100.00|2024-12-10T10:15:30, status=UNKNOWN_SOURCE
2025-12-05 16:50:27 INFO  c.P.U.r.s.ReconciliationService - Publishing: normalizedKey=afif@upi|rahul@upi|100.00|2024-12-10T10:15:30, amount=100.00, status=UNKNOWN_SOURCE
2025-12-05 16:50:27 INFO  o.a.k.c.producer.ProducerConfig - ProducerConfig values: 
	acks = -1
	auto.include.jmx.reporter = true
	batch.size = 16384
	bootstrap.servers = [kafka:9092]
	buffer.memory = 33554432
	client.dns.lookup = use_all_dns_ips
	client.id = producer-1
	compression.gzip.level = -1
	compression.lz4.level = 9
	compression.type = none
	compression.zstd.level = 3
	connections.max.idle.ms = 540000
	delivery.timeout.ms = 120000
	enable.idempotence = true
	enable.metrics.push = true
	interceptor.classes = []
	key.serializer = class org.apache.kafka.common.serialization.StringSerializer
	linger.ms = 0
	max.block.ms = 60000
	max.in.flight.requests.per.connection = 5
	max.request.size = 1048576
	metadata.max.age.ms = 300000
	metadata.max.idle.ms = 300000
	metadata.recovery.strategy = none
	metric.reporters = []
	metrics.num.samples = 2
	metrics.recording.level = INFO
	metrics.sample.window.ms = 30000
	partitioner.adaptive.partitioning.enable = true
	partitioner.availability.timeout.ms = 0
	partitioner.class = null
	partitioner.ignore.keys = false
	receive.buffer.bytes = 32768
	reconnect.backoff.max.ms = 1000
	reconnect.backoff.ms = 50
	request.timeout.ms = 30000
	retries = 2147483647
	retry.backoff.max.ms = 1000
	retry.backoff.ms = 100
	sasl.client.callback.handler.class = null
	sasl.jaas.config = null
	sasl.kerberos.kinit.cmd = /usr/bin/kinit
	sasl.kerberos.min.time.before.relogin = 60000
	sasl.kerberos.service.name = null
	sasl.kerberos.ticket.renew.jitter = 0.05
	sasl.kerberos.ticket.renew.window.factor = 0.8
	sasl.login.callback.handler.class = null
	sasl.login.class = null
	sasl.login.connect.timeout.ms = null
	sasl.login.read.timeout.ms = null
	sasl.login.refresh.buffer.seconds = 300
	sasl.login.refresh.min.period.seconds = 60
	sasl.login.refresh.window.factor = 0.8
	sasl.login.refresh.window.jitter = 0.05
	sasl.login.retry.backoff.max.ms = 10000
	sasl.login.retry.backoff.ms = 100
	sasl.mechanism = GSSAPI
	sasl.oauthbearer.clock.skew.seconds = 30
	sasl.oauthbearer.expected.audience = null
	sasl.oauthbearer.expected.issuer = null
	sasl.oauthbearer.header.urlencode = false
	sasl.oauthbearer.jwks.endpoint.refresh.ms = 3600000
	sasl.oauthbearer.jwks.endpoint.retry.backoff.max.ms = 10000
	sasl.oauthbearer.jwks.endpoint.retry.backoff.ms = 100
	sasl.oauthbearer.jwks.endpoint.url = null
	sasl.oauthbearer.scope.claim.name = scope
	sasl.oauthbearer.sub.claim.name = sub
	sasl.oauthbearer.token.endpoint.url = null
	security.protocol = PLAINTEXT
	security.providers = null
	send.buffer.bytes = 131072
	socket.connection.setup.timeout.max.ms = 30000
	socket.connection.setup.timeout.ms = 10000
	ssl.cipher.suites = null
	ssl.enabled.protocols = [TLSv1.2, TLSv1.3]
	ssl.endpoint.identification.algorithm = https
	ssl.engine.factory.class = null
	ssl.key.password = null
	ssl.keymanager.algorithm = SunX509
	ssl.keystore.certificate.chain = null
	ssl.keystore.key = null
	ssl.keystore.location = null
	ssl.keystore.password = null
	ssl.keystore.type = JKS
	ssl.protocol = TLSv1.3
	ssl.provider = null
	ssl.secure.random.implementation = null
	ssl.trustmanager.algorithm = PKIX
	ssl.truststore.certificates = null
	ssl.truststore.location = null
	ssl.truststore.password = null
	ssl.truststore.type = JKS
	transaction.timeout.ms = 60000
	transactional.id = null
	value.serializer = class org.springframework.kafka.support.serializer.JsonSerializer

2025-12-05 16:50:27 INFO  o.a.k.c.t.i.KafkaMetricsCollector - initializing Kafka metrics collector
2025-12-05 16:50:27 INFO  o.a.k.clients.producer.KafkaProducer - [Producer clientId=producer-1] Instantiated an idempotent producer.
2025-12-05 16:50:27 INFO  o.a.kafka.common.utils.AppInfoParser - Kafka version: 3.9.1
2025-12-05 16:50:27 INFO  o.a.kafka.common.utils.AppInfoParser - Kafka commitId: f745dfdcee2b9851
2025-12-05 16:50:27 INFO  o.a.kafka.common.utils.AppInfoParser - Kafka startTimeMs: 1764953427258
2025-12-05 16:50:27 INFO  org.apache.kafka.clients.Metadata - [Producer clientId=producer-1] Cluster ID: -Ev3b8JLS_uTHl36QpBdMw
2025-12-05 16:50:27 INFO  o.a.k.c.p.i.TransactionManager - [Producer clientId=producer-1] ProducerId set to 4 with epoch 0
2025-12-05 16:50:27 INFO  c.P.U.r.s.ReconciliationService - Published reconciliation result to Kafka. normalizedKey=afif@upi|rahul@upi|100.00|2024-12-10T10:15:30
2025-12-05 16:50:27 INFO  c.P.U.r.s.ReconciliationService - Reconciliation process completed successfully
2025-12-05 16:50:29 INFO  o.a.k.c.c.i.ConsumerCoordinator - [Consumer clientId=consumer-recon-group-4, groupId=recon-group] Successfully joined group with generation Generation{generationId=7, memberId='consumer-recon-group-4-1fc2f7fc-83c9-4772-98c4-a723d1dc4b89', protocol='range'}
2025-12-05 16:50:29 INFO  o.a.k.c.c.i.ConsumerCoordinator - [Consumer clientId=consumer-recon-group-4, groupId=recon-group] Finished assignment for group at generation 7: {consumer-recon-group-4-1fc2f7fc-83c9-4772-98c4-a723d1dc4b89=Assignment(partitions=[normalized-transactions-0])}
2025-12-05 16:50:29 INFO  o.a.k.c.c.i.ConsumerCoordinator - [Consumer clientId=consumer-recon-group-4, groupId=recon-group] Successfully synced group in generation Generation{generationId=7, memberId='consumer-recon-group-4-1fc2f7fc-83c9-4772-98c4-a723d1dc4b89', protocol='range'}
2025-12-05 16:50:29 INFO  o.a.k.c.c.i.ConsumerCoordinator - [Consumer clientId=consumer-recon-group-4, groupId=recon-group] Notifying assignor about the new Assignment(partitions=[normalized-transactions-0])
2025-12-05 16:50:29 INFO  o.a.k.c.c.i.ConsumerRebalanceListenerInvoker - [Consumer clientId=consumer-recon-group-4, groupId=recon-group] Adding newly assigned partitions: normalized-transactions-0
2025-12-05 16:50:29 INFO  o.a.k.c.c.internals.ConsumerUtils - Setting offset for partition normalized-transactions-0 to the committed offset FetchPosition{offset=1, offsetEpoch=Optional.empty, currentLeader=LeaderAndEpoch{leader=Optional[kafka:9092 (id: 1 rack: null)], epoch=0}}
2025-12-05 16:50:29 INFO  o.s.k.l.KafkaMessageListenerContainer - recon-group: partitions assigned: [normalized-transactions-0]
2025-12-05 16:52:13 INFO  o.s.b.d.a.LocalDevToolsAutoConfiguration$RestartingClassPathChangeChangedEventListener - Restarting due to 1 class path change (0 additions, 0 deletions, 1 modification)
2025-12-05 16:52:14 INFO  o.a.k.c.c.i.ConsumerRebalanceListenerInvoker - [Consumer clientId=consumer-recon-group-4, groupId=recon-group] Revoke previously assigned partitions normalized-transactions-0
2025-12-05 16:52:14 INFO  o.s.k.l.KafkaMessageListenerContainer - recon-group: partitions revoked: [normalized-transactions-0]
2025-12-05 16:52:14 INFO  o.a.k.c.c.i.ConsumerCoordinator - [Consumer clientId=consumer-recon-group-4, groupId=recon-group] Member consumer-recon-group-4-1fc2f7fc-83c9-4772-98c4-a723d1dc4b89 sending LeaveGroup request to coordinator kafka:9092 (id: 2147483646 rack: null) due to the consumer unsubscribed from all topics
2025-12-05 16:52:14 INFO  o.a.k.c.c.i.ConsumerCoordinator - [Consumer clientId=consumer-recon-group-4, groupId=recon-group] Resetting generation and member id due to: consumer pro-actively leaving the group
2025-12-05 16:52:14 INFO  o.a.k.c.c.i.ConsumerCoordinator - [Consumer clientId=consumer-recon-group-4, groupId=recon-group] Request joining group due to: consumer pro-actively leaving the group
2025-12-05 16:52:14 INFO  o.a.k.c.c.i.ClassicKafkaConsumer - [Consumer clientId=consumer-recon-group-4, groupId=recon-group] Unsubscribed all topics or patterns and assigned partitions
2025-12-05 16:52:14 INFO  o.a.k.c.c.i.ConsumerCoordinator - [Consumer clientId=consumer-recon-group-4, groupId=recon-group] Resetting generation and member id due to: consumer pro-actively leaving the group
2025-12-05 16:52:14 INFO  o.a.k.c.c.i.ConsumerCoordinator - [Consumer clientId=consumer-recon-group-4, groupId=recon-group] Request joining group due to: consumer pro-actively leaving the group
2025-12-05 16:52:15 INFO  o.a.kafka.common.metrics.Metrics - Metrics scheduler closed
2025-12-05 16:52:15 INFO  o.a.kafka.common.metrics.Metrics - Closing reporter org.apache.kafka.common.metrics.JmxReporter
2025-12-05 16:52:15 INFO  o.a.kafka.common.metrics.Metrics - Closing reporter org.apache.kafka.common.telemetry.internals.ClientTelemetryReporter
2025-12-05 16:52:15 INFO  o.a.kafka.common.metrics.Metrics - Metrics reporters closed
2025-12-05 16:52:15 INFO  o.a.kafka.common.utils.AppInfoParser - App info kafka.consumer for consumer-recon-group-4 unregistered
2025-12-05 16:52:15 INFO  o.s.k.l.KafkaMessageListenerContainer - recon-group: Consumer stopped
2025-12-05 16:52:15 INFO  o.s.b.w.e.tomcat.GracefulShutdown - Commencing graceful shutdown. Waiting for active requests to complete
2025-12-05 16:52:15 INFO  o.a.coyote.http11.Http11NioProtocol - Pausing ProtocolHandler ["http-nio-8084"]
2025-12-05 16:52:15 INFO  o.s.b.w.e.tomcat.GracefulShutdown - Graceful shutdown complete
2025-12-05 16:52:15 INFO  o.a.coyote.http11.Http11NioProtocol - Stopping ProtocolHandler ["http-nio-8084"]
2025-12-05 16:52:15 INFO  o.a.k.clients.producer.KafkaProducer - [Producer clientId=producer-1] Closing the Kafka producer with timeoutMillis = 30000 ms.
2025-12-05 16:52:15 INFO  o.a.kafka.common.metrics.Metrics - Metrics scheduler closed
2025-12-05 16:52:16 INFO  o.a.kafka.common.metrics.Metrics - Closing reporter org.apache.kafka.common.metrics.JmxReporter
2025-12-05 16:52:16 INFO  o.a.kafka.common.metrics.Metrics - Closing reporter org.apache.kafka.common.telemetry.internals.ClientTelemetryReporter
2025-12-05 16:52:16 INFO  o.a.kafka.common.metrics.Metrics - Metrics reporters closed
2025-12-05 16:52:16 INFO  o.a.kafka.common.utils.AppInfoParser - App info kafka.producer for producer-1 unregistered
2025-12-05 16:52:16 INFO  o.s.o.j.LocalContainerEntityManagerFactoryBean - Closing JPA EntityManagerFactory for persistence unit 'default'
2025-12-05 16:52:16 INFO  com.zaxxer.hikari.HikariDataSource - HikariPool-4 - Shutdown initiated...
2025-12-05 16:52:16 INFO  com.zaxxer.hikari.HikariDataSource - HikariPool-4 - Shutdown completed.
2025-12-05 16:52:27 INFO  c.P.U.recon.ReconServiceApplication - Starting ReconServiceApplication using Java 17.0.17 with PID 50 (/app/target/classes started by root in /app)
2025-12-05 16:52:27 INFO  c.P.U.recon.ReconServiceApplication - No active profile set, falling back to 1 default profile: "default"
2025-12-05 16:52:41 INFO  o.s.d.r.c.RepositoryConfigurationDelegate - Bootstrapping Spring Data JPA repositories in DEFAULT mode.
2025-12-05 16:52:42 INFO  o.s.d.r.c.RepositoryConfigurationDelegate - Finished Spring Data repository scanning in 952 ms. Found 2 JPA repository interfaces.
2025-12-05 16:52:44 INFO  o.s.b.w.e.tomcat.TomcatWebServer - Tomcat initialized with port 8084 (http)
2025-12-05 16:52:44 INFO  o.a.coyote.http11.Http11NioProtocol - Initializing ProtocolHandler ["http-nio-8084"]
2025-12-05 16:52:44 INFO  o.a.catalina.core.StandardService - Starting service [Tomcat]
2025-12-05 16:52:44 INFO  o.a.catalina.core.StandardEngine - Starting Servlet engine: [Apache Tomcat/10.1.42]
2025-12-05 16:52:44 INFO  o.a.c.c.C.[Tomcat].[localhost].[/] - Initializing Spring embedded WebApplicationContext
2025-12-05 16:52:44 INFO  o.s.b.w.s.c.ServletWebServerApplicationContext - Root WebApplicationContext: initialization completed in 17005 ms
2025-12-05 16:52:45 INFO  o.h.jpa.internal.util.LogHelper - HHH000204: Processing PersistenceUnitInfo [name: default]
2025-12-05 16:52:45 INFO  o.h.c.i.RegionFactoryInitiator - HHH000026: Second-level cache disabled
2025-12-05 16:52:45 INFO  o.s.o.j.p.SpringPersistenceUnitInfo - No LoadTimeWeaver setup: ignoring JPA class transformer
2025-12-05 16:52:45 INFO  com.zaxxer.hikari.HikariDataSource - HikariPool-5 - Starting...
2025-12-05 16:52:46 INFO  com.zaxxer.hikari.pool.HikariPool - HikariPool-5 - Added connection org.postgresql.jdbc.PgConnection@4fd030d5
2025-12-05 16:52:46 INFO  com.zaxxer.hikari.HikariDataSource - HikariPool-5 - Start completed.
2025-12-05 16:52:46 WARN  org.hibernate.orm.deprecation - HHH90000025: PostgreSQLDialect does not need to be specified explicitly using 'hibernate.dialect' (remove the property setting and it will be selected by default)
2025-12-05 16:52:46 INFO  o.hibernate.orm.connections.pooling - HHH10001005: Database info:
	Database JDBC URL [Connecting through datasource 'HikariDataSource (HikariPool-5)']
	Database driver: undefined/unknown
	Database version: 15.13
	Autocommit mode: undefined/unknown
	Isolation level: undefined/unknown
	Minimum pool size: undefined/unknown
	Maximum pool size: undefined/unknown
2025-12-05 16:52:48 INFO  o.h.e.t.j.p.i.JtaPlatformInitiator - HHH000489: No JTA platform available (set 'hibernate.transaction.jta.platform' to enable JTA platform integration)
2025-12-05 16:52:48 INFO  o.s.o.j.LocalContainerEntityManagerFactoryBean - Initialized JPA EntityManagerFactory for persistence unit 'default'
2025-12-05 16:52:50 WARN  o.s.b.a.o.j.JpaBaseConfiguration$JpaWebConfiguration - spring.jpa.open-in-view is enabled by default. Therefore, database queries may be performed during view rendering. Explicitly configure spring.jpa.open-in-view to disable this warning
2025-12-05 16:52:52 INFO  o.s.b.d.a.OptionalLiveReloadServer - LiveReload server is running on port 35729
2025-12-05 16:52:52 INFO  o.a.coyote.http11.Http11NioProtocol - Starting ProtocolHandler ["http-nio-8084"]
2025-12-05 16:52:52 INFO  o.s.b.w.e.tomcat.TomcatWebServer - Tomcat started on port 8084 (http) with context path '/'
2025-12-05 16:52:52 INFO  o.a.k.c.consumer.ConsumerConfig - ConsumerConfig values: 
	allow.auto.create.topics = true
	auto.commit.interval.ms = 5000
	auto.include.jmx.reporter = true
	auto.offset.reset = latest
	bootstrap.servers = [kafka:9092]
	check.crcs = true
	client.dns.lookup = use_all_dns_ips
	client.id = consumer-recon-group-5
	client.rack = 
	connections.max.idle.ms = 540000
	default.api.timeout.ms = 60000
	enable.auto.commit = false
	enable.metrics.push = true
	exclude.internal.topics = true
	fetch.max.bytes = 52428800
	fetch.max.wait.ms = 500
	fetch.min.bytes = 1
	group.id = recon-group
	group.instance.id = null
	group.protocol = classic
	group.remote.assignor = null
	heartbeat.interval.ms = 3000
	interceptor.classes = []
	internal.leave.group.on.close = true
	internal.throw.on.fetch.stable.offset.unsupported = false
	isolation.level = read_uncommitted
	key.deserializer = class org.apache.kafka.common.serialization.StringDeserializer
	max.partition.fetch.bytes = 1048576
	max.poll.interval.ms = 300000
	max.poll.records = 500
	metadata.max.age.ms = 300000
	metadata.recovery.strategy = none
	metric.reporters = []
	metrics.num.samples = 2
	metrics.recording.level = INFO
	metrics.sample.window.ms = 30000
	partition.assignment.strategy = [class org.apache.kafka.clients.consumer.RangeAssignor, class org.apache.kafka.clients.consumer.CooperativeStickyAssignor]
	receive.buffer.bytes = 65536
	reconnect.backoff.max.ms = 1000
	reconnect.backoff.ms = 50
	request.timeout.ms = 30000
	retry.backoff.max.ms = 1000
	retry.backoff.ms = 100
	sasl.client.callback.handler.class = null
	sasl.jaas.config = null
	sasl.kerberos.kinit.cmd = /usr/bin/kinit
	sasl.kerberos.min.time.before.relogin = 60000
	sasl.kerberos.service.name = null
	sasl.kerberos.ticket.renew.jitter = 0.05
	sasl.kerberos.ticket.renew.window.factor = 0.8
	sasl.login.callback.handler.class = null
	sasl.login.class = null
	sasl.login.connect.timeout.ms = null
	sasl.login.read.timeout.ms = null
	sasl.login.refresh.buffer.seconds = 300
	sasl.login.refresh.min.period.seconds = 60
	sasl.login.refresh.window.factor = 0.8
	sasl.login.refresh.window.jitter = 0.05
	sasl.login.retry.backoff.max.ms = 10000
	sasl.login.retry.backoff.ms = 100
	sasl.mechanism = GSSAPI
	sasl.oauthbearer.clock.skew.seconds = 30
	sasl.oauthbearer.expected.audience = null
	sasl.oauthbearer.expected.issuer = null
	sasl.oauthbearer.header.urlencode = false
	sasl.oauthbearer.jwks.endpoint.refresh.ms = 3600000
	sasl.oauthbearer.jwks.endpoint.retry.backoff.max.ms = 10000
	sasl.oauthbearer.jwks.endpoint.retry.backoff.ms = 100
	sasl.oauthbearer.jwks.endpoint.url = null
	sasl.oauthbearer.scope.claim.name = scope
	sasl.oauthbearer.sub.claim.name = sub
	sasl.oauthbearer.token.endpoint.url = null
	security.protocol = PLAINTEXT
	security.providers = null
	send.buffer.bytes = 131072
	session.timeout.ms = 45000
	socket.connection.setup.timeout.max.ms = 30000
	socket.connection.setup.timeout.ms = 10000
	ssl.cipher.suites = null
	ssl.enabled.protocols = [TLSv1.2, TLSv1.3]
	ssl.endpoint.identification.algorithm = https
	ssl.engine.factory.class = null
	ssl.key.password = null
	ssl.keymanager.algorithm = SunX509
	ssl.keystore.certificate.chain = null
	ssl.keystore.key = null
	ssl.keystore.location = null
	ssl.keystore.password = null
	ssl.keystore.type = JKS
	ssl.protocol = TLSv1.3
	ssl.provider = null
	ssl.secure.random.implementation = null
	ssl.trustmanager.algorithm = PKIX
	ssl.truststore.certificates = null
	ssl.truststore.location = null
	ssl.truststore.password = null
	ssl.truststore.type = JKS
	value.deserializer = class org.springframework.kafka.support.serializer.JsonDeserializer

2025-12-05 16:52:52 INFO  o.a.k.c.t.i.KafkaMetricsCollector - initializing Kafka metrics collector
2025-12-05 16:52:53 INFO  o.a.k.c.consumer.ConsumerConfig - These configurations '[spring.json.trusted.packages, spring.json.use.type.headers]' were supplied but are not used yet.
2025-12-05 16:52:53 INFO  o.a.kafka.common.utils.AppInfoParser - Kafka version: 3.9.1
2025-12-05 16:52:53 INFO  o.a.kafka.common.utils.AppInfoParser - Kafka commitId: f745dfdcee2b9851
2025-12-05 16:52:53 INFO  o.a.kafka.common.utils.AppInfoParser - Kafka startTimeMs: 1764953573034
2025-12-05 16:52:53 INFO  o.a.k.c.c.i.ClassicKafkaConsumer - [Consumer clientId=consumer-recon-group-5, groupId=recon-group] Subscribed to topic(s): normalized-transactions
2025-12-05 16:52:53 INFO  c.P.U.recon.ReconServiceApplication - Started ReconServiceApplication in 28.451 seconds (process running for 3036.217)
2025-12-05 16:52:53 INFO  c.P.U.r.s.ReconciliationService - Starting reconciliation process
2025-12-05 16:52:53 INFO  o.s.b.d.a.ConditionEvaluationDeltaLoggingListener - Condition evaluation unchanged
2025-12-05 16:52:53 INFO  c.P.U.r.s.NormalizedTransactionService - Fetched 1 normalized transactions from DB
2025-12-05 16:52:53 INFO  c.P.U.r.s.ReconciliationService - Fetched 1 normalized transactions for reconciliation
2025-12-05 16:52:53 INFO  org.apache.kafka.clients.Metadata - [Consumer clientId=consumer-recon-group-5, groupId=recon-group] Cluster ID: -Ev3b8JLS_uTHl36QpBdMw
2025-12-05 16:52:53 INFO  o.a.k.c.c.i.ConsumerCoordinator - [Consumer clientId=consumer-recon-group-5, groupId=recon-group] Discovered group coordinator kafka:9092 (id: 2147483646 rack: null)
2025-12-05 16:52:53 INFO  o.a.k.c.c.i.ConsumerCoordinator - [Consumer clientId=consumer-recon-group-5, groupId=recon-group] (Re-)joining group
2025-12-05 16:52:53 INFO  c.P.U.r.s.ReconciliationService - Saved reconciliation result to DB. normalizedKey=afif@upi|rahul@upi|100.00|2024-12-10T10:15:30, status=UNKNOWN_SOURCE
2025-12-05 16:52:53 INFO  c.P.U.r.s.ReconciliationService - Publishing: normalizedKey=afif@upi|rahul@upi|100.00|2024-12-10T10:15:30, amount=100.00, status=UNKNOWN_SOURCE
2025-12-05 16:52:53 INFO  o.a.k.c.producer.ProducerConfig - ProducerConfig values: 
	acks = -1
	auto.include.jmx.reporter = true
	batch.size = 16384
	bootstrap.servers = [kafka:9092]
	buffer.memory = 33554432
	client.dns.lookup = use_all_dns_ips
	client.id = producer-2
	compression.gzip.level = -1
	compression.lz4.level = 9
	compression.type = none
	compression.zstd.level = 3
	connections.max.idle.ms = 540000
	delivery.timeout.ms = 120000
	enable.idempotence = true
	enable.metrics.push = true
	interceptor.classes = []
	key.serializer = class org.apache.kafka.common.serialization.StringSerializer
	linger.ms = 0
	max.block.ms = 60000
	max.in.flight.requests.per.connection = 5
	max.request.size = 1048576
	metadata.max.age.ms = 300000
	metadata.max.idle.ms = 300000
	metadata.recovery.strategy = none
	metric.reporters = []
	metrics.num.samples = 2
	metrics.recording.level = INFO
	metrics.sample.window.ms = 30000
	partitioner.adaptive.partitioning.enable = true
	partitioner.availability.timeout.ms = 0
	partitioner.class = null
	partitioner.ignore.keys = false
	receive.buffer.bytes = 32768
	reconnect.backoff.max.ms = 1000
	reconnect.backoff.ms = 50
	request.timeout.ms = 30000
	retries = 2147483647
	retry.backoff.max.ms = 1000
	retry.backoff.ms = 100
	sasl.client.callback.handler.class = null
	sasl.jaas.config = null
	sasl.kerberos.kinit.cmd = /usr/bin/kinit
	sasl.kerberos.min.time.before.relogin = 60000
	sasl.kerberos.service.name = null
	sasl.kerberos.ticket.renew.jitter = 0.05
	sasl.kerberos.ticket.renew.window.factor = 0.8
	sasl.login.callback.handler.class = null
	sasl.login.class = null
	sasl.login.connect.timeout.ms = null
	sasl.login.read.timeout.ms = null
	sasl.login.refresh.buffer.seconds = 300
	sasl.login.refresh.min.period.seconds = 60
	sasl.login.refresh.window.factor = 0.8
	sasl.login.refresh.window.jitter = 0.05
	sasl.login.retry.backoff.max.ms = 10000
	sasl.login.retry.backoff.ms = 100
	sasl.mechanism = GSSAPI
	sasl.oauthbearer.clock.skew.seconds = 30
	sasl.oauthbearer.expected.audience = null
	sasl.oauthbearer.expected.issuer = null
	sasl.oauthbearer.header.urlencode = false
	sasl.oauthbearer.jwks.endpoint.refresh.ms = 3600000
	sasl.oauthbearer.jwks.endpoint.retry.backoff.max.ms = 10000
	sasl.oauthbearer.jwks.endpoint.retry.backoff.ms = 100
	sasl.oauthbearer.jwks.endpoint.url = null
	sasl.oauthbearer.scope.claim.name = scope
	sasl.oauthbearer.sub.claim.name = sub
	sasl.oauthbearer.token.endpoint.url = null
	security.protocol = PLAINTEXT
	security.providers = null
	send.buffer.bytes = 131072
	socket.connection.setup.timeout.max.ms = 30000
	socket.connection.setup.timeout.ms = 10000
	ssl.cipher.suites = null
	ssl.enabled.protocols = [TLSv1.2, TLSv1.3]
	ssl.endpoint.identification.algorithm = https
	ssl.engine.factory.class = null
	ssl.key.password = null
	ssl.keymanager.algorithm = SunX509
	ssl.keystore.certificate.chain = null
	ssl.keystore.key = null
	ssl.keystore.location = null
	ssl.keystore.password = null
	ssl.keystore.type = JKS
	ssl.protocol = TLSv1.3
	ssl.provider = null
	ssl.secure.random.implementation = null
	ssl.trustmanager.algorithm = PKIX
	ssl.truststore.certificates = null
	ssl.truststore.location = null
	ssl.truststore.password = null
	ssl.truststore.type = JKS
	transaction.timeout.ms = 60000
	transactional.id = null
	value.serializer = class org.springframework.kafka.support.serializer.JsonSerializer

2025-12-05 16:52:53 INFO  o.a.k.c.t.i.KafkaMetricsCollector - initializing Kafka metrics collector
2025-12-05 16:52:53 INFO  o.a.k.c.c.i.ConsumerCoordinator - [Consumer clientId=consumer-recon-group-5, groupId=recon-group] Request joining group due to: need to re-join with the given member-id: consumer-recon-group-5-bbba11f3-4f46-4ca9-a926-d38a30d6c81c
2025-12-05 16:52:53 INFO  o.a.k.c.c.i.ConsumerCoordinator - [Consumer clientId=consumer-recon-group-5, groupId=recon-group] (Re-)joining group
2025-12-05 16:52:53 INFO  o.a.k.clients.producer.KafkaProducer - [Producer clientId=producer-2] Instantiated an idempotent producer.
2025-12-05 16:52:53 INFO  o.a.kafka.common.utils.AppInfoParser - Kafka version: 3.9.1
2025-12-05 16:52:53 INFO  o.a.kafka.common.utils.AppInfoParser - Kafka commitId: f745dfdcee2b9851
2025-12-05 16:52:53 INFO  o.a.kafka.common.utils.AppInfoParser - Kafka startTimeMs: 1764953573343
2025-12-05 16:52:53 INFO  org.apache.kafka.clients.Metadata - [Producer clientId=producer-2] Cluster ID: -Ev3b8JLS_uTHl36QpBdMw
2025-12-05 16:52:53 INFO  o.a.k.c.p.i.TransactionManager - [Producer clientId=producer-2] ProducerId set to 5 with epoch 0
2025-12-05 16:52:53 INFO  c.P.U.r.s.ReconciliationService - Published reconciliation result to Kafka. normalizedKey=afif@upi|rahul@upi|100.00|2024-12-10T10:15:30
2025-12-05 16:52:53 INFO  c.P.U.r.s.ReconciliationService - Reconciliation process completed successfully
2025-12-05 16:52:56 INFO  o.a.k.c.c.i.ConsumerCoordinator - [Consumer clientId=consumer-recon-group-5, groupId=recon-group] Successfully joined group with generation Generation{generationId=9, memberId='consumer-recon-group-5-bbba11f3-4f46-4ca9-a926-d38a30d6c81c', protocol='range'}
2025-12-05 16:52:56 INFO  o.a.k.c.c.i.ConsumerCoordinator - [Consumer clientId=consumer-recon-group-5, groupId=recon-group] Finished assignment for group at generation 9: {consumer-recon-group-5-bbba11f3-4f46-4ca9-a926-d38a30d6c81c=Assignment(partitions=[normalized-transactions-0])}
2025-12-05 16:52:56 INFO  o.a.k.c.c.i.ConsumerCoordinator - [Consumer clientId=consumer-recon-group-5, groupId=recon-group] Successfully synced group in generation Generation{generationId=9, memberId='consumer-recon-group-5-bbba11f3-4f46-4ca9-a926-d38a30d6c81c', protocol='range'}
2025-12-05 16:52:56 INFO  o.a.k.c.c.i.ConsumerCoordinator - [Consumer clientId=consumer-recon-group-5, groupId=recon-group] Notifying assignor about the new Assignment(partitions=[normalized-transactions-0])
2025-12-05 16:52:56 INFO  o.a.k.c.c.i.ConsumerRebalanceListenerInvoker - [Consumer clientId=consumer-recon-group-5, groupId=recon-group] Adding newly assigned partitions: normalized-transactions-0
2025-12-05 16:52:56 INFO  o.a.k.c.c.internals.ConsumerUtils - Setting offset for partition normalized-transactions-0 to the committed offset FetchPosition{offset=1, offsetEpoch=Optional.empty, currentLeader=LeaderAndEpoch{leader=Optional[kafka:9092 (id: 1 rack: null)], epoch=0}}
2025-12-05 16:52:56 INFO  o.s.k.l.KafkaMessageListenerContainer - recon-group: partitions assigned: [normalized-transactions-0]
2025-12-05 16:53:38 INFO  o.s.b.d.a.LocalDevToolsAutoConfiguration$RestartingClassPathChangeChangedEventListener - Restarting due to 1 class path change (0 additions, 0 deletions, 1 modification)
2025-12-05 16:53:38 INFO  o.a.k.c.c.i.ConsumerRebalanceListenerInvoker - [Consumer clientId=consumer-recon-group-5, groupId=recon-group] Revoke previously assigned partitions normalized-transactions-0
2025-12-05 16:53:38 INFO  o.s.k.l.KafkaMessageListenerContainer - recon-group: partitions revoked: [normalized-transactions-0]
2025-12-05 16:53:38 INFO  o.a.k.c.c.i.ConsumerCoordinator - [Consumer clientId=consumer-recon-group-5, groupId=recon-group] Member consumer-recon-group-5-bbba11f3-4f46-4ca9-a926-d38a30d6c81c sending LeaveGroup request to coordinator kafka:9092 (id: 2147483646 rack: null) due to the consumer unsubscribed from all topics
2025-12-05 16:53:38 INFO  o.a.k.c.c.i.ConsumerCoordinator - [Consumer clientId=consumer-recon-group-5, groupId=recon-group] Resetting generation and member id due to: consumer pro-actively leaving the group
2025-12-05 16:53:38 INFO  o.a.k.c.c.i.ConsumerCoordinator - [Consumer clientId=consumer-recon-group-5, groupId=recon-group] Request joining group due to: consumer pro-actively leaving the group
2025-12-05 16:53:38 INFO  o.a.k.c.c.i.ClassicKafkaConsumer - [Consumer clientId=consumer-recon-group-5, groupId=recon-group] Unsubscribed all topics or patterns and assigned partitions
2025-12-05 16:53:38 INFO  o.a.k.c.c.i.ConsumerCoordinator - [Consumer clientId=consumer-recon-group-5, groupId=recon-group] Resetting generation and member id due to: consumer pro-actively leaving the group
2025-12-05 16:53:38 INFO  o.a.k.c.c.i.ConsumerCoordinator - [Consumer clientId=consumer-recon-group-5, groupId=recon-group] Request joining group due to: consumer pro-actively leaving the group
2025-12-05 16:53:38 INFO  o.a.kafka.common.metrics.Metrics - Metrics scheduler closed
2025-12-05 16:53:38 INFO  o.a.kafka.common.metrics.Metrics - Closing reporter org.apache.kafka.common.metrics.JmxReporter
2025-12-05 16:53:38 INFO  o.a.kafka.common.metrics.Metrics - Closing reporter org.apache.kafka.common.telemetry.internals.ClientTelemetryReporter
2025-12-05 16:53:38 INFO  o.a.kafka.common.metrics.Metrics - Metrics reporters closed
2025-12-05 16:53:39 INFO  o.a.kafka.common.utils.AppInfoParser - App info kafka.consumer for consumer-recon-group-5 unregistered
2025-12-05 16:53:39 INFO  o.s.k.l.KafkaMessageListenerContainer - recon-group: Consumer stopped
2025-12-05 16:53:39 INFO  o.s.b.w.e.tomcat.GracefulShutdown - Commencing graceful shutdown. Waiting for active requests to complete
2025-12-05 16:53:39 INFO  o.a.coyote.http11.Http11NioProtocol - Pausing ProtocolHandler ["http-nio-8084"]
2025-12-05 16:53:39 INFO  o.s.b.w.e.tomcat.GracefulShutdown - Graceful shutdown complete
2025-12-05 16:53:39 INFO  o.a.coyote.http11.Http11NioProtocol - Stopping ProtocolHandler ["http-nio-8084"]
2025-12-05 16:53:39 INFO  o.a.k.clients.producer.KafkaProducer - [Producer clientId=producer-2] Closing the Kafka producer with timeoutMillis = 30000 ms.
2025-12-05 16:53:39 INFO  o.a.kafka.common.metrics.Metrics - Metrics scheduler closed
2025-12-05 16:53:39 INFO  o.a.kafka.common.metrics.Metrics - Closing reporter org.apache.kafka.common.metrics.JmxReporter
2025-12-05 16:53:39 INFO  o.a.kafka.common.metrics.Metrics - Closing reporter org.apache.kafka.common.telemetry.internals.ClientTelemetryReporter
2025-12-05 16:53:39 INFO  o.a.kafka.common.metrics.Metrics - Metrics reporters closed
2025-12-05 16:53:39 INFO  o.a.kafka.common.utils.AppInfoParser - App info kafka.producer for producer-2 unregistered
2025-12-05 16:53:39 INFO  o.s.o.j.LocalContainerEntityManagerFactoryBean - Closing JPA EntityManagerFactory for persistence unit 'default'
2025-12-05 16:53:39 INFO  com.zaxxer.hikari.HikariDataSource - HikariPool-5 - Shutdown initiated...
2025-12-05 16:53:39 INFO  com.zaxxer.hikari.HikariDataSource - HikariPool-5 - Shutdown completed.
2025-12-05 16:53:41 INFO  c.P.U.recon.ReconServiceApplication - Starting ReconServiceApplication using Java 17.0.17 with PID 50 (/app/target/classes started by root in /app)
2025-12-05 16:53:41 INFO  c.P.U.recon.ReconServiceApplication - No active profile set, falling back to 1 default profile: "default"
2025-12-05 16:53:47 INFO  o.s.d.r.c.RepositoryConfigurationDelegate - Bootstrapping Spring Data JPA repositories in DEFAULT mode.
2025-12-05 16:53:47 INFO  o.s.d.r.c.RepositoryConfigurationDelegate - Finished Spring Data repository scanning in 480 ms. Found 2 JPA repository interfaces.
2025-12-05 16:53:49 INFO  o.s.b.w.e.tomcat.TomcatWebServer - Tomcat initialized with port 8084 (http)
2025-12-05 16:53:49 INFO  o.a.coyote.http11.Http11NioProtocol - Initializing ProtocolHandler ["http-nio-8084"]
2025-12-05 16:53:49 INFO  o.a.catalina.core.StandardService - Starting service [Tomcat]
2025-12-05 16:53:49 INFO  o.a.catalina.core.StandardEngine - Starting Servlet engine: [Apache Tomcat/10.1.42]
2025-12-05 16:53:49 INFO  o.a.c.c.C.[Tomcat].[localhost].[/] - Initializing Spring embedded WebApplicationContext
2025-12-05 16:53:49 INFO  o.s.b.w.s.c.ServletWebServerApplicationContext - Root WebApplicationContext: initialization completed in 8177 ms
2025-12-05 16:53:49 INFO  o.h.jpa.internal.util.LogHelper - HHH000204: Processing PersistenceUnitInfo [name: default]
2025-12-05 16:53:49 INFO  o.h.c.i.RegionFactoryInitiator - HHH000026: Second-level cache disabled
2025-12-05 16:53:50 INFO  o.s.o.j.p.SpringPersistenceUnitInfo - No LoadTimeWeaver setup: ignoring JPA class transformer
2025-12-05 16:53:50 INFO  com.zaxxer.hikari.HikariDataSource - HikariPool-6 - Starting...
2025-12-05 16:53:50 INFO  com.zaxxer.hikari.pool.HikariPool - HikariPool-6 - Added connection org.postgresql.jdbc.PgConnection@10402d11
2025-12-05 16:53:50 INFO  com.zaxxer.hikari.HikariDataSource - HikariPool-6 - Start completed.
2025-12-05 16:53:50 WARN  org.hibernate.orm.deprecation - HHH90000025: PostgreSQLDialect does not need to be specified explicitly using 'hibernate.dialect' (remove the property setting and it will be selected by default)
2025-12-05 16:53:50 INFO  o.hibernate.orm.connections.pooling - HHH10001005: Database info:
	Database JDBC URL [Connecting through datasource 'HikariDataSource (HikariPool-6)']
	Database driver: undefined/unknown
	Database version: 15.13
	Autocommit mode: undefined/unknown
	Isolation level: undefined/unknown
	Minimum pool size: undefined/unknown
	Maximum pool size: undefined/unknown
2025-12-05 16:53:52 ERROR o.s.o.j.LocalContainerEntityManagerFactoryBean - Failed to initialize JPA EntityManagerFactory: [PersistenceUnit: default] Unable to build Hibernate SessionFactory; nested exception is org.hibernate.InstantiationException: Could not instantiate entity 'com.Project.UPIRecon.recon.entity.ReconciliationResult' due to: null
2025-12-05 16:53:52 WARN  o.s.b.w.s.c.AnnotationConfigServletWebServerApplicationContext - Exception encountered during context initialization - cancelling refresh attempt: org.springframework.beans.factory.BeanCreationException: Error creating bean with name 'entityManagerFactory' defined in class path resource [org/springframework/boot/autoconfigure/orm/jpa/HibernateJpaConfiguration.class]: [PersistenceUnit: default] Unable to build Hibernate SessionFactory; nested exception is org.hibernate.InstantiationException: Could not instantiate entity 'com.Project.UPIRecon.recon.entity.ReconciliationResult' due to: null
2025-12-05 16:53:52 INFO  com.zaxxer.hikari.HikariDataSource - HikariPool-6 - Shutdown initiated...
2025-12-05 16:53:52 INFO  com.zaxxer.hikari.HikariDataSource - HikariPool-6 - Shutdown completed.
2025-12-05 16:53:52 INFO  o.a.catalina.core.StandardService - Stopping service [Tomcat]
2025-12-05 16:53:52 INFO  o.s.b.a.l.ConditionEvaluationReportLogger - 

Error starting ApplicationContext. To display the condition evaluation report re-run your application with 'debug' enabled.
2025-12-05 16:53:52 ERROR o.s.boot.SpringApplication - Application run failed
org.springframework.beans.factory.BeanCreationException: Error creating bean with name 'entityManagerFactory' defined in class path resource [org/springframework/boot/autoconfigure/orm/jpa/HibernateJpaConfiguration.class]: [PersistenceUnit: default] Unable to build Hibernate SessionFactory; nested exception is org.hibernate.InstantiationException: Could not instantiate entity 'com.Project.UPIRecon.recon.entity.ReconciliationResult' due to: null
	at org.springframework.beans.factory.support.AbstractAutowireCapableBeanFactory.initializeBean(AbstractAutowireCapableBeanFactory.java:1826)
	at org.springframework.beans.factory.support.AbstractAutowireCapableBeanFactory.doCreateBean(AbstractAutowireCapableBeanFactory.java:607)
	at org.springframework.beans.factory.support.AbstractAutowireCapableBeanFactory.createBean(AbstractAutowireCapableBeanFactory.java:529)
	at org.springframework.beans.factory.support.AbstractBeanFactory.lambda$doGetBean$0(AbstractBeanFactory.java:339)
	at org.springframework.beans.factory.support.DefaultSingletonBeanRegistry.getSingleton(DefaultSingletonBeanRegistry.java:373)
	at org.springframework.beans.factory.support.AbstractBeanFactory.doGetBean(AbstractBeanFactory.java:337)
	at org.springframework.beans.factory.support.AbstractBeanFactory.getBean(AbstractBeanFactory.java:207)
	at org.springframework.context.support.AbstractApplicationContext.finishBeanFactoryInitialization(AbstractApplicationContext.java:970)
	at org.springframework.context.support.AbstractApplicationContext.refresh(AbstractApplicationContext.java:627)
	at org.springframework.boot.web.servlet.context.ServletWebServerApplicationContext.refresh(ServletWebServerApplicationContext.java:146)
	at org.springframework.boot.SpringApplication.refresh(SpringApplication.java:752)
	at org.springframework.boot.SpringApplication.refreshContext(SpringApplication.java:439)
	at org.springframework.boot.SpringApplication.run(SpringApplication.java:318)
	at org.springframework.boot.SpringApplication.run(SpringApplication.java:1361)
	at org.springframework.boot.SpringApplication.run(SpringApplication.java:1350)
	at com.Project.UPIRecon.recon.ReconServiceApplication.main(ReconServiceApplication.java:11)
	at java.base/jdk.internal.reflect.NativeMethodAccessorImpl.invoke0(Native Method)
	at java.base/jdk.internal.reflect.NativeMethodAccessorImpl.invoke(NativeMethodAccessorImpl.java:77)
	at java.base/jdk.internal.reflect.DelegatingMethodAccessorImpl.invoke(DelegatingMethodAccessorImpl.java:43)
	at java.base/java.lang.reflect.Method.invoke(Method.java:569)
	at org.springframework.boot.devtools.restart.RestartLauncher.run(RestartLauncher.java:50)
Caused by: jakarta.persistence.PersistenceException: [PersistenceUnit: default] Unable to build Hibernate SessionFactory; nested exception is org.hibernate.InstantiationException: Could not instantiate entity 'com.Project.UPIRecon.recon.entity.ReconciliationResult' due to: null
	at org.springframework.orm.jpa.AbstractEntityManagerFactoryBean.buildNativeEntityManagerFactory(AbstractEntityManagerFactoryBean.java:431)
	at org.springframework.orm.jpa.AbstractEntityManagerFactoryBean.afterPropertiesSet(AbstractEntityManagerFactoryBean.java:400)
	at org.springframework.orm.jpa.LocalContainerEntityManagerFactoryBean.afterPropertiesSet(LocalContainerEntityManagerFactoryBean.java:366)
	at org.springframework.beans.factory.support.AbstractAutowireCapableBeanFactory.invokeInitMethods(AbstractAutowireCapableBeanFactory.java:1873)
	at org.springframework.beans.factory.support.AbstractAutowireCapableBeanFactory.initializeBean(AbstractAutowireCapableBeanFactory.java:1822)
	... 20 common frames omitted
Caused by: org.hibernate.InstantiationException: Could not instantiate entity 'com.Project.UPIRecon.recon.entity.ReconciliationResult' due to: null
	at org.hibernate.metamodel.internal.EntityInstantiatorPojoStandard.instantiate(EntityInstantiatorPojoStandard.java:100)
	at org.hibernate.persister.entity.AbstractEntityPersister.lambda$prepareMappingModel$14(AbstractEntityPersister.java:5343)
	at org.hibernate.internal.util.LazyValue.getValue(LazyValue.java:30)
	at org.hibernate.engine.internal.UnsavedValueFactory.getUnsavedIdentifierValue(UnsavedValueFactory.java:49)
	at org.hibernate.metamodel.mapping.internal.BasicEntityIdentifierMappingImpl.<init>(BasicEntityIdentifierMappingImpl.java:119)
	at org.hibernate.persister.entity.AbstractEntityPersister.generateIdentifierMapping(AbstractEntityPersister.java:5712)
	at org.hibernate.persister.entity.AbstractEntityPersister.lambda$prepareMappingModel$15(AbstractEntityPersister.java:5348)
	at org.hibernate.metamodel.mapping.internal.MappingModelCreationProcess.processSubPart(MappingModelCreationProcess.java:163)
	at org.hibernate.persister.entity.AbstractEntityPersister.prepareMappingModel(AbstractEntityPersister.java:5346)
	at org.hibernate.persister.entity.AbstractEntityPersister.prepareMappingModel(AbstractEntityPersister.java:5192)
	at org.hibernate.metamodel.mapping.internal.MappingModelCreationProcess.execute(MappingModelCreationProcess.java:84)
	at org.hibernate.metamodel.mapping.internal.MappingModelCreationProcess.process(MappingModelCreationProcess.java:42)
	at org.hibernate.metamodel.model.domain.internal.MappingMetamodelImpl.finishInitialization(MappingMetamodelImpl.java:200)
	at org.hibernate.internal.SessionFactoryImpl.initializeMappingModel(SessionFactoryImpl.java:373)
	at org.hibernate.internal.SessionFactoryImpl.<init>(SessionFactoryImpl.java:302)
	at org.hibernate.boot.internal.SessionFactoryBuilderImpl.build(SessionFactoryBuilderImpl.java:463)
	at org.hibernate.jpa.boot.internal.EntityManagerFactoryBuilderImpl.build(EntityManagerFactoryBuilderImpl.java:1517)
	at org.springframework.orm.jpa.vendor.SpringHibernateJpaPersistenceProvider.createContainerEntityManagerFactory(SpringHibernateJpaPersistenceProvider.java:66)
	at org.springframework.orm.jpa.LocalContainerEntityManagerFactoryBean.createNativeEntityManagerFactory(LocalContainerEntityManagerFactoryBean.java:390)
	at org.springframework.orm.jpa.AbstractEntityManagerFactoryBean.buildNativeEntityManagerFactory(AbstractEntityManagerFactoryBean.java:419)
	... 24 common frames omitted
Caused by: java.lang.reflect.InvocationTargetException: null
	at java.base/jdk.internal.reflect.NativeConstructorAccessorImpl.newInstance0(Native Method)
	at java.base/jdk.internal.reflect.NativeConstructorAccessorImpl.newInstance(NativeConstructorAccessorImpl.java:77)
	at java.base/jdk.internal.reflect.DelegatingConstructorAccessorImpl.newInstance(DelegatingConstructorAccessorImpl.java:45)
	at java.base/java.lang.reflect.Constructor.newInstanceWithCaller(Constructor.java:500)
	at java.base/java.lang.reflect.Constructor.newInstance(Constructor.java:481)
	at org.hibernate.metamodel.internal.EntityInstantiatorPojoStandard.instantiate(EntityInstantiatorPojoStandard.java:97)
	... 43 common frames omitted
Caused by: java.lang.Error: Unresolved compilation problem: 
	GenericGenerator cannot be resolved to a type

	at com.Project.UPIRecon.recon.entity.ReconciliationResult.<init>(ReconciliationResult.java:18)
	... 49 common frames omitted
2025-12-05 16:54:53 INFO  c.P.U.recon.ReconServiceApplication - Starting ReconServiceApplication using Java 17.0.17 with PID 50 (/app/target/classes started by root in /app)
2025-12-05 16:54:53 INFO  c.P.U.recon.ReconServiceApplication - No active profile set, falling back to 1 default profile: "default"
2025-12-05 16:54:59 INFO  o.s.d.r.c.RepositoryConfigurationDelegate - Bootstrapping Spring Data JPA repositories in DEFAULT mode.
2025-12-05 16:55:00 INFO  o.s.d.r.c.RepositoryConfigurationDelegate - Finished Spring Data repository scanning in 949 ms. Found 2 JPA repository interfaces.
2025-12-05 16:55:02 INFO  o.s.b.w.e.tomcat.TomcatWebServer - Tomcat initialized with port 8084 (http)
2025-12-05 16:55:02 INFO  o.a.coyote.http11.Http11NioProtocol - Initializing ProtocolHandler ["http-nio-8084"]
2025-12-05 16:55:02 INFO  o.a.catalina.core.StandardService - Starting service [Tomcat]
2025-12-05 16:55:02 INFO  o.a.catalina.core.StandardEngine - Starting Servlet engine: [Apache Tomcat/10.1.42]
2025-12-05 16:55:02 INFO  o.a.c.c.C.[Tomcat-1].[localhost].[/] - Initializing Spring embedded WebApplicationContext
2025-12-05 16:55:02 INFO  o.s.b.w.s.c.ServletWebServerApplicationContext - Root WebApplicationContext: initialization completed in 9119 ms
2025-12-05 16:55:03 INFO  o.h.jpa.internal.util.LogHelper - HHH000204: Processing PersistenceUnitInfo [name: default]
2025-12-05 16:55:03 INFO  o.h.c.i.RegionFactoryInitiator - HHH000026: Second-level cache disabled
2025-12-05 16:55:03 INFO  o.s.o.j.p.SpringPersistenceUnitInfo - No LoadTimeWeaver setup: ignoring JPA class transformer
2025-12-05 16:55:03 INFO  com.zaxxer.hikari.HikariDataSource - HikariPool-7 - Starting...
2025-12-05 16:55:03 INFO  com.zaxxer.hikari.pool.HikariPool - HikariPool-7 - Added connection org.postgresql.jdbc.PgConnection@24c5b30e
2025-12-05 16:55:03 INFO  com.zaxxer.hikari.HikariDataSource - HikariPool-7 - Start completed.
2025-12-05 16:55:03 WARN  org.hibernate.orm.deprecation - HHH90000025: PostgreSQLDialect does not need to be specified explicitly using 'hibernate.dialect' (remove the property setting and it will be selected by default)
2025-12-05 16:55:03 INFO  o.hibernate.orm.connections.pooling - HHH10001005: Database info:
	Database JDBC URL [Connecting through datasource 'HikariDataSource (HikariPool-7)']
	Database driver: undefined/unknown
	Database version: 15.13
	Autocommit mode: undefined/unknown
	Isolation level: undefined/unknown
	Minimum pool size: undefined/unknown
	Maximum pool size: undefined/unknown
2025-12-05 16:55:04 INFO  o.h.e.t.j.p.i.JtaPlatformInitiator - HHH000489: No JTA platform available (set 'hibernate.transaction.jta.platform' to enable JTA platform integration)
2025-12-05 16:55:04 INFO  o.s.o.j.LocalContainerEntityManagerFactoryBean - Initialized JPA EntityManagerFactory for persistence unit 'default'
2025-12-05 16:55:05 WARN  o.s.b.a.o.j.JpaBaseConfiguration$JpaWebConfiguration - spring.jpa.open-in-view is enabled by default. Therefore, database queries may be performed during view rendering. Explicitly configure spring.jpa.open-in-view to disable this warning
2025-12-05 16:55:06 INFO  o.s.b.d.a.OptionalLiveReloadServer - LiveReload server is running on port 35729
2025-12-05 16:55:06 INFO  o.a.coyote.http11.Http11NioProtocol - Starting ProtocolHandler ["http-nio-8084"]
2025-12-05 16:55:06 INFO  o.s.b.w.e.tomcat.TomcatWebServer - Tomcat started on port 8084 (http) with context path '/'
2025-12-05 16:55:06 INFO  o.a.k.c.consumer.ConsumerConfig - ConsumerConfig values: 
	allow.auto.create.topics = true
	auto.commit.interval.ms = 5000
	auto.include.jmx.reporter = true
	auto.offset.reset = latest
	bootstrap.servers = [kafka:9092]
	check.crcs = true
	client.dns.lookup = use_all_dns_ips
	client.id = consumer-recon-group-6
	client.rack = 
	connections.max.idle.ms = 540000
	default.api.timeout.ms = 60000
	enable.auto.commit = false
	enable.metrics.push = true
	exclude.internal.topics = true
	fetch.max.bytes = 52428800
	fetch.max.wait.ms = 500
	fetch.min.bytes = 1
	group.id = recon-group
	group.instance.id = null
	group.protocol = classic
	group.remote.assignor = null
	heartbeat.interval.ms = 3000
	interceptor.classes = []
	internal.leave.group.on.close = true
	internal.throw.on.fetch.stable.offset.unsupported = false
	isolation.level = read_uncommitted
	key.deserializer = class org.apache.kafka.common.serialization.StringDeserializer
	max.partition.fetch.bytes = 1048576
	max.poll.interval.ms = 300000
	max.poll.records = 500
	metadata.max.age.ms = 300000
	metadata.recovery.strategy = none
	metric.reporters = []
	metrics.num.samples = 2
	metrics.recording.level = INFO
	metrics.sample.window.ms = 30000
	partition.assignment.strategy = [class org.apache.kafka.clients.consumer.RangeAssignor, class org.apache.kafka.clients.consumer.CooperativeStickyAssignor]
	receive.buffer.bytes = 65536
	reconnect.backoff.max.ms = 1000
	reconnect.backoff.ms = 50
	request.timeout.ms = 30000
	retry.backoff.max.ms = 1000
	retry.backoff.ms = 100
	sasl.client.callback.handler.class = null
	sasl.jaas.config = null
	sasl.kerberos.kinit.cmd = /usr/bin/kinit
	sasl.kerberos.min.time.before.relogin = 60000
	sasl.kerberos.service.name = null
	sasl.kerberos.ticket.renew.jitter = 0.05
	sasl.kerberos.ticket.renew.window.factor = 0.8
	sasl.login.callback.handler.class = null
	sasl.login.class = null
	sasl.login.connect.timeout.ms = null
	sasl.login.read.timeout.ms = null
	sasl.login.refresh.buffer.seconds = 300
	sasl.login.refresh.min.period.seconds = 60
	sasl.login.refresh.window.factor = 0.8
	sasl.login.refresh.window.jitter = 0.05
	sasl.login.retry.backoff.max.ms = 10000
	sasl.login.retry.backoff.ms = 100
	sasl.mechanism = GSSAPI
	sasl.oauthbearer.clock.skew.seconds = 30
	sasl.oauthbearer.expected.audience = null
	sasl.oauthbearer.expected.issuer = null
	sasl.oauthbearer.header.urlencode = false
	sasl.oauthbearer.jwks.endpoint.refresh.ms = 3600000
	sasl.oauthbearer.jwks.endpoint.retry.backoff.max.ms = 10000
	sasl.oauthbearer.jwks.endpoint.retry.backoff.ms = 100
	sasl.oauthbearer.jwks.endpoint.url = null
	sasl.oauthbearer.scope.claim.name = scope
	sasl.oauthbearer.sub.claim.name = sub
	sasl.oauthbearer.token.endpoint.url = null
	security.protocol = PLAINTEXT
	security.providers = null
	send.buffer.bytes = 131072
	session.timeout.ms = 45000
	socket.connection.setup.timeout.max.ms = 30000
	socket.connection.setup.timeout.ms = 10000
	ssl.cipher.suites = null
	ssl.enabled.protocols = [TLSv1.2, TLSv1.3]
	ssl.endpoint.identification.algorithm = https
	ssl.engine.factory.class = null
	ssl.key.password = null
	ssl.keymanager.algorithm = SunX509
	ssl.keystore.certificate.chain = null
	ssl.keystore.key = null
	ssl.keystore.location = null
	ssl.keystore.password = null
	ssl.keystore.type = JKS
	ssl.protocol = TLSv1.3
	ssl.provider = null
	ssl.secure.random.implementation = null
	ssl.trustmanager.algorithm = PKIX
	ssl.truststore.certificates = null
	ssl.truststore.location = null
	ssl.truststore.password = null
	ssl.truststore.type = JKS
	value.deserializer = class org.springframework.kafka.support.serializer.JsonDeserializer

2025-12-05 16:55:06 INFO  o.a.k.c.t.i.KafkaMetricsCollector - initializing Kafka metrics collector
2025-12-05 16:55:06 INFO  o.a.k.c.consumer.ConsumerConfig - These configurations '[spring.json.trusted.packages, spring.json.use.type.headers]' were supplied but are not used yet.
2025-12-05 16:55:06 INFO  o.a.kafka.common.utils.AppInfoParser - Kafka version: 3.9.1
2025-12-05 16:55:06 INFO  o.a.kafka.common.utils.AppInfoParser - Kafka commitId: f745dfdcee2b9851
2025-12-05 16:55:06 INFO  o.a.kafka.common.utils.AppInfoParser - Kafka startTimeMs: 1764953706486
2025-12-05 16:55:06 INFO  o.a.k.c.c.i.ClassicKafkaConsumer - [Consumer clientId=consumer-recon-group-6, groupId=recon-group] Subscribed to topic(s): normalized-transactions
2025-12-05 16:55:06 INFO  org.apache.kafka.clients.Metadata - [Consumer clientId=consumer-recon-group-6, groupId=recon-group] Cluster ID: -Ev3b8JLS_uTHl36QpBdMw
2025-12-05 16:55:06 INFO  c.P.U.r.s.ReconciliationService - Starting reconciliation process
2025-12-05 16:55:06 INFO  c.P.U.recon.ReconServiceApplication - Started ReconServiceApplication in 13.646 seconds (process running for 3169.679)
2025-12-05 16:55:06 INFO  o.a.k.c.c.i.ConsumerCoordinator - [Consumer clientId=consumer-recon-group-6, groupId=recon-group] Discovered group coordinator kafka:9092 (id: 2147483646 rack: null)
2025-12-05 16:55:06 INFO  o.a.k.c.c.i.ConsumerCoordinator - [Consumer clientId=consumer-recon-group-6, groupId=recon-group] (Re-)joining group
2025-12-05 16:55:06 INFO  o.s.b.d.a.ConditionEvaluationDeltaLoggingListener - Condition evaluation unchanged
2025-12-05 16:55:06 INFO  c.P.U.r.s.NormalizedTransactionService - Fetched 1 normalized transactions from DB
2025-12-05 16:55:06 INFO  c.P.U.r.s.ReconciliationService - Fetched 1 normalized transactions for reconciliation
2025-12-05 16:55:06 INFO  o.a.k.c.c.i.ConsumerCoordinator - [Consumer clientId=consumer-recon-group-6, groupId=recon-group] Request joining group due to: need to re-join with the given member-id: consumer-recon-group-6-eb7058cb-b0c2-4b37-9cf9-3dacb68a2682
2025-12-05 16:55:06 INFO  o.a.k.c.c.i.ConsumerCoordinator - [Consumer clientId=consumer-recon-group-6, groupId=recon-group] (Re-)joining group
2025-12-05 16:55:06 ERROR o.s.s.s.TaskUtils$LoggingErrorHandler - Unexpected error occurred in scheduled task
org.springframework.orm.jpa.JpaSystemException: Identifier of entity 'com.Project.UPIRecon.recon.entity.ReconciliationResult' must be manually assigned before calling 'persist()'
	at org.springframework.orm.jpa.vendor.HibernateJpaDialect.convertHibernateAccessException(HibernateJpaDialect.java:348)
	at org.springframework.orm.jpa.vendor.HibernateJpaDialect.convertHibernateAccessException(HibernateJpaDialect.java:256)
	at org.springframework.orm.jpa.vendor.HibernateJpaDialect.translateExceptionIfPossible(HibernateJpaDialect.java:241)
	at org.springframework.orm.jpa.AbstractEntityManagerFactoryBean.translateExceptionIfPossible(AbstractEntityManagerFactoryBean.java:560)
	at org.springframework.dao.support.ChainedPersistenceExceptionTranslator.translateExceptionIfPossible(ChainedPersistenceExceptionTranslator.java:61)
	at org.springframework.dao.support.DataAccessUtils.translateIfNecessary(DataAccessUtils.java:343)
	at org.springframework.dao.support.PersistenceExceptionTranslationInterceptor.invoke(PersistenceExceptionTranslationInterceptor.java:160)
	at org.springframework.aop.framework.ReflectiveMethodInvocation.proceed(ReflectiveMethodInvocation.java:184)
	at org.springframework.data.jpa.repository.support.CrudMethodMetadataPostProcessor$CrudMethodMetadataPopulatingMethodInterceptor.invoke(CrudMethodMetadataPostProcessor.java:165)
	at org.springframework.aop.framework.ReflectiveMethodInvocation.proceed(ReflectiveMethodInvocation.java:184)
	at org.springframework.aop.framework.JdkDynamicAopProxy.invoke(JdkDynamicAopProxy.java:223)
	at jdk.proxy9/jdk.proxy9.$Proxy176.save(Unknown Source)
	at com.Project.UPIRecon.recon.service.ReconciliationService.reconcileTransactions(ReconciliationService.java:132)
	at java.base/jdk.internal.reflect.NativeMethodAccessorImpl.invoke0(Native Method)
	at java.base/jdk.internal.reflect.NativeMethodAccessorImpl.invoke(NativeMethodAccessorImpl.java:77)
	at java.base/jdk.internal.reflect.DelegatingMethodAccessorImpl.invoke(DelegatingMethodAccessorImpl.java:43)
	at java.base/java.lang.reflect.Method.invoke(Method.java:569)
	at org.springframework.scheduling.support.ScheduledMethodRunnable.runInternal(ScheduledMethodRunnable.java:130)
	at org.springframework.scheduling.support.ScheduledMethodRunnable.lambda$run$2(ScheduledMethodRunnable.java:124)
	at io.micrometer.observation.Observation.observe(Observation.java:498)
	at org.springframework.scheduling.support.ScheduledMethodRunnable.run(ScheduledMethodRunnable.java:124)
	at org.springframework.scheduling.config.Task$OutcomeTrackingRunnable.run(Task.java:85)
	at org.springframework.scheduling.support.DelegatingErrorHandlingRunnable.run(DelegatingErrorHandlingRunnable.java:54)
	at java.base/java.util.concurrent.Executors$RunnableAdapter.call(Executors.java:539)
	at java.base/java.util.concurrent.FutureTask.runAndReset(FutureTask.java:305)
	at java.base/java.util.concurrent.ScheduledThreadPoolExecutor$ScheduledFutureTask.run(ScheduledThreadPoolExecutor.java:305)
	at java.base/java.util.concurrent.ThreadPoolExecutor.runWorker(ThreadPoolExecutor.java:1136)
	at java.base/java.util.concurrent.ThreadPoolExecutor$Worker.run(ThreadPoolExecutor.java:635)
	at java.base/java.lang.Thread.run(Thread.java:840)
Caused by: org.hibernate.id.IdentifierGenerationException: Identifier of entity 'com.Project.UPIRecon.recon.entity.ReconciliationResult' must be manually assigned before calling 'persist()'
	at org.hibernate.event.internal.AbstractSaveEventListener.performSave(AbstractSaveEventListener.java:209)
	at org.hibernate.event.internal.AbstractSaveEventListener.saveWithGeneratedId(AbstractSaveEventListener.java:136)
	at org.hibernate.event.internal.DefaultPersistEventListener.entityIsTransient(DefaultPersistEventListener.java:177)
	at org.hibernate.event.internal.DefaultPersistEventListener.persist(DefaultPersistEventListener.java:95)
	at org.hibernate.event.internal.DefaultPersistEventListener.onPersist(DefaultPersistEventListener.java:79)
	at org.hibernate.event.internal.DefaultPersistEventListener.onPersist(DefaultPersistEventListener.java:55)
	at org.hibernate.event.service.internal.EventListenerGroupImpl.fireEventOnEachListener(EventListenerGroupImpl.java:127)
	at org.hibernate.internal.SessionImpl.firePersist(SessionImpl.java:761)
	at org.hibernate.internal.SessionImpl.persist(SessionImpl.java:745)
	at java.base/jdk.internal.reflect.NativeMethodAccessorImpl.invoke0(Native Method)
	at java.base/jdk.internal.reflect.NativeMethodAccessorImpl.invoke(NativeMethodAccessorImpl.java:77)
	at java.base/jdk.internal.reflect.DelegatingMethodAccessorImpl.invoke(DelegatingMethodAccessorImpl.java:43)
	at java.base/java.lang.reflect.Method.invoke(Method.java:569)
	at org.springframework.orm.jpa.SharedEntityManagerCreator$SharedEntityManagerInvocationHandler.invoke(SharedEntityManagerCreator.java:320)
	at jdk.proxy9/jdk.proxy9.$Proxy173.persist(Unknown Source)
	at org.springframework.data.jpa.repository.support.SimpleJpaRepository.save(SimpleJpaRepository.java:653)
	at java.base/jdk.internal.reflect.NativeMethodAccessorImpl.invoke0(Native Method)
	at java.base/jdk.internal.reflect.NativeMethodAccessorImpl.invoke(NativeMethodAccessorImpl.java:77)
	at java.base/jdk.internal.reflect.DelegatingMethodAccessorImpl.invoke(DelegatingMethodAccessorImpl.java:43)
	at java.base/java.lang.reflect.Method.invoke(Method.java:569)
	at org.springframework.aop.support.AopUtils.invokeJoinpointUsingReflection(AopUtils.java:359)
	at org.springframework.data.repository.core.support.RepositoryMethodInvoker$RepositoryFragmentMethodInvoker.lambda$new$0(RepositoryMethodInvoker.java:277)
	at org.springframework.data.repository.core.support.RepositoryMethodInvoker.doInvoke(RepositoryMethodInvoker.java:170)
	at org.springframework.data.repository.core.support.RepositoryMethodInvoker.invoke(RepositoryMethodInvoker.java:158)
	at org.springframework.data.repository.core.support.RepositoryComposition$RepositoryFragments.invoke(RepositoryComposition.java:515)
	at org.springframework.data.repository.core.support.RepositoryComposition.invoke(RepositoryComposition.java:284)
	at org.springframework.data.repository.core.support.RepositoryFactorySupport$ImplementationMethodExecutionInterceptor.invoke(RepositoryFactorySupport.java:734)
	at org.springframework.aop.framework.ReflectiveMethodInvocation.proceed(ReflectiveMethodInvocation.java:184)
	at org.springframework.data.repository.core.support.QueryExecutorMethodInterceptor.doInvoke(QueryExecutorMethodInterceptor.java:174)
	at org.springframework.data.repository.core.support.QueryExecutorMethodInterceptor.invoke(QueryExecutorMethodInterceptor.java:149)
	at org.springframework.aop.framework.ReflectiveMethodInvocation.proceed(ReflectiveMethodInvocation.java:184)
	at org.springframework.data.projection.DefaultMethodInvokingMethodInterceptor.invoke(DefaultMethodInvokingMethodInterceptor.java:69)
	at org.springframework.aop.framework.ReflectiveMethodInvocation.proceed(ReflectiveMethodInvocation.java:184)
	at org.springframework.transaction.interceptor.TransactionAspectSupport.invokeWithinTransaction(TransactionAspectSupport.java:380)
	at org.springframework.transaction.interceptor.TransactionInterceptor.invoke(TransactionInterceptor.java:119)
	at org.springframework.aop.framework.ReflectiveMethodInvocation.proceed(ReflectiveMethodInvocation.java:184)
	at org.springframework.dao.support.PersistenceExceptionTranslationInterceptor.invoke(PersistenceExceptionTranslationInterceptor.java:138)
	... 22 common frames omitted
2025-12-05 16:55:09 INFO  o.a.k.c.c.i.ConsumerCoordinator - [Consumer clientId=consumer-recon-group-6, groupId=recon-group] Successfully joined group with generation Generation{generationId=11, memberId='consumer-recon-group-6-eb7058cb-b0c2-4b37-9cf9-3dacb68a2682', protocol='range'}
2025-12-05 16:55:09 INFO  o.a.k.c.c.i.ConsumerCoordinator - [Consumer clientId=consumer-recon-group-6, groupId=recon-group] Finished assignment for group at generation 11: {consumer-recon-group-6-eb7058cb-b0c2-4b37-9cf9-3dacb68a2682=Assignment(partitions=[normalized-transactions-0])}
2025-12-05 16:55:09 INFO  o.a.k.c.c.i.ConsumerCoordinator - [Consumer clientId=consumer-recon-group-6, groupId=recon-group] Successfully synced group in generation Generation{generationId=11, memberId='consumer-recon-group-6-eb7058cb-b0c2-4b37-9cf9-3dacb68a2682', protocol='range'}
2025-12-05 16:55:09 INFO  o.a.k.c.c.i.ConsumerCoordinator - [Consumer clientId=consumer-recon-group-6, groupId=recon-group] Notifying assignor about the new Assignment(partitions=[normalized-transactions-0])
2025-12-05 16:55:09 INFO  o.a.k.c.c.i.ConsumerRebalanceListenerInvoker - [Consumer clientId=consumer-recon-group-6, groupId=recon-group] Adding newly assigned partitions: normalized-transactions-0
2025-12-05 16:55:09 INFO  o.a.k.c.c.internals.ConsumerUtils - Setting offset for partition normalized-transactions-0 to the committed offset FetchPosition{offset=1, offsetEpoch=Optional.empty, currentLeader=LeaderAndEpoch{leader=Optional[kafka:9092 (id: 1 rack: null)], epoch=0}}
2025-12-05 16:55:09 INFO  o.s.k.l.KafkaMessageListenerContainer - recon-group: partitions assigned: [normalized-transactions-0]
2025-12-05 16:55:55 INFO  o.s.b.d.a.LocalDevToolsAutoConfiguration$RestartingClassPathChangeChangedEventListener - Restarting due to 1 class path change (0 additions, 0 deletions, 1 modification)
2025-12-05 16:55:55 INFO  o.a.k.c.c.i.ConsumerRebalanceListenerInvoker - [Consumer clientId=consumer-recon-group-6, groupId=recon-group] Revoke previously assigned partitions normalized-transactions-0
2025-12-05 16:55:55 INFO  o.s.k.l.KafkaMessageListenerContainer - recon-group: partitions revoked: [normalized-transactions-0]
2025-12-05 16:55:55 INFO  o.a.k.c.c.i.ConsumerCoordinator - [Consumer clientId=consumer-recon-group-6, groupId=recon-group] Member consumer-recon-group-6-eb7058cb-b0c2-4b37-9cf9-3dacb68a2682 sending LeaveGroup request to coordinator kafka:9092 (id: 2147483646 rack: null) due to the consumer unsubscribed from all topics
2025-12-05 16:55:55 INFO  o.a.k.c.c.i.ConsumerCoordinator - [Consumer clientId=consumer-recon-group-6, groupId=recon-group] Resetting generation and member id due to: consumer pro-actively leaving the group
2025-12-05 16:55:55 INFO  o.a.k.c.c.i.ConsumerCoordinator - [Consumer clientId=consumer-recon-group-6, groupId=recon-group] Request joining group due to: consumer pro-actively leaving the group
2025-12-05 16:55:55 INFO  o.a.k.c.c.i.ClassicKafkaConsumer - [Consumer clientId=consumer-recon-group-6, groupId=recon-group] Unsubscribed all topics or patterns and assigned partitions
2025-12-05 16:55:55 INFO  o.a.k.c.c.i.ConsumerCoordinator - [Consumer clientId=consumer-recon-group-6, groupId=recon-group] Resetting generation and member id due to: consumer pro-actively leaving the group
2025-12-05 16:55:55 INFO  o.a.k.c.c.i.ConsumerCoordinator - [Consumer clientId=consumer-recon-group-6, groupId=recon-group] Request joining group due to: consumer pro-actively leaving the group
2025-12-05 16:55:56 INFO  o.a.kafka.common.metrics.Metrics - Metrics scheduler closed
2025-12-05 16:55:56 INFO  o.a.kafka.common.metrics.Metrics - Closing reporter org.apache.kafka.common.metrics.JmxReporter
2025-12-05 16:55:56 INFO  o.a.kafka.common.metrics.Metrics - Closing reporter org.apache.kafka.common.telemetry.internals.ClientTelemetryReporter
2025-12-05 16:55:56 INFO  o.a.kafka.common.metrics.Metrics - Metrics reporters closed
2025-12-05 16:55:56 INFO  o.a.kafka.common.utils.AppInfoParser - App info kafka.consumer for consumer-recon-group-6 unregistered
2025-12-05 16:55:56 INFO  o.s.k.l.KafkaMessageListenerContainer - recon-group: Consumer stopped
2025-12-05 16:55:56 INFO  o.s.b.w.e.tomcat.GracefulShutdown - Commencing graceful shutdown. Waiting for active requests to complete
2025-12-05 16:55:56 INFO  o.a.coyote.http11.Http11NioProtocol - Pausing ProtocolHandler ["http-nio-8084"]
2025-12-05 16:55:56 INFO  o.s.b.w.e.tomcat.GracefulShutdown - Graceful shutdown complete
2025-12-05 16:55:56 INFO  o.a.coyote.http11.Http11NioProtocol - Stopping ProtocolHandler ["http-nio-8084"]
2025-12-05 16:55:56 INFO  o.s.o.j.LocalContainerEntityManagerFactoryBean - Closing JPA EntityManagerFactory for persistence unit 'default'
2025-12-05 16:55:56 INFO  com.zaxxer.hikari.HikariDataSource - HikariPool-7 - Shutdown initiated...
2025-12-05 16:55:56 INFO  com.zaxxer.hikari.HikariDataSource - HikariPool-7 - Shutdown completed.
2025-12-05 16:55:56 INFO  c.P.U.recon.ReconServiceApplication - Starting ReconServiceApplication using Java 17.0.17 with PID 50 (/app/target/classes started by root in /app)
2025-12-05 16:55:56 INFO  c.P.U.recon.ReconServiceApplication - No active profile set, falling back to 1 default profile: "default"
2025-12-05 16:56:00 INFO  o.s.d.r.c.RepositoryConfigurationDelegate - Bootstrapping Spring Data JPA repositories in DEFAULT mode.
2025-12-05 16:56:00 INFO  o.s.d.r.c.RepositoryConfigurationDelegate - Finished Spring Data repository scanning in 297 ms. Found 2 JPA repository interfaces.
2025-12-05 16:56:01 INFO  o.s.b.w.e.tomcat.TomcatWebServer - Tomcat initialized with port 8084 (http)
2025-12-05 16:56:01 INFO  o.a.coyote.http11.Http11NioProtocol - Initializing ProtocolHandler ["http-nio-8084"]
2025-12-05 16:56:01 INFO  o.a.catalina.core.StandardService - Starting service [Tomcat]
2025-12-05 16:56:01 INFO  o.a.catalina.core.StandardEngine - Starting Servlet engine: [Apache Tomcat/10.1.42]
2025-12-05 16:56:02 INFO  o.a.c.c.C.[Tomcat-1].[localhost].[/] - Initializing Spring embedded WebApplicationContext
2025-12-05 16:56:02 INFO  o.s.b.w.s.c.ServletWebServerApplicationContext - Root WebApplicationContext: initialization completed in 5065 ms
2025-12-05 16:56:02 INFO  o.h.jpa.internal.util.LogHelper - HHH000204: Processing PersistenceUnitInfo [name: default]
2025-12-05 16:56:02 INFO  o.h.c.i.RegionFactoryInitiator - HHH000026: Second-level cache disabled
2025-12-05 16:56:03 INFO  o.s.o.j.p.SpringPersistenceUnitInfo - No LoadTimeWeaver setup: ignoring JPA class transformer
2025-12-05 16:56:03 INFO  com.zaxxer.hikari.HikariDataSource - HikariPool-8 - Starting...
2025-12-05 16:56:03 INFO  com.zaxxer.hikari.pool.HikariPool - HikariPool-8 - Added connection org.postgresql.jdbc.PgConnection@2d2c7d7c
2025-12-05 16:56:03 INFO  com.zaxxer.hikari.HikariDataSource - HikariPool-8 - Start completed.
2025-12-05 16:56:03 WARN  org.hibernate.orm.deprecation - HHH90000025: PostgreSQLDialect does not need to be specified explicitly using 'hibernate.dialect' (remove the property setting and it will be selected by default)
2025-12-05 16:56:03 INFO  o.hibernate.orm.connections.pooling - HHH10001005: Database info:
	Database JDBC URL [Connecting through datasource 'HikariDataSource (HikariPool-8)']
	Database driver: undefined/unknown
	Database version: 15.13
	Autocommit mode: undefined/unknown
	Isolation level: undefined/unknown
	Minimum pool size: undefined/unknown
	Maximum pool size: undefined/unknown
2025-12-05 16:56:04 INFO  o.h.e.t.j.p.i.JtaPlatformInitiator - HHH000489: No JTA platform available (set 'hibernate.transaction.jta.platform' to enable JTA platform integration)
2025-12-05 16:56:04 INFO  o.s.o.j.LocalContainerEntityManagerFactoryBean - Initialized JPA EntityManagerFactory for persistence unit 'default'
2025-12-05 16:56:06 WARN  o.s.b.a.o.j.JpaBaseConfiguration$JpaWebConfiguration - spring.jpa.open-in-view is enabled by default. Therefore, database queries may be performed during view rendering. Explicitly configure spring.jpa.open-in-view to disable this warning
2025-12-05 16:56:08 INFO  o.s.b.d.a.OptionalLiveReloadServer - LiveReload server is running on port 35729
2025-12-05 16:56:08 INFO  o.a.coyote.http11.Http11NioProtocol - Starting ProtocolHandler ["http-nio-8084"]
2025-12-05 16:56:08 INFO  o.s.b.w.e.tomcat.TomcatWebServer - Tomcat started on port 8084 (http) with context path '/'
2025-12-05 16:56:08 INFO  o.a.k.c.consumer.ConsumerConfig - ConsumerConfig values: 
	allow.auto.create.topics = true
	auto.commit.interval.ms = 5000
	auto.include.jmx.reporter = true
	auto.offset.reset = latest
	bootstrap.servers = [kafka:9092]
	check.crcs = true
	client.dns.lookup = use_all_dns_ips
	client.id = consumer-recon-group-7
	client.rack = 
	connections.max.idle.ms = 540000
	default.api.timeout.ms = 60000
	enable.auto.commit = false
	enable.metrics.push = true
	exclude.internal.topics = true
	fetch.max.bytes = 52428800
	fetch.max.wait.ms = 500
	fetch.min.bytes = 1
	group.id = recon-group
	group.instance.id = null
	group.protocol = classic
	group.remote.assignor = null
	heartbeat.interval.ms = 3000
	interceptor.classes = []
	internal.leave.group.on.close = true
	internal.throw.on.fetch.stable.offset.unsupported = false
	isolation.level = read_uncommitted
	key.deserializer = class org.apache.kafka.common.serialization.StringDeserializer
	max.partition.fetch.bytes = 1048576
	max.poll.interval.ms = 300000
	max.poll.records = 500
	metadata.max.age.ms = 300000
	metadata.recovery.strategy = none
	metric.reporters = []
	metrics.num.samples = 2
	metrics.recording.level = INFO
	metrics.sample.window.ms = 30000
	partition.assignment.strategy = [class org.apache.kafka.clients.consumer.RangeAssignor, class org.apache.kafka.clients.consumer.CooperativeStickyAssignor]
	receive.buffer.bytes = 65536
	reconnect.backoff.max.ms = 1000
	reconnect.backoff.ms = 50
	request.timeout.ms = 30000
	retry.backoff.max.ms = 1000
	retry.backoff.ms = 100
	sasl.client.callback.handler.class = null
	sasl.jaas.config = null
	sasl.kerberos.kinit.cmd = /usr/bin/kinit
	sasl.kerberos.min.time.before.relogin = 60000
	sasl.kerberos.service.name = null
	sasl.kerberos.ticket.renew.jitter = 0.05
	sasl.kerberos.ticket.renew.window.factor = 0.8
	sasl.login.callback.handler.class = null
	sasl.login.class = null
	sasl.login.connect.timeout.ms = null
	sasl.login.read.timeout.ms = null
	sasl.login.refresh.buffer.seconds = 300
	sasl.login.refresh.min.period.seconds = 60
	sasl.login.refresh.window.factor = 0.8
	sasl.login.refresh.window.jitter = 0.05
	sasl.login.retry.backoff.max.ms = 10000
	sasl.login.retry.backoff.ms = 100
	sasl.mechanism = GSSAPI
	sasl.oauthbearer.clock.skew.seconds = 30
	sasl.oauthbearer.expected.audience = null
	sasl.oauthbearer.expected.issuer = null
	sasl.oauthbearer.header.urlencode = false
	sasl.oauthbearer.jwks.endpoint.refresh.ms = 3600000
	sasl.oauthbearer.jwks.endpoint.retry.backoff.max.ms = 10000
	sasl.oauthbearer.jwks.endpoint.retry.backoff.ms = 100
	sasl.oauthbearer.jwks.endpoint.url = null
	sasl.oauthbearer.scope.claim.name = scope
	sasl.oauthbearer.sub.claim.name = sub
	sasl.oauthbearer.token.endpoint.url = null
	security.protocol = PLAINTEXT
	security.providers = null
	send.buffer.bytes = 131072
	session.timeout.ms = 45000
	socket.connection.setup.timeout.max.ms = 30000
	socket.connection.setup.timeout.ms = 10000
	ssl.cipher.suites = null
	ssl.enabled.protocols = [TLSv1.2, TLSv1.3]
	ssl.endpoint.identification.algorithm = https
	ssl.engine.factory.class = null
	ssl.key.password = null
	ssl.keymanager.algorithm = SunX509
	ssl.keystore.certificate.chain = null
	ssl.keystore.key = null
	ssl.keystore.location = null
	ssl.keystore.password = null
	ssl.keystore.type = JKS
	ssl.protocol = TLSv1.3
	ssl.provider = null
	ssl.secure.random.implementation = null
	ssl.trustmanager.algorithm = PKIX
	ssl.truststore.certificates = null
	ssl.truststore.location = null
	ssl.truststore.password = null
	ssl.truststore.type = JKS
	value.deserializer = class org.springframework.kafka.support.serializer.JsonDeserializer

2025-12-05 16:56:08 INFO  o.a.k.c.t.i.KafkaMetricsCollector - initializing Kafka metrics collector
2025-12-05 16:56:08 INFO  o.a.k.c.consumer.ConsumerConfig - These configurations '[spring.json.trusted.packages, spring.json.use.type.headers]' were supplied but are not used yet.
2025-12-05 16:56:08 INFO  o.a.kafka.common.utils.AppInfoParser - Kafka version: 3.9.1
2025-12-05 16:56:08 INFO  o.a.kafka.common.utils.AppInfoParser - Kafka commitId: f745dfdcee2b9851
2025-12-05 16:56:08 INFO  o.a.kafka.common.utils.AppInfoParser - Kafka startTimeMs: 1764953768618
2025-12-05 16:56:08 INFO  o.a.k.c.c.i.ClassicKafkaConsumer - [Consumer clientId=consumer-recon-group-7, groupId=recon-group] Subscribed to topic(s): normalized-transactions
2025-12-05 16:56:08 INFO  c.P.U.r.s.ReconciliationService - Starting reconciliation process
2025-12-05 16:56:08 INFO  c.P.U.recon.ReconServiceApplication - Started ReconServiceApplication in 12.157 seconds (process running for 3231.872)
2025-12-05 16:56:08 INFO  o.s.b.d.a.ConditionEvaluationDeltaLoggingListener - Condition evaluation unchanged
2025-12-05 16:56:08 INFO  c.P.U.r.s.NormalizedTransactionService - Fetched 1 normalized transactions from DB
2025-12-05 16:56:08 INFO  c.P.U.r.s.ReconciliationService - Fetched 1 normalized transactions for reconciliation
2025-12-05 16:56:08 INFO  org.apache.kafka.clients.Metadata - [Consumer clientId=consumer-recon-group-7, groupId=recon-group] Cluster ID: -Ev3b8JLS_uTHl36QpBdMw
2025-12-05 16:56:08 INFO  o.a.k.c.c.i.ConsumerCoordinator - [Consumer clientId=consumer-recon-group-7, groupId=recon-group] Discovered group coordinator kafka:9092 (id: 2147483646 rack: null)
2025-12-05 16:56:08 INFO  o.a.k.c.c.i.ConsumerCoordinator - [Consumer clientId=consumer-recon-group-7, groupId=recon-group] (Re-)joining group
2025-12-05 16:56:08 INFO  o.a.k.c.c.i.ConsumerCoordinator - [Consumer clientId=consumer-recon-group-7, groupId=recon-group] Request joining group due to: need to re-join with the given member-id: consumer-recon-group-7-82b28993-bee6-4ed5-ae84-634694d9c638
2025-12-05 16:56:08 INFO  o.a.k.c.c.i.ConsumerCoordinator - [Consumer clientId=consumer-recon-group-7, groupId=recon-group] (Re-)joining group
2025-12-05 16:56:08 INFO  c.P.U.r.s.ReconciliationService - Saved reconciliation result to DB. normalizedKey=afif@upi|rahul@upi|100.00|2024-12-10T10:15:30, status=UNKNOWN_SOURCE
2025-12-05 16:56:08 INFO  c.P.U.r.s.ReconciliationService - Publishing: normalizedKey=afif@upi|rahul@upi|100.00|2024-12-10T10:15:30, amount=100.00, status=UNKNOWN_SOURCE
2025-12-05 16:56:08 INFO  o.a.k.c.producer.ProducerConfig - ProducerConfig values: 
	acks = -1
	auto.include.jmx.reporter = true
	batch.size = 16384
	bootstrap.servers = [kafka:9092]
	buffer.memory = 33554432
	client.dns.lookup = use_all_dns_ips
	client.id = producer-3
	compression.gzip.level = -1
	compression.lz4.level = 9
	compression.type = none
	compression.zstd.level = 3
	connections.max.idle.ms = 540000
	delivery.timeout.ms = 120000
	enable.idempotence = true
	enable.metrics.push = true
	interceptor.classes = []
	key.serializer = class org.apache.kafka.common.serialization.StringSerializer
	linger.ms = 0
	max.block.ms = 60000
	max.in.flight.requests.per.connection = 5
	max.request.size = 1048576
	metadata.max.age.ms = 300000
	metadata.max.idle.ms = 300000
	metadata.recovery.strategy = none
	metric.reporters = []
	metrics.num.samples = 2
	metrics.recording.level = INFO
	metrics.sample.window.ms = 30000
	partitioner.adaptive.partitioning.enable = true
	partitioner.availability.timeout.ms = 0
	partitioner.class = null
	partitioner.ignore.keys = false
	receive.buffer.bytes = 32768
	reconnect.backoff.max.ms = 1000
	reconnect.backoff.ms = 50
	request.timeout.ms = 30000
	retries = 2147483647
	retry.backoff.max.ms = 1000
	retry.backoff.ms = 100
	sasl.client.callback.handler.class = null
	sasl.jaas.config = null
	sasl.kerberos.kinit.cmd = /usr/bin/kinit
	sasl.kerberos.min.time.before.relogin = 60000
	sasl.kerberos.service.name = null
	sasl.kerberos.ticket.renew.jitter = 0.05
	sasl.kerberos.ticket.renew.window.factor = 0.8
	sasl.login.callback.handler.class = null
	sasl.login.class = null
	sasl.login.connect.timeout.ms = null
	sasl.login.read.timeout.ms = null
	sasl.login.refresh.buffer.seconds = 300
	sasl.login.refresh.min.period.seconds = 60
	sasl.login.refresh.window.factor = 0.8
	sasl.login.refresh.window.jitter = 0.05
	sasl.login.retry.backoff.max.ms = 10000
	sasl.login.retry.backoff.ms = 100
	sasl.mechanism = GSSAPI
	sasl.oauthbearer.clock.skew.seconds = 30
	sasl.oauthbearer.expected.audience = null
	sasl.oauthbearer.expected.issuer = null
	sasl.oauthbearer.header.urlencode = false
	sasl.oauthbearer.jwks.endpoint.refresh.ms = 3600000
	sasl.oauthbearer.jwks.endpoint.retry.backoff.max.ms = 10000
	sasl.oauthbearer.jwks.endpoint.retry.backoff.ms = 100
	sasl.oauthbearer.jwks.endpoint.url = null
	sasl.oauthbearer.scope.claim.name = scope
	sasl.oauthbearer.sub.claim.name = sub
	sasl.oauthbearer.token.endpoint.url = null
	security.protocol = PLAINTEXT
	security.providers = null
	send.buffer.bytes = 131072
	socket.connection.setup.timeout.max.ms = 30000
	socket.connection.setup.timeout.ms = 10000
	ssl.cipher.suites = null
	ssl.enabled.protocols = [TLSv1.2, TLSv1.3]
	ssl.endpoint.identification.algorithm = https
	ssl.engine.factory.class = null
	ssl.key.password = null
	ssl.keymanager.algorithm = SunX509
	ssl.keystore.certificate.chain = null
	ssl.keystore.key = null
	ssl.keystore.location = null
	ssl.keystore.password = null
	ssl.keystore.type = JKS
	ssl.protocol = TLSv1.3
	ssl.provider = null
	ssl.secure.random.implementation = null
	ssl.trustmanager.algorithm = PKIX
	ssl.truststore.certificates = null
	ssl.truststore.location = null
	ssl.truststore.password = null
	ssl.truststore.type = JKS
	transaction.timeout.ms = 60000
	transactional.id = null
	value.serializer = class org.springframework.kafka.support.serializer.JsonSerializer

2025-12-05 16:56:08 INFO  o.a.k.c.t.i.KafkaMetricsCollector - initializing Kafka metrics collector
2025-12-05 16:56:08 INFO  o.a.k.clients.producer.KafkaProducer - [Producer clientId=producer-3] Instantiated an idempotent producer.
2025-12-05 16:56:08 INFO  o.a.kafka.common.utils.AppInfoParser - Kafka version: 3.9.1
2025-12-05 16:56:08 INFO  o.a.kafka.common.utils.AppInfoParser - Kafka commitId: f745dfdcee2b9851
2025-12-05 16:56:08 INFO  o.a.kafka.common.utils.AppInfoParser - Kafka startTimeMs: 1764953768972
2025-12-05 16:56:09 INFO  org.apache.kafka.clients.Metadata - [Producer clientId=producer-3] Cluster ID: -Ev3b8JLS_uTHl36QpBdMw
2025-12-05 16:56:09 INFO  o.a.k.c.p.i.TransactionManager - [Producer clientId=producer-3] ProducerId set to 6 with epoch 0
2025-12-05 16:56:09 INFO  c.P.U.r.s.ReconciliationService - Published reconciliation result to Kafka. normalizedKey=afif@upi|rahul@upi|100.00|2024-12-10T10:15:30
2025-12-05 16:56:09 INFO  c.P.U.r.s.ReconciliationService - Reconciliation process completed successfully
2025-12-05 16:56:11 INFO  o.a.k.c.c.i.ConsumerCoordinator - [Consumer clientId=consumer-recon-group-7, groupId=recon-group] Successfully joined group with generation Generation{generationId=13, memberId='consumer-recon-group-7-82b28993-bee6-4ed5-ae84-634694d9c638', protocol='range'}
2025-12-05 16:56:11 INFO  o.a.k.c.c.i.ConsumerCoordinator - [Consumer clientId=consumer-recon-group-7, groupId=recon-group] Finished assignment for group at generation 13: {consumer-recon-group-7-82b28993-bee6-4ed5-ae84-634694d9c638=Assignment(partitions=[normalized-transactions-0])}
2025-12-05 16:56:11 INFO  o.a.k.c.c.i.ConsumerCoordinator - [Consumer clientId=consumer-recon-group-7, groupId=recon-group] Successfully synced group in generation Generation{generationId=13, memberId='consumer-recon-group-7-82b28993-bee6-4ed5-ae84-634694d9c638', protocol='range'}
2025-12-05 16:56:11 INFO  o.a.k.c.c.i.ConsumerCoordinator - [Consumer clientId=consumer-recon-group-7, groupId=recon-group] Notifying assignor about the new Assignment(partitions=[normalized-transactions-0])
2025-12-05 16:56:11 INFO  o.a.k.c.c.i.ConsumerRebalanceListenerInvoker - [Consumer clientId=consumer-recon-group-7, groupId=recon-group] Adding newly assigned partitions: normalized-transactions-0
2025-12-05 16:56:11 INFO  o.a.k.c.c.internals.ConsumerUtils - Setting offset for partition normalized-transactions-0 to the committed offset FetchPosition{offset=1, offsetEpoch=Optional.empty, currentLeader=LeaderAndEpoch{leader=Optional[kafka:9092 (id: 1 rack: null)], epoch=0}}
2025-12-05 16:56:11 INFO  o.s.k.l.KafkaMessageListenerContainer - recon-group: partitions assigned: [normalized-transactions-0]
2025-12-05 17:02:39 INFO  o.s.b.d.a.LocalDevToolsAutoConfiguration$RestartingClassPathChangeChangedEventListener - Restarting due to 1 class path change (0 additions, 0 deletions, 1 modification)
2025-12-05 17:02:40 INFO  o.a.k.c.c.i.ConsumerRebalanceListenerInvoker - [Consumer clientId=consumer-recon-group-7, groupId=recon-group] Revoke previously assigned partitions normalized-transactions-0
2025-12-05 17:02:40 INFO  o.s.k.l.KafkaMessageListenerContainer - recon-group: partitions revoked: [normalized-transactions-0]
2025-12-05 17:02:40 INFO  o.a.k.c.c.i.ConsumerCoordinator - [Consumer clientId=consumer-recon-group-7, groupId=recon-group] Member consumer-recon-group-7-82b28993-bee6-4ed5-ae84-634694d9c638 sending LeaveGroup request to coordinator kafka:9092 (id: 2147483646 rack: null) due to the consumer unsubscribed from all topics
2025-12-05 17:02:40 INFO  o.a.k.c.c.i.ConsumerCoordinator - [Consumer clientId=consumer-recon-group-7, groupId=recon-group] Resetting generation and member id due to: consumer pro-actively leaving the group
2025-12-05 17:02:40 INFO  o.a.k.c.c.i.ConsumerCoordinator - [Consumer clientId=consumer-recon-group-7, groupId=recon-group] Request joining group due to: consumer pro-actively leaving the group
2025-12-05 17:02:40 INFO  o.a.k.c.c.i.ClassicKafkaConsumer - [Consumer clientId=consumer-recon-group-7, groupId=recon-group] Unsubscribed all topics or patterns and assigned partitions
2025-12-05 17:02:40 INFO  o.a.k.c.c.i.ConsumerCoordinator - [Consumer clientId=consumer-recon-group-7, groupId=recon-group] Resetting generation and member id due to: consumer pro-actively leaving the group
2025-12-05 17:02:40 INFO  o.a.k.c.c.i.ConsumerCoordinator - [Consumer clientId=consumer-recon-group-7, groupId=recon-group] Request joining group due to: consumer pro-actively leaving the group
2025-12-05 17:02:41 INFO  o.a.kafka.common.metrics.Metrics - Metrics scheduler closed
2025-12-05 17:02:41 INFO  o.a.kafka.common.metrics.Metrics - Closing reporter org.apache.kafka.common.metrics.JmxReporter
2025-12-05 17:02:41 INFO  o.a.kafka.common.metrics.Metrics - Closing reporter org.apache.kafka.common.telemetry.internals.ClientTelemetryReporter
2025-12-05 17:02:41 INFO  o.a.kafka.common.metrics.Metrics - Metrics reporters closed
2025-12-05 17:02:41 INFO  o.a.kafka.common.utils.AppInfoParser - App info kafka.consumer for consumer-recon-group-7 unregistered
2025-12-05 17:02:41 INFO  o.s.k.l.KafkaMessageListenerContainer - recon-group: Consumer stopped
2025-12-05 17:02:41 INFO  o.s.b.w.e.tomcat.GracefulShutdown - Commencing graceful shutdown. Waiting for active requests to complete
2025-12-05 17:02:41 INFO  o.a.coyote.http11.Http11NioProtocol - Pausing ProtocolHandler ["http-nio-8084"]
2025-12-05 17:02:41 INFO  o.s.b.w.e.tomcat.GracefulShutdown - Graceful shutdown complete
2025-12-05 17:02:41 INFO  o.a.coyote.http11.Http11NioProtocol - Stopping ProtocolHandler ["http-nio-8084"]
2025-12-05 17:02:41 INFO  o.a.k.clients.producer.KafkaProducer - [Producer clientId=producer-3] Closing the Kafka producer with timeoutMillis = 30000 ms.
2025-12-05 17:02:42 INFO  o.a.kafka.common.metrics.Metrics - Metrics scheduler closed
2025-12-05 17:02:42 INFO  o.a.kafka.common.metrics.Metrics - Closing reporter org.apache.kafka.common.metrics.JmxReporter
2025-12-05 17:02:42 INFO  o.a.kafka.common.metrics.Metrics - Closing reporter org.apache.kafka.common.telemetry.internals.ClientTelemetryReporter
2025-12-05 17:02:42 INFO  o.a.kafka.common.metrics.Metrics - Metrics reporters closed
2025-12-05 17:02:42 INFO  o.a.kafka.common.utils.AppInfoParser - App info kafka.producer for producer-3 unregistered
2025-12-05 17:02:42 INFO  o.s.o.j.LocalContainerEntityManagerFactoryBean - Closing JPA EntityManagerFactory for persistence unit 'default'
2025-12-05 17:02:42 INFO  com.zaxxer.hikari.HikariDataSource - HikariPool-8 - Shutdown initiated...
2025-12-05 17:02:42 INFO  com.zaxxer.hikari.HikariDataSource - HikariPool-8 - Shutdown completed.
2025-12-05 17:02:50 INFO  c.P.U.recon.ReconServiceApplication - Starting ReconServiceApplication using Java 17.0.17 with PID 50 (/app/target/classes started by root in /app)
2025-12-05 17:02:50 INFO  c.P.U.recon.ReconServiceApplication - No active profile set, falling back to 1 default profile: "default"
2025-12-05 17:02:57 INFO  o.s.d.r.c.RepositoryConfigurationDelegate - Bootstrapping Spring Data JPA repositories in DEFAULT mode.
2025-12-05 17:02:58 INFO  o.s.d.r.c.RepositoryConfigurationDelegate - Finished Spring Data repository scanning in 842 ms. Found 2 JPA repository interfaces.
2025-12-05 17:03:01 INFO  o.s.b.w.e.tomcat.TomcatWebServer - Tomcat initialized with port 8084 (http)
2025-12-05 17:03:01 INFO  o.a.coyote.http11.Http11NioProtocol - Initializing ProtocolHandler ["http-nio-8084"]
2025-12-05 17:03:01 INFO  o.a.catalina.core.StandardService - Starting service [Tomcat]
2025-12-05 17:03:01 INFO  o.a.catalina.core.StandardEngine - Starting Servlet engine: [Apache Tomcat/10.1.42]
2025-12-05 17:03:02 INFO  o.a.c.c.C.[Tomcat-1].[localhost].[/] - Initializing Spring embedded WebApplicationContext
2025-12-05 17:03:02 INFO  o.s.b.w.s.c.ServletWebServerApplicationContext - Root WebApplicationContext: initialization completed in 11668 ms
2025-12-05 17:03:02 INFO  o.h.jpa.internal.util.LogHelper - HHH000204: Processing PersistenceUnitInfo [name: default]
2025-12-05 17:03:02 INFO  o.h.c.i.RegionFactoryInitiator - HHH000026: Second-level cache disabled
2025-12-05 17:03:03 INFO  o.s.o.j.p.SpringPersistenceUnitInfo - No LoadTimeWeaver setup: ignoring JPA class transformer
2025-12-05 17:03:03 INFO  com.zaxxer.hikari.HikariDataSource - HikariPool-9 - Starting...
2025-12-05 17:03:03 INFO  com.zaxxer.hikari.pool.HikariPool - HikariPool-9 - Added connection org.postgresql.jdbc.PgConnection@368c55e5
2025-12-05 17:03:03 INFO  com.zaxxer.hikari.HikariDataSource - HikariPool-9 - Start completed.
2025-12-05 17:03:03 WARN  org.hibernate.orm.deprecation - HHH90000025: PostgreSQLDialect does not need to be specified explicitly using 'hibernate.dialect' (remove the property setting and it will be selected by default)
2025-12-05 17:03:03 INFO  o.hibernate.orm.connections.pooling - HHH10001005: Database info:
	Database JDBC URL [Connecting through datasource 'HikariDataSource (HikariPool-9)']
	Database driver: undefined/unknown
	Database version: 15.13
	Autocommit mode: undefined/unknown
	Isolation level: undefined/unknown
	Minimum pool size: undefined/unknown
	Maximum pool size: undefined/unknown
2025-12-05 17:03:04 INFO  o.h.e.t.j.p.i.JtaPlatformInitiator - HHH000489: No JTA platform available (set 'hibernate.transaction.jta.platform' to enable JTA platform integration)
2025-12-05 17:03:04 INFO  o.s.o.j.LocalContainerEntityManagerFactoryBean - Initialized JPA EntityManagerFactory for persistence unit 'default'
2025-12-05 17:03:05 WARN  o.s.b.a.o.j.JpaBaseConfiguration$JpaWebConfiguration - spring.jpa.open-in-view is enabled by default. Therefore, database queries may be performed during view rendering. Explicitly configure spring.jpa.open-in-view to disable this warning
2025-12-05 17:03:06 INFO  o.s.b.d.a.OptionalLiveReloadServer - LiveReload server is running on port 35729
2025-12-05 17:03:06 INFO  o.a.coyote.http11.Http11NioProtocol - Starting ProtocolHandler ["http-nio-8084"]
2025-12-05 17:03:06 INFO  o.s.b.w.e.tomcat.TomcatWebServer - Tomcat started on port 8084 (http) with context path '/'
2025-12-05 17:03:06 INFO  o.a.k.c.consumer.ConsumerConfig - ConsumerConfig values: 
	allow.auto.create.topics = true
	auto.commit.interval.ms = 5000
	auto.include.jmx.reporter = true
	auto.offset.reset = latest
	bootstrap.servers = [kafka:9092]
	check.crcs = true
	client.dns.lookup = use_all_dns_ips
	client.id = consumer-recon-group-8
	client.rack = 
	connections.max.idle.ms = 540000
	default.api.timeout.ms = 60000
	enable.auto.commit = false
	enable.metrics.push = true
	exclude.internal.topics = true
	fetch.max.bytes = 52428800
	fetch.max.wait.ms = 500
	fetch.min.bytes = 1
	group.id = recon-group
	group.instance.id = null
	group.protocol = classic
	group.remote.assignor = null
	heartbeat.interval.ms = 3000
	interceptor.classes = []
	internal.leave.group.on.close = true
	internal.throw.on.fetch.stable.offset.unsupported = false
	isolation.level = read_uncommitted
	key.deserializer = class org.apache.kafka.common.serialization.StringDeserializer
	max.partition.fetch.bytes = 1048576
	max.poll.interval.ms = 300000
	max.poll.records = 500
	metadata.max.age.ms = 300000
	metadata.recovery.strategy = none
	metric.reporters = []
	metrics.num.samples = 2
	metrics.recording.level = INFO
	metrics.sample.window.ms = 30000
	partition.assignment.strategy = [class org.apache.kafka.clients.consumer.RangeAssignor, class org.apache.kafka.clients.consumer.CooperativeStickyAssignor]
	receive.buffer.bytes = 65536
	reconnect.backoff.max.ms = 1000
	reconnect.backoff.ms = 50
	request.timeout.ms = 30000
	retry.backoff.max.ms = 1000
	retry.backoff.ms = 100
	sasl.client.callback.handler.class = null
	sasl.jaas.config = null
	sasl.kerberos.kinit.cmd = /usr/bin/kinit
	sasl.kerberos.min.time.before.relogin = 60000
	sasl.kerberos.service.name = null
	sasl.kerberos.ticket.renew.jitter = 0.05
	sasl.kerberos.ticket.renew.window.factor = 0.8
	sasl.login.callback.handler.class = null
	sasl.login.class = null
	sasl.login.connect.timeout.ms = null
	sasl.login.read.timeout.ms = null
	sasl.login.refresh.buffer.seconds = 300
	sasl.login.refresh.min.period.seconds = 60
	sasl.login.refresh.window.factor = 0.8
	sasl.login.refresh.window.jitter = 0.05
	sasl.login.retry.backoff.max.ms = 10000
	sasl.login.retry.backoff.ms = 100
	sasl.mechanism = GSSAPI
	sasl.oauthbearer.clock.skew.seconds = 30
	sasl.oauthbearer.expected.audience = null
	sasl.oauthbearer.expected.issuer = null
	sasl.oauthbearer.header.urlencode = false
	sasl.oauthbearer.jwks.endpoint.refresh.ms = 3600000
	sasl.oauthbearer.jwks.endpoint.retry.backoff.max.ms = 10000
	sasl.oauthbearer.jwks.endpoint.retry.backoff.ms = 100
	sasl.oauthbearer.jwks.endpoint.url = null
	sasl.oauthbearer.scope.claim.name = scope
	sasl.oauthbearer.sub.claim.name = sub
	sasl.oauthbearer.token.endpoint.url = null
	security.protocol = PLAINTEXT
	security.providers = null
	send.buffer.bytes = 131072
	session.timeout.ms = 45000
	socket.connection.setup.timeout.max.ms = 30000
	socket.connection.setup.timeout.ms = 10000
	ssl.cipher.suites = null
	ssl.enabled.protocols = [TLSv1.2, TLSv1.3]
	ssl.endpoint.identification.algorithm = https
	ssl.engine.factory.class = null
	ssl.key.password = null
	ssl.keymanager.algorithm = SunX509
	ssl.keystore.certificate.chain = null
	ssl.keystore.key = null
	ssl.keystore.location = null
	ssl.keystore.password = null
	ssl.keystore.type = JKS
	ssl.protocol = TLSv1.3
	ssl.provider = null
	ssl.secure.random.implementation = null
	ssl.trustmanager.algorithm = PKIX
	ssl.truststore.certificates = null
	ssl.truststore.location = null
	ssl.truststore.password = null
	ssl.truststore.type = JKS
	value.deserializer = class org.springframework.kafka.support.serializer.JsonDeserializer

2025-12-05 17:03:06 INFO  o.a.k.c.t.i.KafkaMetricsCollector - initializing Kafka metrics collector
2025-12-05 17:03:06 INFO  o.a.k.c.consumer.ConsumerConfig - These configurations '[spring.json.trusted.packages, spring.json.use.type.headers]' were supplied but are not used yet.
2025-12-05 17:03:06 INFO  o.a.kafka.common.utils.AppInfoParser - Kafka version: 3.9.1
2025-12-05 17:03:06 INFO  o.a.kafka.common.utils.AppInfoParser - Kafka commitId: f745dfdcee2b9851
2025-12-05 17:03:06 INFO  o.a.kafka.common.utils.AppInfoParser - Kafka startTimeMs: 1764954186361
2025-12-05 17:03:06 INFO  o.a.k.c.c.i.ClassicKafkaConsumer - [Consumer clientId=consumer-recon-group-8, groupId=recon-group] Subscribed to topic(s): normalized-transactions
2025-12-05 17:03:06 INFO  c.P.U.r.s.ReconciliationService - Starting reconciliation process
2025-12-05 17:03:06 INFO  c.P.U.recon.ReconServiceApplication - Started ReconServiceApplication in 17.568 seconds (process running for 3649.867)
2025-12-05 17:03:06 INFO  o.s.b.d.a.ConditionEvaluationDeltaLoggingListener - Condition evaluation unchanged
2025-12-05 17:03:06 INFO  c.P.U.r.s.NormalizedTransactionService - Fetched 1 normalized transactions from DB
2025-12-05 17:03:06 INFO  c.P.U.r.s.ReconciliationService - Fetched 1 normalized transactions for reconciliation
2025-12-05 17:03:06 INFO  org.apache.kafka.clients.Metadata - [Consumer clientId=consumer-recon-group-8, groupId=recon-group] Cluster ID: -Ev3b8JLS_uTHl36QpBdMw
2025-12-05 17:03:06 INFO  o.a.k.c.c.i.ConsumerCoordinator - [Consumer clientId=consumer-recon-group-8, groupId=recon-group] Discovered group coordinator kafka:9092 (id: 2147483646 rack: null)
2025-12-05 17:03:06 INFO  c.P.U.r.s.ReconciliationService - Saved reconciliation result to DB. normalizedKey=afif@upi|rahul@upi|100.00|2024-12-10T10:15:30, status=UNKNOWN_SOURCE
2025-12-05 17:03:06 INFO  o.a.k.c.c.i.ConsumerCoordinator - [Consumer clientId=consumer-recon-group-8, groupId=recon-group] (Re-)joining group
2025-12-05 17:03:06 ERROR o.s.s.s.TaskUtils$LoggingErrorHandler - Unexpected error occurred in scheduled task
java.lang.Error: Unresolved compilation problem: 
	The method send(String, ReconciliationResult) in the type KafkaTemplate<String,ReconciliationResult> is not applicable for the arguments (String, ReconciliationResultEvent)

	at com.Project.UPIRecon.recon.service.ReconciliationService.publishResult(ReconciliationService.java:55)
	at com.Project.UPIRecon.recon.service.ReconciliationService.reconcileTransactions(ReconciliationService.java:150)
	at java.base/jdk.internal.reflect.NativeMethodAccessorImpl.invoke0(Native Method)
	at java.base/jdk.internal.reflect.NativeMethodAccessorImpl.invoke(NativeMethodAccessorImpl.java:77)
	at java.base/jdk.internal.reflect.DelegatingMethodAccessorImpl.invoke(DelegatingMethodAccessorImpl.java:43)
	at java.base/java.lang.reflect.Method.invoke(Method.java:569)
	at org.springframework.scheduling.support.ScheduledMethodRunnable.runInternal(ScheduledMethodRunnable.java:130)
	at org.springframework.scheduling.support.ScheduledMethodRunnable.lambda$run$2(ScheduledMethodRunnable.java:124)
	at io.micrometer.observation.Observation.observe(Observation.java:498)
	at org.springframework.scheduling.support.ScheduledMethodRunnable.run(ScheduledMethodRunnable.java:124)
	at org.springframework.scheduling.config.Task$OutcomeTrackingRunnable.run(Task.java:85)
	at org.springframework.scheduling.support.DelegatingErrorHandlingRunnable.run(DelegatingErrorHandlingRunnable.java:54)
	at java.base/java.util.concurrent.Executors$RunnableAdapter.call(Executors.java:539)
	at java.base/java.util.concurrent.FutureTask.runAndReset(FutureTask.java:305)
	at java.base/java.util.concurrent.ScheduledThreadPoolExecutor$ScheduledFutureTask.run(ScheduledThreadPoolExecutor.java:305)
	at java.base/java.util.concurrent.ThreadPoolExecutor.runWorker(ThreadPoolExecutor.java:1136)
	at java.base/java.util.concurrent.ThreadPoolExecutor$Worker.run(ThreadPoolExecutor.java:635)
	at java.base/java.lang.Thread.run(Thread.java:840)
2025-12-05 17:03:06 INFO  o.a.k.c.c.i.ConsumerCoordinator - [Consumer clientId=consumer-recon-group-8, groupId=recon-group] Request joining group due to: need to re-join with the given member-id: consumer-recon-group-8-433038a3-b019-472e-8246-7c95239cff72
2025-12-05 17:03:06 INFO  o.a.k.c.c.i.ConsumerCoordinator - [Consumer clientId=consumer-recon-group-8, groupId=recon-group] (Re-)joining group
2025-12-05 17:03:09 INFO  o.a.k.c.c.i.ConsumerCoordinator - [Consumer clientId=consumer-recon-group-8, groupId=recon-group] Successfully joined group with generation Generation{generationId=15, memberId='consumer-recon-group-8-433038a3-b019-472e-8246-7c95239cff72', protocol='range'}
2025-12-05 17:03:09 INFO  o.a.k.c.c.i.ConsumerCoordinator - [Consumer clientId=consumer-recon-group-8, groupId=recon-group] Finished assignment for group at generation 15: {consumer-recon-group-8-433038a3-b019-472e-8246-7c95239cff72=Assignment(partitions=[normalized-transactions-0])}
2025-12-05 17:03:09 INFO  o.a.k.c.c.i.ConsumerCoordinator - [Consumer clientId=consumer-recon-group-8, groupId=recon-group] Successfully synced group in generation Generation{generationId=15, memberId='consumer-recon-group-8-433038a3-b019-472e-8246-7c95239cff72', protocol='range'}
2025-12-05 17:03:09 INFO  o.a.k.c.c.i.ConsumerCoordinator - [Consumer clientId=consumer-recon-group-8, groupId=recon-group] Notifying assignor about the new Assignment(partitions=[normalized-transactions-0])
2025-12-05 17:03:09 INFO  o.a.k.c.c.i.ConsumerRebalanceListenerInvoker - [Consumer clientId=consumer-recon-group-8, groupId=recon-group] Adding newly assigned partitions: normalized-transactions-0
2025-12-05 17:03:09 INFO  o.a.k.c.c.internals.ConsumerUtils - Setting offset for partition normalized-transactions-0 to the committed offset FetchPosition{offset=1, offsetEpoch=Optional.empty, currentLeader=LeaderAndEpoch{leader=Optional[kafka:9092 (id: 1 rack: null)], epoch=0}}
2025-12-05 17:03:09 INFO  o.s.k.l.KafkaMessageListenerContainer - recon-group: partitions assigned: [normalized-transactions-0]
2025-12-05 17:03:49 INFO  o.s.b.d.a.LocalDevToolsAutoConfiguration$RestartingClassPathChangeChangedEventListener - Restarting due to 1 class path change (0 additions, 0 deletions, 1 modification)
2025-12-05 17:03:49 INFO  o.a.k.c.c.i.ConsumerRebalanceListenerInvoker - [Consumer clientId=consumer-recon-group-8, groupId=recon-group] Revoke previously assigned partitions normalized-transactions-0
2025-12-05 17:03:49 INFO  o.s.k.l.KafkaMessageListenerContainer - recon-group: partitions revoked: [normalized-transactions-0]
2025-12-05 17:03:49 INFO  o.a.k.c.c.i.ConsumerCoordinator - [Consumer clientId=consumer-recon-group-8, groupId=recon-group] Member consumer-recon-group-8-433038a3-b019-472e-8246-7c95239cff72 sending LeaveGroup request to coordinator kafka:9092 (id: 2147483646 rack: null) due to the consumer unsubscribed from all topics
2025-12-05 17:03:49 INFO  o.a.k.c.c.i.ConsumerCoordinator - [Consumer clientId=consumer-recon-group-8, groupId=recon-group] Resetting generation and member id due to: consumer pro-actively leaving the group
2025-12-05 17:03:49 INFO  o.a.k.c.c.i.ConsumerCoordinator - [Consumer clientId=consumer-recon-group-8, groupId=recon-group] Request joining group due to: consumer pro-actively leaving the group
2025-12-05 17:03:49 INFO  o.a.k.c.c.i.ClassicKafkaConsumer - [Consumer clientId=consumer-recon-group-8, groupId=recon-group] Unsubscribed all topics or patterns and assigned partitions
2025-12-05 17:03:49 INFO  o.a.k.c.c.i.ConsumerCoordinator - [Consumer clientId=consumer-recon-group-8, groupId=recon-group] Resetting generation and member id due to: consumer pro-actively leaving the group
2025-12-05 17:03:49 INFO  o.a.k.c.c.i.ConsumerCoordinator - [Consumer clientId=consumer-recon-group-8, groupId=recon-group] Request joining group due to: consumer pro-actively leaving the group
2025-12-05 17:03:49 INFO  o.a.kafka.common.metrics.Metrics - Metrics scheduler closed
2025-12-05 17:03:49 INFO  o.a.kafka.common.metrics.Metrics - Closing reporter org.apache.kafka.common.metrics.JmxReporter
2025-12-05 17:03:49 INFO  o.a.kafka.common.metrics.Metrics - Closing reporter org.apache.kafka.common.telemetry.internals.ClientTelemetryReporter
2025-12-05 17:03:49 INFO  o.a.kafka.common.metrics.Metrics - Metrics reporters closed
2025-12-05 17:03:49 INFO  o.a.kafka.common.utils.AppInfoParser - App info kafka.consumer for consumer-recon-group-8 unregistered
2025-12-05 17:03:49 INFO  o.s.k.l.KafkaMessageListenerContainer - recon-group: Consumer stopped
2025-12-05 17:03:49 INFO  o.s.b.w.e.tomcat.GracefulShutdown - Commencing graceful shutdown. Waiting for active requests to complete
2025-12-05 17:03:49 INFO  o.a.coyote.http11.Http11NioProtocol - Pausing ProtocolHandler ["http-nio-8084"]
2025-12-05 17:03:49 INFO  o.s.b.w.e.tomcat.GracefulShutdown - Graceful shutdown complete
2025-12-05 17:03:49 INFO  o.a.coyote.http11.Http11NioProtocol - Stopping ProtocolHandler ["http-nio-8084"]
2025-12-05 17:03:49 INFO  o.s.o.j.LocalContainerEntityManagerFactoryBean - Closing JPA EntityManagerFactory for persistence unit 'default'
2025-12-05 17:03:49 INFO  com.zaxxer.hikari.HikariDataSource - HikariPool-9 - Shutdown initiated...
2025-12-05 17:03:49 INFO  com.zaxxer.hikari.HikariDataSource - HikariPool-9 - Shutdown completed.
2025-12-05 17:03:50 INFO  c.P.U.recon.ReconServiceApplication - Starting ReconServiceApplication using Java 17.0.17 with PID 50 (/app/target/classes started by root in /app)
2025-12-05 17:03:50 INFO  c.P.U.recon.ReconServiceApplication - No active profile set, falling back to 1 default profile: "default"
2025-12-05 17:03:59 INFO  o.s.d.r.c.RepositoryConfigurationDelegate - Bootstrapping Spring Data JPA repositories in DEFAULT mode.
2025-12-05 17:04:00 INFO  o.s.d.r.c.RepositoryConfigurationDelegate - Finished Spring Data repository scanning in 1505 ms. Found 2 JPA repository interfaces.
2025-12-05 17:04:03 INFO  o.s.b.w.e.tomcat.TomcatWebServer - Tomcat initialized with port 8084 (http)
2025-12-05 17:04:03 INFO  o.a.coyote.http11.Http11NioProtocol - Initializing ProtocolHandler ["http-nio-8084"]
2025-12-05 17:04:03 INFO  o.a.catalina.core.StandardService - Starting service [Tomcat]
2025-12-05 17:04:03 INFO  o.a.catalina.core.StandardEngine - Starting Servlet engine: [Apache Tomcat/10.1.42]
2025-12-05 17:04:04 INFO  o.a.c.c.C.[Tomcat-1].[localhost].[/] - Initializing Spring embedded WebApplicationContext
2025-12-05 17:04:04 INFO  o.s.b.w.s.c.ServletWebServerApplicationContext - Root WebApplicationContext: initialization completed in 13510 ms
2025-12-05 17:04:05 INFO  o.h.jpa.internal.util.LogHelper - HHH000204: Processing PersistenceUnitInfo [name: default]
2025-12-05 17:04:06 INFO  o.h.c.i.RegionFactoryInitiator - HHH000026: Second-level cache disabled
2025-12-05 17:04:06 INFO  o.s.o.j.p.SpringPersistenceUnitInfo - No LoadTimeWeaver setup: ignoring JPA class transformer
2025-12-05 17:04:06 INFO  com.zaxxer.hikari.HikariDataSource - HikariPool-10 - Starting...
2025-12-05 17:04:07 INFO  com.zaxxer.hikari.pool.HikariPool - HikariPool-10 - Added connection org.postgresql.jdbc.PgConnection@1fe23c15
2025-12-05 17:04:07 INFO  com.zaxxer.hikari.HikariDataSource - HikariPool-10 - Start completed.
2025-12-05 17:04:07 WARN  org.hibernate.orm.deprecation - HHH90000025: PostgreSQLDialect does not need to be specified explicitly using 'hibernate.dialect' (remove the property setting and it will be selected by default)
2025-12-05 17:04:07 INFO  o.hibernate.orm.connections.pooling - HHH10001005: Database info:
	Database JDBC URL [Connecting through datasource 'HikariDataSource (HikariPool-10)']
	Database driver: undefined/unknown
	Database version: 15.13
	Autocommit mode: undefined/unknown
	Isolation level: undefined/unknown
	Minimum pool size: undefined/unknown
	Maximum pool size: undefined/unknown
2025-12-05 17:04:10 INFO  o.h.e.t.j.p.i.JtaPlatformInitiator - HHH000489: No JTA platform available (set 'hibernate.transaction.jta.platform' to enable JTA platform integration)
2025-12-05 17:04:10 INFO  o.s.o.j.LocalContainerEntityManagerFactoryBean - Initialized JPA EntityManagerFactory for persistence unit 'default'
2025-12-05 17:04:12 WARN  o.s.b.w.s.c.AnnotationConfigServletWebServerApplicationContext - Exception encountered during context initialization - cancelling refresh attempt: org.springframework.beans.factory.UnsatisfiedDependencyException: Error creating bean with name 'reconciliationController': Unsatisfied dependency expressed through field 'reconciliationService': Error creating bean with name 'reconciliationService': Unsatisfied dependency expressed through field 'kafkaTemplate': No qualifying bean of type 'org.springframework.kafka.core.KafkaTemplate<java.lang.String, com.Project.UPIRecon.dto.ReconciliationResultEvent>' available: expected at least 1 bean which qualifies as autowire candidate. Dependency annotations: {@org.springframework.beans.factory.annotation.Autowired(required=true)}
2025-12-05 17:04:12 INFO  o.s.o.j.LocalContainerEntityManagerFactoryBean - Closing JPA EntityManagerFactory for persistence unit 'default'
2025-12-05 17:04:12 INFO  com.zaxxer.hikari.HikariDataSource - HikariPool-10 - Shutdown initiated...
2025-12-05 17:04:12 INFO  com.zaxxer.hikari.HikariDataSource - HikariPool-10 - Shutdown completed.
2025-12-05 17:04:12 INFO  o.a.catalina.core.StandardService - Stopping service [Tomcat]
2025-12-05 17:04:12 INFO  o.s.b.a.l.ConditionEvaluationReportLogger - 

Error starting ApplicationContext. To display the condition evaluation report re-run your application with 'debug' enabled.
2025-12-05 17:04:12 ERROR o.s.b.d.LoggingFailureAnalysisReporter - 

***************************
APPLICATION FAILED TO START
***************************

Description:

Field kafkaTemplate in com.Project.UPIRecon.recon.service.ReconciliationService required a bean of type 'org.springframework.kafka.core.KafkaTemplate' that could not be found.

The injection point has the following annotations:
	- @org.springframework.beans.factory.annotation.Autowired(required=true)


Action:

Consider defining a bean of type 'org.springframework.kafka.core.KafkaTemplate' in your configuration.

2025-12-05 17:26:30 INFO  o.h.validator.internal.util.Version - HV000001: Hibernate Validator 8.0.2.Final
2025-12-05 17:26:32 INFO  c.P.U.recon.ReconServiceApplication - Starting ReconServiceApplication using Java 17.0.17 with PID 51 (/app/target/classes started by root in /app)
2025-12-05 17:26:32 INFO  c.P.U.recon.ReconServiceApplication - No active profile set, falling back to 1 default profile: "default"
2025-12-05 17:26:33 INFO  o.s.b.d.e.DevToolsPropertyDefaultsPostProcessor - Devtools property defaults active! Set 'spring.devtools.add-properties' to 'false' to disable
2025-12-05 17:26:33 INFO  o.s.b.d.e.DevToolsPropertyDefaultsPostProcessor - For additional web related logging consider setting the 'logging.level.web' property to 'DEBUG'
2025-12-05 17:27:05 INFO  o.s.d.r.c.RepositoryConfigurationDelegate - Bootstrapping Spring Data JPA repositories in DEFAULT mode.
2025-12-05 17:27:06 INFO  o.s.d.r.c.RepositoryConfigurationDelegate - Finished Spring Data repository scanning in 1198 ms. Found 2 JPA repository interfaces.
2025-12-05 17:27:17 INFO  o.s.b.w.e.tomcat.TomcatWebServer - Tomcat initialized with port 8084 (http)
2025-12-05 17:27:17 INFO  o.a.coyote.http11.Http11NioProtocol - Initializing ProtocolHandler ["http-nio-8084"]
2025-12-05 17:27:17 INFO  o.a.catalina.core.StandardService - Starting service [Tomcat]
2025-12-05 17:27:17 INFO  o.a.catalina.core.StandardEngine - Starting Servlet engine: [Apache Tomcat/10.1.42]
2025-12-05 17:27:18 INFO  o.a.c.c.C.[Tomcat].[localhost].[/] - Initializing Spring embedded WebApplicationContext
2025-12-05 17:27:19 INFO  o.s.b.w.s.c.ServletWebServerApplicationContext - Root WebApplicationContext: initialization completed in 45045 ms
2025-12-05 17:27:22 INFO  o.h.jpa.internal.util.LogHelper - HHH000204: Processing PersistenceUnitInfo [name: default]
2025-12-05 17:27:26 INFO  org.hibernate.Version - HHH000412: Hibernate ORM core version 6.6.18.Final
2025-12-05 17:27:30 INFO  o.h.c.i.RegionFactoryInitiator - HHH000026: Second-level cache disabled
