2025-12-06 04:37:34 INFO  o.s.o.j.p.SpringPersistenceUnitInfo - No LoadTimeWeaver setup: ignoring JPA class transformer
2025-12-06 04:37:35 INFO  com.zaxxer.hikari.HikariDataSource - HikariPool-1 - Starting...
2025-12-06 04:37:50 INFO  com.zaxxer.hikari.pool.HikariPool - HikariPool-1 - Added connection org.postgresql.jdbc.PgConnection@9a736b3
2025-12-06 04:37:50 INFO  com.zaxxer.hikari.HikariDataSource - HikariPool-1 - Start completed.
2025-12-06 04:37:52 WARN  org.hibernate.orm.deprecation - HHH90000025: PostgreSQLDialect does not need to be specified explicitly using 'hibernate.dialect' (remove the property setting and it will be selected by default)
2025-12-06 04:37:53 INFO  o.hibernate.orm.connections.pooling - HHH10001005: Database info:
	Database JDBC URL [Connecting through datasource 'HikariDataSource (HikariPool-1)']
	Database driver: undefined/unknown
	Database version: 15.13
	Autocommit mode: undefined/unknown
	Isolation level: undefined/unknown
	Minimum pool size: undefined/unknown
	Maximum pool size: undefined/unknown
2025-12-06 04:38:35 INFO  o.h.e.t.j.p.i.JtaPlatformInitiator - HHH000489: No JTA platform available (set 'hibernate.transaction.jta.platform' to enable JTA platform integration)
2025-12-06 04:38:37 INFO  o.s.o.j.LocalContainerEntityManagerFactoryBean - Initialized JPA EntityManagerFactory for persistence unit 'default'
2025-12-06 04:38:43 WARN  o.s.b.w.s.c.AnnotationConfigServletWebServerApplicationContext - Exception encountered during context initialization - cancelling refresh attempt: org.springframework.beans.factory.UnsatisfiedDependencyException: Error creating bean with name 'reconciliationController': Unsatisfied dependency expressed through field 'reconciliationService': Error creating bean with name 'reconciliationService': Unsatisfied dependency expressed through field 'kafkaTemplate': No qualifying bean of type 'org.springframework.kafka.core.KafkaTemplate<java.lang.String, com.Project.UPIRecon.dto.ReconciliationResultEvent>' available: expected at least 1 bean which qualifies as autowire candidate. Dependency annotations: {@org.springframework.beans.factory.annotation.Autowired(required=true)}
2025-12-06 04:38:43 INFO  o.s.o.j.LocalContainerEntityManagerFactoryBean - Closing JPA EntityManagerFactory for persistence unit 'default'
2025-12-06 04:38:43 INFO  com.zaxxer.hikari.HikariDataSource - HikariPool-1 - Shutdown initiated...
2025-12-06 04:38:43 INFO  com.zaxxer.hikari.HikariDataSource - HikariPool-1 - Shutdown completed.
2025-12-06 04:38:43 INFO  o.a.catalina.core.StandardService - Stopping service [Tomcat]
2025-12-06 04:38:43 INFO  o.s.b.a.l.ConditionEvaluationReportLogger - 

Error starting ApplicationContext. To display the condition evaluation report re-run your application with 'debug' enabled.
2025-12-06 04:38:44 ERROR o.s.b.d.LoggingFailureAnalysisReporter - 

***************************
APPLICATION FAILED TO START
***************************

Description:

Field kafkaTemplate in com.Project.UPIRecon.recon.service.ReconciliationService required a bean of type 'org.springframework.kafka.core.KafkaTemplate' that could not be found.

The injection point has the following annotations:
	- @org.springframework.beans.factory.annotation.Autowired(required=true)


Action:

Consider defining a bean of type 'org.springframework.kafka.core.KafkaTemplate' in your configuration.

2025-12-06 04:58:26 INFO  o.h.validator.internal.util.Version - HV000001: Hibernate Validator 8.0.2.Final
2025-12-06 04:58:26 INFO  c.P.U.recon.ReconServiceApplication - Starting ReconServiceApplication using Java 17.0.17 with PID 60 (/app/target/classes started by root in /app)
2025-12-06 04:58:26 INFO  c.P.U.recon.ReconServiceApplication - No active profile set, falling back to 1 default profile: "default"
2025-12-06 04:58:27 INFO  o.s.b.d.e.DevToolsPropertyDefaultsPostProcessor - Devtools property defaults active! Set 'spring.devtools.add-properties' to 'false' to disable
2025-12-06 04:58:27 INFO  o.s.b.d.e.DevToolsPropertyDefaultsPostProcessor - For additional web related logging consider setting the 'logging.level.web' property to 'DEBUG'
2025-12-06 04:58:43 INFO  o.s.d.r.c.RepositoryConfigurationDelegate - Bootstrapping Spring Data JPA repositories in DEFAULT mode.
2025-12-06 04:58:44 INFO  o.s.d.r.c.RepositoryConfigurationDelegate - Finished Spring Data repository scanning in 1161 ms. Found 2 JPA repository interfaces.
2025-12-06 04:58:53 INFO  o.s.b.w.e.tomcat.TomcatWebServer - Tomcat initialized with port 8084 (http)
2025-12-06 04:58:53 INFO  o.a.coyote.http11.Http11NioProtocol - Initializing ProtocolHandler ["http-nio-8084"]
2025-12-06 04:58:53 INFO  o.a.catalina.core.StandardService - Starting service [Tomcat]
2025-12-06 04:58:53 INFO  o.a.catalina.core.StandardEngine - Starting Servlet engine: [Apache Tomcat/10.1.42]
2025-12-06 04:58:54 INFO  o.a.c.c.C.[Tomcat].[localhost].[/] - Initializing Spring embedded WebApplicationContext
2025-12-06 04:58:54 INFO  o.s.b.w.s.c.ServletWebServerApplicationContext - Root WebApplicationContext: initialization completed in 26653 ms
2025-12-06 04:58:56 INFO  o.h.jpa.internal.util.LogHelper - HHH000204: Processing PersistenceUnitInfo [name: default]
2025-12-06 04:58:57 INFO  org.hibernate.Version - HHH000412: Hibernate ORM core version 6.6.18.Final
2025-12-06 04:58:58 INFO  o.h.c.i.RegionFactoryInitiator - HHH000026: Second-level cache disabled
2025-12-06 04:59:03 INFO  o.s.o.j.p.SpringPersistenceUnitInfo - No LoadTimeWeaver setup: ignoring JPA class transformer
2025-12-06 04:59:03 INFO  com.zaxxer.hikari.HikariDataSource - HikariPool-1 - Starting...
2025-12-06 04:59:06 INFO  com.zaxxer.hikari.pool.HikariPool - HikariPool-1 - Added connection org.postgresql.jdbc.PgConnection@406d2644
2025-12-06 04:59:06 INFO  com.zaxxer.hikari.HikariDataSource - HikariPool-1 - Start completed.
2025-12-06 04:59:07 WARN  org.hibernate.orm.deprecation - HHH90000025: PostgreSQLDialect does not need to be specified explicitly using 'hibernate.dialect' (remove the property setting and it will be selected by default)
2025-12-06 04:59:07 INFO  o.hibernate.orm.connections.pooling - HHH10001005: Database info:
	Database JDBC URL [Connecting through datasource 'HikariDataSource (HikariPool-1)']
	Database driver: undefined/unknown
	Database version: 15.13
	Autocommit mode: undefined/unknown
	Isolation level: undefined/unknown
	Minimum pool size: undefined/unknown
	Maximum pool size: undefined/unknown
2025-12-06 04:59:25 INFO  o.h.e.t.j.p.i.JtaPlatformInitiator - HHH000489: No JTA platform available (set 'hibernate.transaction.jta.platform' to enable JTA platform integration)
2025-12-06 04:59:26 INFO  o.s.o.j.LocalContainerEntityManagerFactoryBean - Initialized JPA EntityManagerFactory for persistence unit 'default'
2025-12-06 04:59:30 WARN  o.s.b.w.s.c.AnnotationConfigServletWebServerApplicationContext - Exception encountered during context initialization - cancelling refresh attempt: org.springframework.beans.factory.UnsatisfiedDependencyException: Error creating bean with name 'reconciliationController': Unsatisfied dependency expressed through field 'reconciliationService': Error creating bean with name 'reconciliationService': Unsatisfied dependency expressed through field 'kafkaTemplate': No qualifying bean of type 'org.springframework.kafka.core.KafkaTemplate<java.lang.String, com.Project.UPIRecon.dto.ReconciliationResultEvent>' available: expected at least 1 bean which qualifies as autowire candidate. Dependency annotations: {@org.springframework.beans.factory.annotation.Autowired(required=true)}
2025-12-06 04:59:30 INFO  o.s.o.j.LocalContainerEntityManagerFactoryBean - Closing JPA EntityManagerFactory for persistence unit 'default'
2025-12-06 04:59:30 INFO  com.zaxxer.hikari.HikariDataSource - HikariPool-1 - Shutdown initiated...
2025-12-06 04:59:30 INFO  com.zaxxer.hikari.HikariDataSource - HikariPool-1 - Shutdown completed.
2025-12-06 04:59:30 INFO  o.a.catalina.core.StandardService - Stopping service [Tomcat]
2025-12-06 04:59:31 INFO  o.s.b.a.l.ConditionEvaluationReportLogger - 

Error starting ApplicationContext. To display the condition evaluation report re-run your application with 'debug' enabled.
2025-12-06 04:59:31 ERROR o.s.b.d.LoggingFailureAnalysisReporter - 

***************************
APPLICATION FAILED TO START
***************************

Description:

Field kafkaTemplate in com.Project.UPIRecon.recon.service.ReconciliationService required a bean of type 'org.springframework.kafka.core.KafkaTemplate' that could not be found.

The injection point has the following annotations:
	- @org.springframework.beans.factory.annotation.Autowired(required=true)


Action:

Consider defining a bean of type 'org.springframework.kafka.core.KafkaTemplate' in your configuration.

2025-12-06 05:29:05 INFO  o.h.validator.internal.util.Version - HV000001: Hibernate Validator 8.0.2.Final
2025-12-06 05:29:06 INFO  c.P.U.recon.ReconServiceApplication - Starting ReconServiceApplication using Java 17.0.17 with PID 71 (/app/target/classes started by root in /app)
2025-12-06 05:29:06 INFO  c.P.U.recon.ReconServiceApplication - No active profile set, falling back to 1 default profile: "default"
2025-12-06 05:29:07 INFO  o.s.b.d.e.DevToolsPropertyDefaultsPostProcessor - Devtools property defaults active! Set 'spring.devtools.add-properties' to 'false' to disable
2025-12-06 05:29:07 INFO  o.s.b.d.e.DevToolsPropertyDefaultsPostProcessor - For additional web related logging consider setting the 'logging.level.web' property to 'DEBUG'
2025-12-06 05:29:24 INFO  o.s.d.r.c.RepositoryConfigurationDelegate - Bootstrapping Spring Data JPA repositories in DEFAULT mode.
2025-12-06 05:29:26 INFO  o.s.d.r.c.RepositoryConfigurationDelegate - Finished Spring Data repository scanning in 1080 ms. Found 2 JPA repository interfaces.
2025-12-06 05:29:33 INFO  o.s.b.w.e.tomcat.TomcatWebServer - Tomcat initialized with port 8084 (http)
2025-12-06 05:29:33 INFO  o.a.coyote.http11.Http11NioProtocol - Initializing ProtocolHandler ["http-nio-8084"]
2025-12-06 05:29:33 INFO  o.a.catalina.core.StandardService - Starting service [Tomcat]
2025-12-06 05:29:33 INFO  o.a.catalina.core.StandardEngine - Starting Servlet engine: [Apache Tomcat/10.1.42]
2025-12-06 05:29:34 INFO  o.a.c.c.C.[Tomcat].[localhost].[/] - Initializing Spring embedded WebApplicationContext
2025-12-06 05:29:34 INFO  o.s.b.w.s.c.ServletWebServerApplicationContext - Root WebApplicationContext: initialization completed in 27083 ms
2025-12-06 05:29:35 INFO  o.h.jpa.internal.util.LogHelper - HHH000204: Processing PersistenceUnitInfo [name: default]
2025-12-06 05:29:37 INFO  org.hibernate.Version - HHH000412: Hibernate ORM core version 6.6.18.Final
2025-12-06 05:29:37 INFO  o.h.c.i.RegionFactoryInitiator - HHH000026: Second-level cache disabled
2025-12-06 05:29:41 INFO  o.s.o.j.p.SpringPersistenceUnitInfo - No LoadTimeWeaver setup: ignoring JPA class transformer
2025-12-06 05:29:42 INFO  com.zaxxer.hikari.HikariDataSource - HikariPool-1 - Starting...
2025-12-06 05:29:45 INFO  com.zaxxer.hikari.pool.HikariPool - HikariPool-1 - Added connection org.postgresql.jdbc.PgConnection@565e099f
2025-12-06 05:29:46 INFO  com.zaxxer.hikari.HikariDataSource - HikariPool-1 - Start completed.
2025-12-06 05:29:48 WARN  org.hibernate.orm.deprecation - HHH90000025: PostgreSQLDialect does not need to be specified explicitly using 'hibernate.dialect' (remove the property setting and it will be selected by default)
2025-12-06 05:29:49 INFO  o.hibernate.orm.connections.pooling - HHH10001005: Database info:
	Database JDBC URL [Connecting through datasource 'HikariDataSource (HikariPool-1)']
	Database driver: undefined/unknown
	Database version: 15.13
	Autocommit mode: undefined/unknown
	Isolation level: undefined/unknown
	Minimum pool size: undefined/unknown
	Maximum pool size: undefined/unknown
2025-12-06 05:30:10 INFO  o.h.e.t.j.p.i.JtaPlatformInitiator - HHH000489: No JTA platform available (set 'hibernate.transaction.jta.platform' to enable JTA platform integration)
2025-12-06 05:30:11 INFO  o.s.o.j.LocalContainerEntityManagerFactoryBean - Initialized JPA EntityManagerFactory for persistence unit 'default'
2025-12-06 05:30:15 WARN  o.s.b.w.s.c.AnnotationConfigServletWebServerApplicationContext - Exception encountered during context initialization - cancelling refresh attempt: org.springframework.beans.factory.UnsatisfiedDependencyException: Error creating bean with name 'reconciliationController': Unsatisfied dependency expressed through field 'reconciliationService': Error creating bean with name 'reconciliationService': Unsatisfied dependency expressed through field 'kafkaTemplate': No qualifying bean of type 'org.springframework.kafka.core.KafkaTemplate<java.lang.String, com.Project.UPIRecon.dto.ReconciliationResultEvent>' available: expected at least 1 bean which qualifies as autowire candidate. Dependency annotations: {@org.springframework.beans.factory.annotation.Autowired(required=true)}
2025-12-06 05:30:15 INFO  o.s.o.j.LocalContainerEntityManagerFactoryBean - Closing JPA EntityManagerFactory for persistence unit 'default'
2025-12-06 05:30:15 INFO  com.zaxxer.hikari.HikariDataSource - HikariPool-1 - Shutdown initiated...
2025-12-06 05:30:15 INFO  com.zaxxer.hikari.HikariDataSource - HikariPool-1 - Shutdown completed.
2025-12-06 05:30:15 INFO  o.a.catalina.core.StandardService - Stopping service [Tomcat]
2025-12-06 05:30:15 INFO  o.s.b.a.l.ConditionEvaluationReportLogger - 

Error starting ApplicationContext. To display the condition evaluation report re-run your application with 'debug' enabled.
2025-12-06 05:30:16 ERROR o.s.b.d.LoggingFailureAnalysisReporter - 

***************************
APPLICATION FAILED TO START
***************************

Description:

Field kafkaTemplate in com.Project.UPIRecon.recon.service.ReconciliationService required a bean of type 'org.springframework.kafka.core.KafkaTemplate' that could not be found.

The injection point has the following annotations:
	- @org.springframework.beans.factory.annotation.Autowired(required=true)


Action:

Consider defining a bean of type 'org.springframework.kafka.core.KafkaTemplate' in your configuration.

2025-12-06 05:31:34 INFO  o.h.validator.internal.util.Version - HV000001: Hibernate Validator 8.0.2.Final
2025-12-06 05:31:35 INFO  c.P.U.recon.ReconServiceApplication - Starting ReconServiceApplication using Java 17.0.17 with PID 51 (/app/target/classes started by root in /app)
2025-12-06 05:31:35 INFO  c.P.U.recon.ReconServiceApplication - No active profile set, falling back to 1 default profile: "default"
2025-12-06 05:31:35 INFO  o.s.b.d.e.DevToolsPropertyDefaultsPostProcessor - Devtools property defaults active! Set 'spring.devtools.add-properties' to 'false' to disable
2025-12-06 05:31:35 INFO  o.s.b.d.e.DevToolsPropertyDefaultsPostProcessor - For additional web related logging consider setting the 'logging.level.web' property to 'DEBUG'
2025-12-06 05:31:43 INFO  o.s.d.r.c.RepositoryConfigurationDelegate - Bootstrapping Spring Data JPA repositories in DEFAULT mode.
2025-12-06 05:31:43 INFO  o.s.d.r.c.RepositoryConfigurationDelegate - Finished Spring Data repository scanning in 530 ms. Found 2 JPA repository interfaces.
2025-12-06 05:31:48 INFO  o.s.b.w.e.tomcat.TomcatWebServer - Tomcat initialized with port 8084 (http)
2025-12-06 05:31:48 INFO  o.a.coyote.http11.Http11NioProtocol - Initializing ProtocolHandler ["http-nio-8084"]
2025-12-06 05:31:48 INFO  o.a.catalina.core.StandardService - Starting service [Tomcat]
2025-12-06 05:31:48 INFO  o.a.catalina.core.StandardEngine - Starting Servlet engine: [Apache Tomcat/10.1.42]
2025-12-06 05:31:48 INFO  o.a.c.c.C.[Tomcat].[localhost].[/] - Initializing Spring embedded WebApplicationContext
2025-12-06 05:31:48 INFO  o.s.b.w.s.c.ServletWebServerApplicationContext - Root WebApplicationContext: initialization completed in 13031 ms
2025-12-06 05:31:50 INFO  o.h.jpa.internal.util.LogHelper - HHH000204: Processing PersistenceUnitInfo [name: default]
2025-12-06 05:31:50 INFO  org.hibernate.Version - HHH000412: Hibernate ORM core version 6.6.18.Final
2025-12-06 05:31:51 INFO  o.h.c.i.RegionFactoryInitiator - HHH000026: Second-level cache disabled
2025-12-06 05:31:55 INFO  o.s.o.j.p.SpringPersistenceUnitInfo - No LoadTimeWeaver setup: ignoring JPA class transformer
2025-12-06 05:31:56 INFO  com.zaxxer.hikari.HikariDataSource - HikariPool-1 - Starting...
2025-12-06 05:31:57 INFO  com.zaxxer.hikari.pool.HikariPool - HikariPool-1 - Added connection org.postgresql.jdbc.PgConnection@406d2644
2025-12-06 05:31:57 INFO  com.zaxxer.hikari.HikariDataSource - HikariPool-1 - Start completed.
2025-12-06 05:31:58 WARN  org.hibernate.orm.deprecation - HHH90000025: PostgreSQLDialect does not need to be specified explicitly using 'hibernate.dialect' (remove the property setting and it will be selected by default)
2025-12-06 05:31:58 INFO  o.hibernate.orm.connections.pooling - HHH10001005: Database info:
	Database JDBC URL [Connecting through datasource 'HikariDataSource (HikariPool-1)']
	Database driver: undefined/unknown
	Database version: 15.13
	Autocommit mode: undefined/unknown
	Isolation level: undefined/unknown
	Minimum pool size: undefined/unknown
	Maximum pool size: undefined/unknown
2025-12-06 05:32:08 INFO  o.h.e.t.j.p.i.JtaPlatformInitiator - HHH000489: No JTA platform available (set 'hibernate.transaction.jta.platform' to enable JTA platform integration)
2025-12-06 05:32:09 INFO  o.s.o.j.LocalContainerEntityManagerFactoryBean - Initialized JPA EntityManagerFactory for persistence unit 'default'
2025-12-06 05:32:10 WARN  o.s.b.w.s.c.AnnotationConfigServletWebServerApplicationContext - Exception encountered during context initialization - cancelling refresh attempt: org.springframework.beans.factory.UnsatisfiedDependencyException: Error creating bean with name 'reconciliationController': Unsatisfied dependency expressed through field 'reconciliationService': Error creating bean with name 'reconciliationService': Unsatisfied dependency expressed through field 'kafkaTemplate': No qualifying bean of type 'org.springframework.kafka.core.KafkaTemplate<java.lang.String, com.Project.UPIRecon.dto.ReconciliationResultEvent>' available: expected at least 1 bean which qualifies as autowire candidate. Dependency annotations: {@org.springframework.beans.factory.annotation.Autowired(required=true)}
2025-12-06 05:32:10 INFO  o.s.o.j.LocalContainerEntityManagerFactoryBean - Closing JPA EntityManagerFactory for persistence unit 'default'
2025-12-06 05:32:10 INFO  com.zaxxer.hikari.HikariDataSource - HikariPool-1 - Shutdown initiated...
2025-12-06 05:32:10 INFO  com.zaxxer.hikari.HikariDataSource - HikariPool-1 - Shutdown completed.
2025-12-06 05:32:10 INFO  o.a.catalina.core.StandardService - Stopping service [Tomcat]
2025-12-06 05:32:10 INFO  o.s.b.a.l.ConditionEvaluationReportLogger - 

Error starting ApplicationContext. To display the condition evaluation report re-run your application with 'debug' enabled.
2025-12-06 05:32:11 ERROR o.s.b.d.LoggingFailureAnalysisReporter - 

***************************
APPLICATION FAILED TO START
***************************

Description:

Field kafkaTemplate in com.Project.UPIRecon.recon.service.ReconciliationService required a bean of type 'org.springframework.kafka.core.KafkaTemplate' that could not be found.

The injection point has the following annotations:
	- @org.springframework.beans.factory.annotation.Autowired(required=true)


Action:

Consider defining a bean of type 'org.springframework.kafka.core.KafkaTemplate' in your configuration.

2025-12-06 05:36:40 INFO  o.h.validator.internal.util.Version - HV000001: Hibernate Validator 8.0.2.Final
2025-12-06 05:36:41 INFO  c.P.U.recon.ReconServiceApplication - Starting ReconServiceApplication using Java 17.0.17 with PID 53 (/app/target/classes started by root in /app)
2025-12-06 05:36:41 INFO  c.P.U.recon.ReconServiceApplication - No active profile set, falling back to 1 default profile: "default"
2025-12-06 05:36:42 INFO  o.s.b.d.e.DevToolsPropertyDefaultsPostProcessor - Devtools property defaults active! Set 'spring.devtools.add-properties' to 'false' to disable
2025-12-06 05:36:42 INFO  o.s.b.d.e.DevToolsPropertyDefaultsPostProcessor - For additional web related logging consider setting the 'logging.level.web' property to 'DEBUG'
2025-12-06 05:37:02 INFO  o.s.d.r.c.RepositoryConfigurationDelegate - Bootstrapping Spring Data JPA repositories in DEFAULT mode.
2025-12-06 05:37:03 INFO  o.s.d.r.c.RepositoryConfigurationDelegate - Finished Spring Data repository scanning in 1159 ms. Found 2 JPA repository interfaces.
2025-12-06 05:37:22 INFO  o.s.b.w.e.tomcat.TomcatWebServer - Tomcat initialized with port 8084 (http)
2025-12-06 05:37:22 INFO  o.a.coyote.http11.Http11NioProtocol - Initializing ProtocolHandler ["http-nio-8084"]
2025-12-06 05:37:22 INFO  o.a.catalina.core.StandardService - Starting service [Tomcat]
2025-12-06 05:37:22 INFO  o.a.catalina.core.StandardEngine - Starting Servlet engine: [Apache Tomcat/10.1.42]
2025-12-06 05:37:22 INFO  o.a.c.c.C.[Tomcat].[localhost].[/] - Initializing Spring embedded WebApplicationContext
2025-12-06 05:37:22 INFO  o.s.b.w.s.c.ServletWebServerApplicationContext - Root WebApplicationContext: initialization completed in 40606 ms
2025-12-06 05:37:24 INFO  o.h.jpa.internal.util.LogHelper - HHH000204: Processing PersistenceUnitInfo [name: default]
2025-12-06 05:37:24 INFO  org.hibernate.Version - HHH000412: Hibernate ORM core version 6.6.18.Final
2025-12-06 05:37:25 INFO  o.h.c.i.RegionFactoryInitiator - HHH000026: Second-level cache disabled
2025-12-06 05:37:28 INFO  o.s.o.j.p.SpringPersistenceUnitInfo - No LoadTimeWeaver setup: ignoring JPA class transformer
2025-12-06 05:37:29 INFO  com.zaxxer.hikari.HikariDataSource - HikariPool-1 - Starting...
2025-12-06 05:37:31 INFO  com.zaxxer.hikari.pool.HikariPool - HikariPool-1 - Added connection org.postgresql.jdbc.PgConnection@d2c366a
2025-12-06 05:37:31 INFO  com.zaxxer.hikari.HikariDataSource - HikariPool-1 - Start completed.
2025-12-06 05:37:32 WARN  org.hibernate.orm.deprecation - HHH90000025: PostgreSQLDialect does not need to be specified explicitly using 'hibernate.dialect' (remove the property setting and it will be selected by default)
2025-12-06 05:37:32 INFO  o.hibernate.orm.connections.pooling - HHH10001005: Database info:
	Database JDBC URL [Connecting through datasource 'HikariDataSource (HikariPool-1)']
	Database driver: undefined/unknown
	Database version: 15.13
	Autocommit mode: undefined/unknown
	Isolation level: undefined/unknown
	Minimum pool size: undefined/unknown
	Maximum pool size: undefined/unknown
2025-12-06 05:37:51 INFO  o.h.e.t.j.p.i.JtaPlatformInitiator - HHH000489: No JTA platform available (set 'hibernate.transaction.jta.platform' to enable JTA platform integration)
2025-12-06 05:37:52 INFO  o.s.o.j.LocalContainerEntityManagerFactoryBean - Initialized JPA EntityManagerFactory for persistence unit 'default'
2025-12-06 05:37:59 WARN  o.s.b.a.o.j.JpaBaseConfiguration$JpaWebConfiguration - spring.jpa.open-in-view is enabled by default. Therefore, database queries may be performed during view rendering. Explicitly configure spring.jpa.open-in-view to disable this warning
2025-12-06 05:38:04 INFO  o.s.b.d.a.OptionalLiveReloadServer - LiveReload server is running on port 35729
2025-12-06 05:38:05 INFO  o.a.coyote.http11.Http11NioProtocol - Starting ProtocolHandler ["http-nio-8084"]
2025-12-06 05:38:05 INFO  o.s.b.w.e.tomcat.TomcatWebServer - Tomcat started on port 8084 (http) with context path '/'
2025-12-06 05:38:05 INFO  o.a.k.c.consumer.ConsumerConfig - ConsumerConfig values: 
	allow.auto.create.topics = true
	auto.commit.interval.ms = 5000
	auto.include.jmx.reporter = true
	auto.offset.reset = latest
	bootstrap.servers = [kafka:9092]
	check.crcs = true
	client.dns.lookup = use_all_dns_ips
	client.id = consumer-recon-group-1
	client.rack = 
	connections.max.idle.ms = 540000
	default.api.timeout.ms = 60000
	enable.auto.commit = false
	enable.metrics.push = true
	exclude.internal.topics = true
	fetch.max.bytes = 52428800
	fetch.max.wait.ms = 500
	fetch.min.bytes = 1
	group.id = recon-group
	group.instance.id = null
	group.protocol = classic
	group.remote.assignor = null
	heartbeat.interval.ms = 3000
	interceptor.classes = []
	internal.leave.group.on.close = true
	internal.throw.on.fetch.stable.offset.unsupported = false
	isolation.level = read_uncommitted
	key.deserializer = class org.apache.kafka.common.serialization.StringDeserializer
	max.partition.fetch.bytes = 1048576
	max.poll.interval.ms = 300000
	max.poll.records = 500
	metadata.max.age.ms = 300000
	metadata.recovery.strategy = none
	metric.reporters = []
	metrics.num.samples = 2
	metrics.recording.level = INFO
	metrics.sample.window.ms = 30000
	partition.assignment.strategy = [class org.apache.kafka.clients.consumer.RangeAssignor, class org.apache.kafka.clients.consumer.CooperativeStickyAssignor]
	receive.buffer.bytes = 65536
	reconnect.backoff.max.ms = 1000
	reconnect.backoff.ms = 50
	request.timeout.ms = 30000
	retry.backoff.max.ms = 1000
	retry.backoff.ms = 100
	sasl.client.callback.handler.class = null
	sasl.jaas.config = null
	sasl.kerberos.kinit.cmd = /usr/bin/kinit
	sasl.kerberos.min.time.before.relogin = 60000
	sasl.kerberos.service.name = null
	sasl.kerberos.ticket.renew.jitter = 0.05
	sasl.kerberos.ticket.renew.window.factor = 0.8
	sasl.login.callback.handler.class = null
	sasl.login.class = null
	sasl.login.connect.timeout.ms = null
	sasl.login.read.timeout.ms = null
	sasl.login.refresh.buffer.seconds = 300
	sasl.login.refresh.min.period.seconds = 60
	sasl.login.refresh.window.factor = 0.8
	sasl.login.refresh.window.jitter = 0.05
	sasl.login.retry.backoff.max.ms = 10000
	sasl.login.retry.backoff.ms = 100
	sasl.mechanism = GSSAPI
	sasl.oauthbearer.clock.skew.seconds = 30
	sasl.oauthbearer.expected.audience = null
	sasl.oauthbearer.expected.issuer = null
	sasl.oauthbearer.header.urlencode = false
	sasl.oauthbearer.jwks.endpoint.refresh.ms = 3600000
	sasl.oauthbearer.jwks.endpoint.retry.backoff.max.ms = 10000
	sasl.oauthbearer.jwks.endpoint.retry.backoff.ms = 100
	sasl.oauthbearer.jwks.endpoint.url = null
	sasl.oauthbearer.scope.claim.name = scope
	sasl.oauthbearer.sub.claim.name = sub
	sasl.oauthbearer.token.endpoint.url = null
	security.protocol = PLAINTEXT
	security.providers = null
	send.buffer.bytes = 131072
	session.timeout.ms = 45000
	socket.connection.setup.timeout.max.ms = 30000
	socket.connection.setup.timeout.ms = 10000
	ssl.cipher.suites = null
	ssl.enabled.protocols = [TLSv1.2, TLSv1.3]
	ssl.endpoint.identification.algorithm = https
	ssl.engine.factory.class = null
	ssl.key.password = null
	ssl.keymanager.algorithm = SunX509
	ssl.keystore.certificate.chain = null
	ssl.keystore.key = null
	ssl.keystore.location = null
	ssl.keystore.password = null
	ssl.keystore.type = JKS
	ssl.protocol = TLSv1.3
	ssl.provider = null
	ssl.secure.random.implementation = null
	ssl.trustmanager.algorithm = PKIX
	ssl.truststore.certificates = null
	ssl.truststore.location = null
	ssl.truststore.password = null
	ssl.truststore.type = JKS
	value.deserializer = class org.springframework.kafka.support.serializer.JsonDeserializer

2025-12-06 05:38:06 INFO  o.a.k.c.t.i.KafkaMetricsCollector - initializing Kafka metrics collector
2025-12-06 05:38:06 INFO  o.a.k.c.consumer.ConsumerConfig - These configurations '[spring.json.trusted.packages, spring.json.use.type.headers]' were supplied but are not used yet.
2025-12-06 05:38:06 INFO  o.a.kafka.common.utils.AppInfoParser - Kafka version: 3.9.1
2025-12-06 05:38:06 INFO  o.a.kafka.common.utils.AppInfoParser - Kafka commitId: f745dfdcee2b9851
2025-12-06 05:38:06 INFO  o.a.kafka.common.utils.AppInfoParser - Kafka startTimeMs: 1764999486757
2025-12-06 05:38:06 INFO  o.a.k.c.c.i.ClassicKafkaConsumer - [Consumer clientId=consumer-recon-group-1, groupId=recon-group] Subscribed to topic(s): normalized-transactions
2025-12-06 05:38:06 INFO  c.P.U.recon.ReconServiceApplication - Started ReconServiceApplication in 94.224 seconds (process running for 100.079)
2025-12-06 05:38:06 INFO  c.P.U.r.s.ReconciliationService - Starting reconciliation process
2025-12-06 05:38:08 INFO  c.P.U.r.s.NormalizedTransactionService - Fetched 0 normalized transactions from DB
2025-12-06 05:38:08 INFO  c.P.U.r.s.ReconciliationService - Fetched 0 normalized transactions for reconciliation
2025-12-06 05:38:08 INFO  c.P.U.r.s.ReconciliationService - Reconciliation process completed successfully
2025-12-06 05:38:12 WARN  o.apache.kafka.clients.NetworkClient - [Consumer clientId=consumer-recon-group-1, groupId=recon-group] The metadata response from the cluster reported a recoverable issue with correlation id 3 : {normalized-transactions=LEADER_NOT_AVAILABLE}
2025-12-06 05:38:12 INFO  org.apache.kafka.clients.Metadata - [Consumer clientId=consumer-recon-group-1, groupId=recon-group] Cluster ID: t2JrPBsJQV-sLgVp4mg6-g
2025-12-06 05:38:12 INFO  o.a.k.c.c.i.ConsumerCoordinator - [Consumer clientId=consumer-recon-group-1, groupId=recon-group] Discovered group coordinator kafka:9092 (id: 2147483646 rack: null)
2025-12-06 05:38:12 INFO  o.a.k.c.c.i.ConsumerCoordinator - [Consumer clientId=consumer-recon-group-1, groupId=recon-group] (Re-)joining group
2025-12-06 05:38:12 INFO  o.a.k.c.c.i.ConsumerCoordinator - [Consumer clientId=consumer-recon-group-1, groupId=recon-group] Request joining group due to: need to re-join with the given member-id: consumer-recon-group-1-aa78be7e-c8b8-45da-aa37-9e6c61ecbf33
2025-12-06 05:38:12 INFO  o.a.k.c.c.i.ConsumerCoordinator - [Consumer clientId=consumer-recon-group-1, groupId=recon-group] (Re-)joining group
2025-12-06 05:38:12 WARN  o.apache.kafka.clients.NetworkClient - [Consumer clientId=consumer-recon-group-1, groupId=recon-group] The metadata response from the cluster reported a recoverable issue with correlation id 10 : {normalized-transactions=LEADER_NOT_AVAILABLE}
2025-12-06 05:38:12 WARN  o.apache.kafka.clients.NetworkClient - [Consumer clientId=consumer-recon-group-1, groupId=recon-group] The metadata response from the cluster reported a recoverable issue with correlation id 12 : {normalized-transactions=LEADER_NOT_AVAILABLE}
2025-12-06 05:38:15 INFO  o.a.k.c.c.i.ConsumerCoordinator - [Consumer clientId=consumer-recon-group-1, groupId=recon-group] Successfully joined group with generation Generation{generationId=1, memberId='consumer-recon-group-1-aa78be7e-c8b8-45da-aa37-9e6c61ecbf33', protocol='range'}
2025-12-06 05:38:15 INFO  o.a.k.c.c.i.ConsumerCoordinator - [Consumer clientId=consumer-recon-group-1, groupId=recon-group] Finished assignment for group at generation 1: {consumer-recon-group-1-aa78be7e-c8b8-45da-aa37-9e6c61ecbf33=Assignment(partitions=[normalized-transactions-0])}
2025-12-06 05:38:15 INFO  o.a.k.c.c.i.ConsumerCoordinator - [Consumer clientId=consumer-recon-group-1, groupId=recon-group] Successfully synced group in generation Generation{generationId=1, memberId='consumer-recon-group-1-aa78be7e-c8b8-45da-aa37-9e6c61ecbf33', protocol='range'}
2025-12-06 05:38:15 INFO  o.a.k.c.c.i.ConsumerCoordinator - [Consumer clientId=consumer-recon-group-1, groupId=recon-group] Notifying assignor about the new Assignment(partitions=[normalized-transactions-0])
2025-12-06 05:38:15 INFO  o.a.k.c.c.i.ConsumerRebalanceListenerInvoker - [Consumer clientId=consumer-recon-group-1, groupId=recon-group] Adding newly assigned partitions: normalized-transactions-0
2025-12-06 05:38:15 INFO  o.a.k.c.c.i.ConsumerCoordinator - [Consumer clientId=consumer-recon-group-1, groupId=recon-group] Found no committed offset for partition normalized-transactions-0
2025-12-06 05:38:15 INFO  o.a.k.c.c.i.ConsumerCoordinator - [Consumer clientId=consumer-recon-group-1, groupId=recon-group] Found no committed offset for partition normalized-transactions-0
2025-12-06 05:38:15 INFO  o.a.k.c.c.i.SubscriptionState - [Consumer clientId=consumer-recon-group-1, groupId=recon-group] Resetting offset for partition normalized-transactions-0 to position FetchPosition{offset=0, offsetEpoch=Optional.empty, currentLeader=LeaderAndEpoch{leader=Optional[kafka:9092 (id: 1 rack: null)], epoch=0}}.
2025-12-06 05:38:15 INFO  o.s.k.l.KafkaMessageListenerContainer - recon-group: partitions assigned: [normalized-transactions-0]
2025-12-06 05:40:31 INFO  o.a.c.c.C.[Tomcat].[localhost].[/] - Initializing Spring DispatcherServlet 'dispatcherServlet'
2025-12-06 05:40:31 INFO  o.s.web.servlet.DispatcherServlet - Initializing Servlet 'dispatcherServlet'
2025-12-06 05:40:31 INFO  o.s.web.servlet.DispatcherServlet - Completed initialization in 361 ms
2025-12-06 05:40:32 INFO  c.P.U.r.c.ReconciliationController - Starting manual reconciliation process
2025-12-06 05:40:32 INFO  c.P.U.r.s.ReconciliationService - Starting reconciliation process
2025-12-06 05:40:32 INFO  c.P.U.r.s.NormalizedTransactionService - Fetched 0 normalized transactions from DB
2025-12-06 05:40:32 INFO  c.P.U.r.s.ReconciliationService - Fetched 0 normalized transactions for reconciliation
2025-12-06 05:40:32 INFO  c.P.U.r.s.ReconciliationService - Reconciliation process completed successfully
2025-12-06 05:40:32 INFO  c.P.U.r.c.ReconciliationController - Manual reconciliation process completed successfully
2025-12-06 05:48:06 INFO  c.P.U.r.s.ReconciliationService - Starting reconciliation process
2025-12-06 05:48:07 INFO  c.P.U.r.s.NormalizedTransactionService - Fetched 0 normalized transactions from DB
2025-12-06 05:48:07 INFO  c.P.U.r.s.ReconciliationService - Fetched 0 normalized transactions for reconciliation
2025-12-06 05:48:07 INFO  c.P.U.r.s.ReconciliationService - Reconciliation process completed successfully
2025-12-06 05:58:06 INFO  c.P.U.r.s.ReconciliationService - Starting reconciliation process
2025-12-06 05:58:07 INFO  c.P.U.r.s.NormalizedTransactionService - Fetched 0 normalized transactions from DB
2025-12-06 05:58:07 INFO  c.P.U.r.s.ReconciliationService - Fetched 0 normalized transactions for reconciliation
2025-12-06 05:58:07 INFO  c.P.U.r.s.ReconciliationService - Reconciliation process completed successfully
2025-12-06 06:08:06 INFO  c.P.U.r.s.ReconciliationService - Starting reconciliation process
2025-12-06 06:08:07 INFO  c.P.U.r.s.NormalizedTransactionService - Fetched 0 normalized transactions from DB
2025-12-06 06:08:07 INFO  c.P.U.r.s.ReconciliationService - Fetched 0 normalized transactions for reconciliation
2025-12-06 06:08:07 INFO  c.P.U.r.s.ReconciliationService - Reconciliation process completed successfully
2025-12-06 06:12:39 INFO  c.P.U.r.k.NormalizedTransactionConsumer - Consumed normalized transaction from Kafka. TransactionId: T1001
2025-12-06 06:12:39 INFO  c.P.U.r.s.NormalizedTransactionService - Saved normalized transaction. TransactionId: T1001
2025-12-06 06:12:39 INFO  c.P.U.r.k.NormalizedTransactionConsumer - Successfully saved normalized transaction. TransactionId: T1001
2025-12-06 06:18:06 INFO  c.P.U.r.s.ReconciliationService - Starting reconciliation process
2025-12-06 06:18:06 INFO  c.P.U.r.s.NormalizedTransactionService - Fetched 1 normalized transactions from DB
2025-12-06 06:18:06 INFO  c.P.U.r.s.ReconciliationService - Fetched 1 normalized transactions for reconciliation
2025-12-06 06:18:08 INFO  c.P.U.r.s.ReconciliationService - Saved reconciliation result to DB. normalizedKey=afif@upi|rahul@upi|100.00|2024-12-10T10:15:30, status=MISSING_AT_NPCI
2025-12-06 06:18:08 INFO  c.P.U.r.s.ReconciliationService - Publishing: normalizedKey=afif@upi|rahul@upi|100.00|2024-12-10T10:15:30, amount=100.00, status=MISSING_AT_NPCI
2025-12-06 06:18:08 INFO  o.a.k.c.producer.ProducerConfig - ProducerConfig values: 
	acks = -1
	auto.include.jmx.reporter = true
	batch.size = 16384
	bootstrap.servers = [kafka:9092]
	buffer.memory = 33554432
	client.dns.lookup = use_all_dns_ips
	client.id = producer-1
	compression.gzip.level = -1
	compression.lz4.level = 9
	compression.type = none
	compression.zstd.level = 3
	connections.max.idle.ms = 540000
	delivery.timeout.ms = 120000
	enable.idempotence = true
	enable.metrics.push = true
	interceptor.classes = []
	key.serializer = class org.apache.kafka.common.serialization.StringSerializer
	linger.ms = 0
	max.block.ms = 60000
	max.in.flight.requests.per.connection = 5
	max.request.size = 1048576
	metadata.max.age.ms = 300000
	metadata.max.idle.ms = 300000
	metadata.recovery.strategy = none
	metric.reporters = []
	metrics.num.samples = 2
	metrics.recording.level = INFO
	metrics.sample.window.ms = 30000
	partitioner.adaptive.partitioning.enable = true
	partitioner.availability.timeout.ms = 0
	partitioner.class = null
	partitioner.ignore.keys = false
	receive.buffer.bytes = 32768
	reconnect.backoff.max.ms = 1000
	reconnect.backoff.ms = 50
	request.timeout.ms = 30000
	retries = 2147483647
	retry.backoff.max.ms = 1000
	retry.backoff.ms = 100
	sasl.client.callback.handler.class = null
	sasl.jaas.config = null
	sasl.kerberos.kinit.cmd = /usr/bin/kinit
	sasl.kerberos.min.time.before.relogin = 60000
	sasl.kerberos.service.name = null
	sasl.kerberos.ticket.renew.jitter = 0.05
	sasl.kerberos.ticket.renew.window.factor = 0.8
	sasl.login.callback.handler.class = null
	sasl.login.class = null
	sasl.login.connect.timeout.ms = null
	sasl.login.read.timeout.ms = null
	sasl.login.refresh.buffer.seconds = 300
	sasl.login.refresh.min.period.seconds = 60
	sasl.login.refresh.window.factor = 0.8
	sasl.login.refresh.window.jitter = 0.05
	sasl.login.retry.backoff.max.ms = 10000
	sasl.login.retry.backoff.ms = 100
	sasl.mechanism = GSSAPI
	sasl.oauthbearer.clock.skew.seconds = 30
	sasl.oauthbearer.expected.audience = null
	sasl.oauthbearer.expected.issuer = null
	sasl.oauthbearer.header.urlencode = false
	sasl.oauthbearer.jwks.endpoint.refresh.ms = 3600000
	sasl.oauthbearer.jwks.endpoint.retry.backoff.max.ms = 10000
	sasl.oauthbearer.jwks.endpoint.retry.backoff.ms = 100
	sasl.oauthbearer.jwks.endpoint.url = null
	sasl.oauthbearer.scope.claim.name = scope
	sasl.oauthbearer.sub.claim.name = sub
	sasl.oauthbearer.token.endpoint.url = null
	security.protocol = PLAINTEXT
	security.providers = null
	send.buffer.bytes = 131072
	socket.connection.setup.timeout.max.ms = 30000
	socket.connection.setup.timeout.ms = 10000
	ssl.cipher.suites = null
	ssl.enabled.protocols = [TLSv1.2, TLSv1.3]
	ssl.endpoint.identification.algorithm = https
	ssl.engine.factory.class = null
	ssl.key.password = null
	ssl.keymanager.algorithm = SunX509
	ssl.keystore.certificate.chain = null
	ssl.keystore.key = null
	ssl.keystore.location = null
	ssl.keystore.password = null
	ssl.keystore.type = JKS
	ssl.protocol = TLSv1.3
	ssl.provider = null
	ssl.secure.random.implementation = null
	ssl.trustmanager.algorithm = PKIX
	ssl.truststore.certificates = null
	ssl.truststore.location = null
	ssl.truststore.password = null
	ssl.truststore.type = JKS
	transaction.timeout.ms = 60000
	transactional.id = null
	value.serializer = class org.springframework.kafka.support.serializer.JsonSerializer

2025-12-06 06:18:08 INFO  o.a.k.c.t.i.KafkaMetricsCollector - initializing Kafka metrics collector
2025-12-06 06:18:08 INFO  o.a.k.clients.producer.KafkaProducer - [Producer clientId=producer-1] Instantiated an idempotent producer.
2025-12-06 06:18:09 INFO  o.a.kafka.common.utils.AppInfoParser - Kafka version: 3.9.1
2025-12-06 06:18:09 INFO  o.a.kafka.common.utils.AppInfoParser - Kafka commitId: f745dfdcee2b9851
2025-12-06 06:18:09 INFO  o.a.kafka.common.utils.AppInfoParser - Kafka startTimeMs: 1765001889157
2025-12-06 06:18:09 INFO  org.apache.kafka.clients.Metadata - [Producer clientId=producer-1] Cluster ID: t2JrPBsJQV-sLgVp4mg6-g
2025-12-06 06:18:09 INFO  o.a.k.c.p.i.TransactionManager - [Producer clientId=producer-1] ProducerId set to 2 with epoch 0
2025-12-06 06:18:09 INFO  c.P.U.r.s.ReconciliationService - Published reconciliation result to Kafka. normalizedKey=afif@upi|rahul@upi|100.00|2024-12-10T10:15:30
2025-12-06 06:18:09 INFO  c.P.U.r.s.ReconciliationService - Reconciliation process completed successfully
2025-12-06 06:28:06 INFO  c.P.U.r.s.ReconciliationService - Starting reconciliation process
2025-12-06 06:28:06 INFO  c.P.U.r.s.NormalizedTransactionService - Fetched 1 normalized transactions from DB
2025-12-06 06:28:06 INFO  c.P.U.r.s.ReconciliationService - Fetched 1 normalized transactions for reconciliation
2025-12-06 06:28:06 INFO  c.P.U.r.s.ReconciliationService - Saved reconciliation result to DB. normalizedKey=afif@upi|rahul@upi|100.00|2024-12-10T10:15:30, status=MISSING_AT_NPCI
2025-12-06 06:28:06 INFO  c.P.U.r.s.ReconciliationService - Publishing: normalizedKey=afif@upi|rahul@upi|100.00|2024-12-10T10:15:30, amount=100.00, status=MISSING_AT_NPCI
2025-12-06 06:28:06 INFO  c.P.U.r.s.ReconciliationService - Published reconciliation result to Kafka. normalizedKey=afif@upi|rahul@upi|100.00|2024-12-10T10:15:30
2025-12-06 06:28:06 INFO  c.P.U.r.s.ReconciliationService - Reconciliation process completed successfully
2025-12-06 07:28:17 INFO  o.a.k.c.c.i.ConsumerCoordinator - [Consumer clientId=consumer-recon-group-1, groupId=recon-group] Group coordinator kafka:9092 (id: 2147483646 rack: null) is unavailable or invalid due to cause: session timed out without receiving a heartbeat response. isDisconnected: false. Rediscovery will be attempted.
2025-12-06 07:28:17 INFO  o.a.k.c.c.i.ConsumerCoordinator - [Consumer clientId=consumer-recon-group-1, groupId=recon-group] Requesting disconnect from last known coordinator kafka:9092 (id: 2147483646 rack: null)
2025-12-06 07:28:20 INFO  o.apache.kafka.clients.NetworkClient - [Consumer clientId=consumer-recon-group-1, groupId=recon-group] Client requested disconnect from node 2147483646
2025-12-06 07:28:20 INFO  o.a.k.c.c.i.ConsumerCoordinator - [Consumer clientId=consumer-recon-group-1, groupId=recon-group] Discovered group coordinator kafka:9092 (id: 2147483646 rack: null)
2025-12-06 07:51:47 INFO  o.h.validator.internal.util.Version - HV000001: Hibernate Validator 8.0.2.Final
2025-12-06 07:51:48 INFO  c.P.U.recon.ReconServiceApplication - Starting ReconServiceApplication using Java 17.0.17 with PID 54 (/app/target/classes started by root in /app)
2025-12-06 07:51:49 INFO  c.P.U.recon.ReconServiceApplication - No active profile set, falling back to 1 default profile: "default"
2025-12-06 07:51:49 INFO  o.s.b.d.e.DevToolsPropertyDefaultsPostProcessor - Devtools property defaults active! Set 'spring.devtools.add-properties' to 'false' to disable
2025-12-06 07:51:49 INFO  o.s.b.d.e.DevToolsPropertyDefaultsPostProcessor - For additional web related logging consider setting the 'logging.level.web' property to 'DEBUG'
2025-12-06 07:52:09 INFO  o.s.d.r.c.RepositoryConfigurationDelegate - Bootstrapping Spring Data JPA repositories in DEFAULT mode.
2025-12-06 07:52:11 INFO  o.s.d.r.c.RepositoryConfigurationDelegate - Finished Spring Data repository scanning in 1558 ms. Found 2 JPA repository interfaces.
2025-12-06 07:52:20 INFO  o.s.b.w.e.tomcat.TomcatWebServer - Tomcat initialized with port 8084 (http)
2025-12-06 07:52:20 INFO  o.a.coyote.http11.Http11NioProtocol - Initializing ProtocolHandler ["http-nio-8084"]
2025-12-06 07:52:20 INFO  o.a.catalina.core.StandardService - Starting service [Tomcat]
2025-12-06 07:52:20 INFO  o.a.catalina.core.StandardEngine - Starting Servlet engine: [Apache Tomcat/10.1.42]
2025-12-06 07:52:21 INFO  o.a.c.c.C.[Tomcat].[localhost].[/] - Initializing Spring embedded WebApplicationContext
2025-12-06 07:52:21 INFO  o.s.b.w.s.c.ServletWebServerApplicationContext - Root WebApplicationContext: initialization completed in 31463 ms
2025-12-06 07:52:23 INFO  o.h.jpa.internal.util.LogHelper - HHH000204: Processing PersistenceUnitInfo [name: default]
2025-12-06 07:52:25 INFO  org.hibernate.Version - HHH000412: Hibernate ORM core version 6.6.18.Final
2025-12-06 07:52:26 INFO  o.h.c.i.RegionFactoryInitiator - HHH000026: Second-level cache disabled
2025-12-06 07:52:31 INFO  o.s.o.j.p.SpringPersistenceUnitInfo - No LoadTimeWeaver setup: ignoring JPA class transformer
2025-12-06 07:52:31 INFO  com.zaxxer.hikari.HikariDataSource - HikariPool-1 - Starting...
2025-12-06 07:52:34 INFO  com.zaxxer.hikari.pool.HikariPool - HikariPool-1 - Added connection org.postgresql.jdbc.PgConnection@9a736b3
2025-12-06 07:52:34 INFO  com.zaxxer.hikari.HikariDataSource - HikariPool-1 - Start completed.
2025-12-06 07:52:36 WARN  org.hibernate.orm.deprecation - HHH90000025: PostgreSQLDialect does not need to be specified explicitly using 'hibernate.dialect' (remove the property setting and it will be selected by default)
2025-12-06 07:52:36 INFO  o.hibernate.orm.connections.pooling - HHH10001005: Database info:
	Database JDBC URL [Connecting through datasource 'HikariDataSource (HikariPool-1)']
	Database driver: undefined/unknown
	Database version: 15.13
	Autocommit mode: undefined/unknown
	Isolation level: undefined/unknown
	Minimum pool size: undefined/unknown
	Maximum pool size: undefined/unknown
2025-12-06 07:52:54 INFO  o.h.e.t.j.p.i.JtaPlatformInitiator - HHH000489: No JTA platform available (set 'hibernate.transaction.jta.platform' to enable JTA platform integration)
2025-12-06 07:52:55 INFO  o.s.o.j.LocalContainerEntityManagerFactoryBean - Initialized JPA EntityManagerFactory for persistence unit 'default'
2025-12-06 07:53:04 WARN  o.s.b.a.o.j.JpaBaseConfiguration$JpaWebConfiguration - spring.jpa.open-in-view is enabled by default. Therefore, database queries may be performed during view rendering. Explicitly configure spring.jpa.open-in-view to disable this warning
2025-12-06 07:53:10 INFO  o.s.b.d.a.OptionalLiveReloadServer - LiveReload server is running on port 35729
2025-12-06 07:53:11 INFO  o.a.coyote.http11.Http11NioProtocol - Starting ProtocolHandler ["http-nio-8084"]
2025-12-06 07:53:11 INFO  o.s.b.w.e.tomcat.TomcatWebServer - Tomcat started on port 8084 (http) with context path '/'
2025-12-06 07:53:11 INFO  o.a.k.c.consumer.ConsumerConfig - ConsumerConfig values: 
	allow.auto.create.topics = true
	auto.commit.interval.ms = 5000
	auto.include.jmx.reporter = true
	auto.offset.reset = latest
	bootstrap.servers = [kafka:9092]
	check.crcs = true
	client.dns.lookup = use_all_dns_ips
	client.id = consumer-recon-group-1
	client.rack = 
	connections.max.idle.ms = 540000
	default.api.timeout.ms = 60000
	enable.auto.commit = false
	enable.metrics.push = true
	exclude.internal.topics = true
	fetch.max.bytes = 52428800
	fetch.max.wait.ms = 500
	fetch.min.bytes = 1
	group.id = recon-group
	group.instance.id = null
	group.protocol = classic
	group.remote.assignor = null
	heartbeat.interval.ms = 3000
	interceptor.classes = []
	internal.leave.group.on.close = true
	internal.throw.on.fetch.stable.offset.unsupported = false
	isolation.level = read_uncommitted
	key.deserializer = class org.apache.kafka.common.serialization.StringDeserializer
	max.partition.fetch.bytes = 1048576
	max.poll.interval.ms = 300000
	max.poll.records = 500
	metadata.max.age.ms = 300000
	metadata.recovery.strategy = none
	metric.reporters = []
	metrics.num.samples = 2
	metrics.recording.level = INFO
	metrics.sample.window.ms = 30000
	partition.assignment.strategy = [class org.apache.kafka.clients.consumer.RangeAssignor, class org.apache.kafka.clients.consumer.CooperativeStickyAssignor]
	receive.buffer.bytes = 65536
	reconnect.backoff.max.ms = 1000
	reconnect.backoff.ms = 50
	request.timeout.ms = 30000
	retry.backoff.max.ms = 1000
	retry.backoff.ms = 100
	sasl.client.callback.handler.class = null
	sasl.jaas.config = null
	sasl.kerberos.kinit.cmd = /usr/bin/kinit
	sasl.kerberos.min.time.before.relogin = 60000
	sasl.kerberos.service.name = null
	sasl.kerberos.ticket.renew.jitter = 0.05
	sasl.kerberos.ticket.renew.window.factor = 0.8
	sasl.login.callback.handler.class = null
	sasl.login.class = null
	sasl.login.connect.timeout.ms = null
	sasl.login.read.timeout.ms = null
	sasl.login.refresh.buffer.seconds = 300
	sasl.login.refresh.min.period.seconds = 60
	sasl.login.refresh.window.factor = 0.8
	sasl.login.refresh.window.jitter = 0.05
	sasl.login.retry.backoff.max.ms = 10000
	sasl.login.retry.backoff.ms = 100
	sasl.mechanism = GSSAPI
	sasl.oauthbearer.clock.skew.seconds = 30
	sasl.oauthbearer.expected.audience = null
	sasl.oauthbearer.expected.issuer = null
	sasl.oauthbearer.header.urlencode = false
	sasl.oauthbearer.jwks.endpoint.refresh.ms = 3600000
	sasl.oauthbearer.jwks.endpoint.retry.backoff.max.ms = 10000
	sasl.oauthbearer.jwks.endpoint.retry.backoff.ms = 100
	sasl.oauthbearer.jwks.endpoint.url = null
	sasl.oauthbearer.scope.claim.name = scope
	sasl.oauthbearer.sub.claim.name = sub
	sasl.oauthbearer.token.endpoint.url = null
	security.protocol = PLAINTEXT
	security.providers = null
	send.buffer.bytes = 131072
	session.timeout.ms = 45000
	socket.connection.setup.timeout.max.ms = 30000
	socket.connection.setup.timeout.ms = 10000
	ssl.cipher.suites = null
	ssl.enabled.protocols = [TLSv1.2, TLSv1.3]
	ssl.endpoint.identification.algorithm = https
	ssl.engine.factory.class = null
	ssl.key.password = null
	ssl.keymanager.algorithm = SunX509
	ssl.keystore.certificate.chain = null
	ssl.keystore.key = null
	ssl.keystore.location = null
	ssl.keystore.password = null
	ssl.keystore.type = JKS
	ssl.protocol = TLSv1.3
	ssl.provider = null
	ssl.secure.random.implementation = null
	ssl.trustmanager.algorithm = PKIX
	ssl.truststore.certificates = null
	ssl.truststore.location = null
	ssl.truststore.password = null
	ssl.truststore.type = JKS
	value.deserializer = class org.springframework.kafka.support.serializer.JsonDeserializer

2025-12-06 07:53:12 INFO  o.a.k.c.t.i.KafkaMetricsCollector - initializing Kafka metrics collector
2025-12-06 07:53:13 INFO  o.a.k.c.consumer.ConsumerConfig - These configurations '[spring.json.trusted.packages, spring.json.use.type.headers]' were supplied but are not used yet.
2025-12-06 07:53:13 INFO  o.a.kafka.common.utils.AppInfoParser - Kafka version: 3.9.1
2025-12-06 07:53:13 INFO  o.a.kafka.common.utils.AppInfoParser - Kafka commitId: f745dfdcee2b9851
2025-12-06 07:53:13 INFO  o.a.kafka.common.utils.AppInfoParser - Kafka startTimeMs: 1765007593826
2025-12-06 07:53:13 INFO  o.a.k.c.c.i.ClassicKafkaConsumer - [Consumer clientId=consumer-recon-group-1, groupId=recon-group] Subscribed to topic(s): normalized-transactions
2025-12-06 07:53:14 INFO  c.P.U.recon.ReconServiceApplication - Started ReconServiceApplication in 97.786 seconds (process running for 108.094)
2025-12-06 07:53:14 INFO  c.P.U.r.s.ReconciliationService - Starting reconciliation process
2025-12-06 07:53:16 INFO  c.P.U.r.s.NormalizedTransactionService - Fetched 1 normalized transactions from DB
2025-12-06 07:53:16 INFO  c.P.U.r.s.ReconciliationService - Fetched 1 normalized transactions for reconciliation
2025-12-06 07:53:16 INFO  c.P.U.r.s.ReconciliationService - Saved reconciliation result to DB. normalizedKey=afif@upi|rahul@upi|100.00|2024-12-10T10:15:30, status=MISSING_AT_NPCI
2025-12-06 07:53:16 INFO  c.P.U.r.s.ReconciliationService - Publishing: normalizedKey=afif@upi|rahul@upi|100.00|2024-12-10T10:15:30, amount=100.00, status=MISSING_AT_NPCI
2025-12-06 07:53:17 INFO  o.a.k.c.producer.ProducerConfig - ProducerConfig values: 
	acks = -1
	auto.include.jmx.reporter = true
	batch.size = 16384
	bootstrap.servers = [kafka:9092]
	buffer.memory = 33554432
	client.dns.lookup = use_all_dns_ips
	client.id = producer-1
	compression.gzip.level = -1
	compression.lz4.level = 9
	compression.type = none
	compression.zstd.level = 3
	connections.max.idle.ms = 540000
	delivery.timeout.ms = 120000
	enable.idempotence = true
	enable.metrics.push = true
	interceptor.classes = []
	key.serializer = class org.apache.kafka.common.serialization.StringSerializer
	linger.ms = 0
	max.block.ms = 60000
	max.in.flight.requests.per.connection = 5
	max.request.size = 1048576
	metadata.max.age.ms = 300000
	metadata.max.idle.ms = 300000
	metadata.recovery.strategy = none
	metric.reporters = []
	metrics.num.samples = 2
	metrics.recording.level = INFO
	metrics.sample.window.ms = 30000
	partitioner.adaptive.partitioning.enable = true
	partitioner.availability.timeout.ms = 0
	partitioner.class = null
	partitioner.ignore.keys = false
	receive.buffer.bytes = 32768
	reconnect.backoff.max.ms = 1000
	reconnect.backoff.ms = 50
	request.timeout.ms = 30000
	retries = 2147483647
	retry.backoff.max.ms = 1000
	retry.backoff.ms = 100
	sasl.client.callback.handler.class = null
	sasl.jaas.config = null
	sasl.kerberos.kinit.cmd = /usr/bin/kinit
	sasl.kerberos.min.time.before.relogin = 60000
	sasl.kerberos.service.name = null
	sasl.kerberos.ticket.renew.jitter = 0.05
	sasl.kerberos.ticket.renew.window.factor = 0.8
	sasl.login.callback.handler.class = null
	sasl.login.class = null
	sasl.login.connect.timeout.ms = null
	sasl.login.read.timeout.ms = null
	sasl.login.refresh.buffer.seconds = 300
	sasl.login.refresh.min.period.seconds = 60
	sasl.login.refresh.window.factor = 0.8
	sasl.login.refresh.window.jitter = 0.05
	sasl.login.retry.backoff.max.ms = 10000
	sasl.login.retry.backoff.ms = 100
	sasl.mechanism = GSSAPI
	sasl.oauthbearer.clock.skew.seconds = 30
	sasl.oauthbearer.expected.audience = null
	sasl.oauthbearer.expected.issuer = null
	sasl.oauthbearer.header.urlencode = false
	sasl.oauthbearer.jwks.endpoint.refresh.ms = 3600000
	sasl.oauthbearer.jwks.endpoint.retry.backoff.max.ms = 10000
	sasl.oauthbearer.jwks.endpoint.retry.backoff.ms = 100
	sasl.oauthbearer.jwks.endpoint.url = null
	sasl.oauthbearer.scope.claim.name = scope
	sasl.oauthbearer.sub.claim.name = sub
	sasl.oauthbearer.token.endpoint.url = null
	security.protocol = PLAINTEXT
	security.providers = null
	send.buffer.bytes = 131072
	socket.connection.setup.timeout.max.ms = 30000
	socket.connection.setup.timeout.ms = 10000
	ssl.cipher.suites = null
	ssl.enabled.protocols = [TLSv1.2, TLSv1.3]
	ssl.endpoint.identification.algorithm = https
	ssl.engine.factory.class = null
	ssl.key.password = null
	ssl.keymanager.algorithm = SunX509
	ssl.keystore.certificate.chain = null
	ssl.keystore.key = null
	ssl.keystore.location = null
	ssl.keystore.password = null
	ssl.keystore.type = JKS
	ssl.protocol = TLSv1.3
	ssl.provider = null
	ssl.secure.random.implementation = null
	ssl.trustmanager.algorithm = PKIX
	ssl.truststore.certificates = null
	ssl.truststore.location = null
	ssl.truststore.password = null
	ssl.truststore.type = JKS
	transaction.timeout.ms = 60000
	transactional.id = null
	value.serializer = class org.springframework.kafka.support.serializer.JsonSerializer

2025-12-06 07:53:17 INFO  o.a.k.c.t.i.KafkaMetricsCollector - initializing Kafka metrics collector
2025-12-06 07:53:17 INFO  o.a.k.clients.producer.KafkaProducer - [Producer clientId=producer-1] Instantiated an idempotent producer.
2025-12-06 07:53:17 INFO  o.a.kafka.common.utils.AppInfoParser - Kafka version: 3.9.1
2025-12-06 07:53:17 INFO  o.a.kafka.common.utils.AppInfoParser - Kafka commitId: f745dfdcee2b9851
2025-12-06 07:53:17 INFO  o.a.kafka.common.utils.AppInfoParser - Kafka startTimeMs: 1765007597362
2025-12-06 07:53:20 INFO  org.apache.kafka.clients.Metadata - [Producer clientId=producer-1] Cluster ID: t2JrPBsJQV-sLgVp4mg6-g
2025-12-06 07:53:20 INFO  org.apache.kafka.clients.Metadata - [Consumer clientId=consumer-recon-group-1, groupId=recon-group] Cluster ID: t2JrPBsJQV-sLgVp4mg6-g
2025-12-06 07:53:20 INFO  o.a.k.c.c.i.ConsumerCoordinator - [Consumer clientId=consumer-recon-group-1, groupId=recon-group] Discovered group coordinator kafka:9092 (id: 2147483646 rack: null)
2025-12-06 07:53:20 INFO  o.a.k.c.c.i.ConsumerCoordinator - [Consumer clientId=consumer-recon-group-1, groupId=recon-group] (Re-)joining group
2025-12-06 07:53:20 INFO  o.a.k.c.c.i.ConsumerCoordinator - [Consumer clientId=consumer-recon-group-1, groupId=recon-group] Request joining group due to: need to re-join with the given member-id: consumer-recon-group-1-e9a6e511-daef-49f6-b21b-adbc92e60100
2025-12-06 07:53:20 INFO  o.a.k.c.c.i.ConsumerCoordinator - [Consumer clientId=consumer-recon-group-1, groupId=recon-group] (Re-)joining group
2025-12-06 07:53:20 INFO  c.P.U.r.s.ReconciliationService - Published reconciliation result to Kafka. normalizedKey=afif@upi|rahul@upi|100.00|2024-12-10T10:15:30
2025-12-06 07:53:20 INFO  c.P.U.r.s.ReconciliationService - Reconciliation process completed successfully
2025-12-06 07:53:21 INFO  o.a.k.c.p.i.TransactionManager - [Producer clientId=producer-1] ProducerId set to 1000 with epoch 0
2025-12-06 07:53:23 INFO  o.a.k.c.c.i.ConsumerCoordinator - [Consumer clientId=consumer-recon-group-1, groupId=recon-group] Successfully joined group with generation Generation{generationId=3, memberId='consumer-recon-group-1-e9a6e511-daef-49f6-b21b-adbc92e60100', protocol='range'}
2025-12-06 07:53:23 INFO  o.a.k.c.c.i.ConsumerCoordinator - [Consumer clientId=consumer-recon-group-1, groupId=recon-group] Finished assignment for group at generation 3: {consumer-recon-group-1-e9a6e511-daef-49f6-b21b-adbc92e60100=Assignment(partitions=[normalized-transactions-0])}
2025-12-06 07:53:24 INFO  o.a.k.c.c.i.ConsumerCoordinator - [Consumer clientId=consumer-recon-group-1, groupId=recon-group] Successfully synced group in generation Generation{generationId=3, memberId='consumer-recon-group-1-e9a6e511-daef-49f6-b21b-adbc92e60100', protocol='range'}
2025-12-06 07:53:24 INFO  o.a.k.c.c.i.ConsumerCoordinator - [Consumer clientId=consumer-recon-group-1, groupId=recon-group] Notifying assignor about the new Assignment(partitions=[normalized-transactions-0])
2025-12-06 07:53:24 INFO  o.a.k.c.c.i.ConsumerRebalanceListenerInvoker - [Consumer clientId=consumer-recon-group-1, groupId=recon-group] Adding newly assigned partitions: normalized-transactions-0
2025-12-06 07:53:24 INFO  o.a.k.c.c.internals.ConsumerUtils - Setting offset for partition normalized-transactions-0 to the committed offset FetchPosition{offset=1, offsetEpoch=Optional.empty, currentLeader=LeaderAndEpoch{leader=Optional[kafka:9092 (id: 1 rack: null)], epoch=0}}
2025-12-06 07:53:24 INFO  o.s.k.l.KafkaMessageListenerContainer - recon-group: partitions assigned: [normalized-transactions-0]
2025-12-06 07:54:20 INFO  c.P.U.r.k.NormalizedTransactionConsumer - Consumed normalized transaction from Kafka. TransactionId: T1001_NPCI
2025-12-06 07:54:20 INFO  c.P.U.r.s.NormalizedTransactionService - Saved normalized transaction. TransactionId: T1001_NPCI
2025-12-06 07:54:20 INFO  c.P.U.r.k.NormalizedTransactionConsumer - Successfully saved normalized transaction. TransactionId: T1001_NPCI
2025-12-06 07:56:04 INFO  o.a.c.c.C.[Tomcat].[localhost].[/] - Initializing Spring DispatcherServlet 'dispatcherServlet'
2025-12-06 07:56:04 INFO  o.s.web.servlet.DispatcherServlet - Initializing Servlet 'dispatcherServlet'
2025-12-06 07:56:04 INFO  o.s.web.servlet.DispatcherServlet - Completed initialization in 20 ms
2025-12-06 07:56:05 INFO  c.P.U.r.c.ReconciliationController - Starting manual reconciliation process
2025-12-06 07:56:05 INFO  c.P.U.r.s.ReconciliationService - Starting reconciliation process
2025-12-06 07:56:05 INFO  c.P.U.r.s.NormalizedTransactionService - Fetched 2 normalized transactions from DB
2025-12-06 07:56:05 INFO  c.P.U.r.s.ReconciliationService - Fetched 2 normalized transactions for reconciliation
2025-12-06 07:56:05 INFO  c.P.U.r.s.ReconciliationService - Saved reconciliation result to DB. normalizedKey=afif@upi|rahul@upi|100.00|2024-12-10T10:15:30, status=MATCHED
2025-12-06 07:56:05 INFO  c.P.U.r.s.ReconciliationService - Publishing: normalizedKey=afif@upi|rahul@upi|100.00|2024-12-10T10:15:30, amount=100.00, status=MATCHED
2025-12-06 07:56:05 INFO  c.P.U.r.s.ReconciliationService - Published reconciliation result to Kafka. normalizedKey=afif@upi|rahul@upi|100.00|2024-12-10T10:15:30
2025-12-06 07:56:05 INFO  c.P.U.r.s.ReconciliationService - Reconciliation process completed successfully
2025-12-06 07:56:05 INFO  c.P.U.r.c.ReconciliationController - Manual reconciliation process completed successfully
2025-12-06 08:03:13 INFO  c.P.U.r.s.ReconciliationService - Starting reconciliation process
2025-12-06 08:03:14 INFO  c.P.U.r.s.NormalizedTransactionService - Fetched 2 normalized transactions from DB
2025-12-06 08:03:14 INFO  c.P.U.r.s.ReconciliationService - Fetched 2 normalized transactions for reconciliation
2025-12-06 08:03:14 INFO  c.P.U.r.s.ReconciliationService - Saved reconciliation result to DB. normalizedKey=afif@upi|rahul@upi|100.00|2024-12-10T10:15:30, status=MATCHED
2025-12-06 08:03:14 INFO  c.P.U.r.s.ReconciliationService - Publishing: normalizedKey=afif@upi|rahul@upi|100.00|2024-12-10T10:15:30, amount=100.00, status=MATCHED
2025-12-06 08:03:14 INFO  c.P.U.r.s.ReconciliationService - Published reconciliation result to Kafka. normalizedKey=afif@upi|rahul@upi|100.00|2024-12-10T10:15:30
2025-12-06 08:03:14 INFO  c.P.U.r.s.ReconciliationService - Reconciliation process completed successfully
2025-12-06 08:13:13 INFO  c.P.U.r.s.ReconciliationService - Starting reconciliation process
2025-12-06 08:13:14 INFO  c.P.U.r.s.NormalizedTransactionService - Fetched 2 normalized transactions from DB
2025-12-06 08:13:14 INFO  c.P.U.r.s.ReconciliationService - Fetched 2 normalized transactions for reconciliation
2025-12-06 08:13:14 INFO  c.P.U.r.s.ReconciliationService - Saved reconciliation result to DB. normalizedKey=afif@upi|rahul@upi|100.00|2024-12-10T10:15:30, status=MATCHED
2025-12-06 08:13:14 INFO  c.P.U.r.s.ReconciliationService - Publishing: normalizedKey=afif@upi|rahul@upi|100.00|2024-12-10T10:15:30, amount=100.00, status=MATCHED
2025-12-06 08:13:14 INFO  c.P.U.r.s.ReconciliationService - Published reconciliation result to Kafka. normalizedKey=afif@upi|rahul@upi|100.00|2024-12-10T10:15:30
2025-12-06 08:13:14 INFO  c.P.U.r.s.ReconciliationService - Reconciliation process completed successfully
2025-12-06 08:19:14 INFO  o.s.b.d.a.LocalDevToolsAutoConfiguration$RestartingClassPathChangeChangedEventListener - Restarting due to 1 class path change (0 additions, 0 deletions, 1 modification)
2025-12-06 08:19:14 INFO  o.a.k.c.c.i.ConsumerRebalanceListenerInvoker - [Consumer clientId=consumer-recon-group-1, groupId=recon-group] Revoke previously assigned partitions normalized-transactions-0
2025-12-06 08:19:14 INFO  o.s.k.l.KafkaMessageListenerContainer - recon-group: partitions revoked: [normalized-transactions-0]
2025-12-06 08:19:14 INFO  o.a.k.c.c.i.ConsumerCoordinator - [Consumer clientId=consumer-recon-group-1, groupId=recon-group] Member consumer-recon-group-1-e9a6e511-daef-49f6-b21b-adbc92e60100 sending LeaveGroup request to coordinator kafka:9092 (id: 2147483646 rack: null) due to the consumer unsubscribed from all topics
2025-12-06 08:19:14 INFO  o.a.k.c.c.i.ConsumerCoordinator - [Consumer clientId=consumer-recon-group-1, groupId=recon-group] Resetting generation and member id due to: consumer pro-actively leaving the group
2025-12-06 08:19:14 INFO  o.a.k.c.c.i.ConsumerCoordinator - [Consumer clientId=consumer-recon-group-1, groupId=recon-group] Request joining group due to: consumer pro-actively leaving the group
2025-12-06 08:19:14 INFO  o.a.k.c.c.i.ClassicKafkaConsumer - [Consumer clientId=consumer-recon-group-1, groupId=recon-group] Unsubscribed all topics or patterns and assigned partitions
2025-12-06 08:19:14 INFO  o.a.k.c.c.i.ConsumerCoordinator - [Consumer clientId=consumer-recon-group-1, groupId=recon-group] Resetting generation and member id due to: consumer pro-actively leaving the group
2025-12-06 08:19:14 INFO  o.a.k.c.c.i.ConsumerCoordinator - [Consumer clientId=consumer-recon-group-1, groupId=recon-group] Request joining group due to: consumer pro-actively leaving the group
2025-12-06 08:19:15 INFO  o.a.kafka.common.metrics.Metrics - Metrics scheduler closed
2025-12-06 08:19:15 INFO  o.a.kafka.common.metrics.Metrics - Closing reporter org.apache.kafka.common.metrics.JmxReporter
2025-12-06 08:19:15 INFO  o.a.kafka.common.metrics.Metrics - Closing reporter org.apache.kafka.common.telemetry.internals.ClientTelemetryReporter
2025-12-06 08:19:15 INFO  o.a.kafka.common.metrics.Metrics - Metrics reporters closed
2025-12-06 08:19:15 INFO  o.a.kafka.common.utils.AppInfoParser - App info kafka.consumer for consumer-recon-group-1 unregistered
2025-12-06 08:19:15 INFO  o.s.k.l.KafkaMessageListenerContainer - recon-group: Consumer stopped
2025-12-06 08:19:15 INFO  o.s.b.w.e.tomcat.GracefulShutdown - Commencing graceful shutdown. Waiting for active requests to complete
2025-12-06 08:19:15 INFO  o.a.coyote.http11.Http11NioProtocol - Pausing ProtocolHandler ["http-nio-8084"]
2025-12-06 08:19:15 INFO  o.s.b.w.e.tomcat.GracefulShutdown - Graceful shutdown complete
2025-12-06 08:19:15 INFO  o.a.coyote.http11.Http11NioProtocol - Stopping ProtocolHandler ["http-nio-8084"]
2025-12-06 08:19:15 INFO  o.a.k.clients.producer.KafkaProducer - [Producer clientId=producer-1] Closing the Kafka producer with timeoutMillis = 30000 ms.
2025-12-06 08:19:15 INFO  o.a.kafka.common.metrics.Metrics - Metrics scheduler closed
2025-12-06 08:19:15 INFO  o.a.kafka.common.metrics.Metrics - Closing reporter org.apache.kafka.common.metrics.JmxReporter
2025-12-06 08:19:15 INFO  o.a.kafka.common.metrics.Metrics - Closing reporter org.apache.kafka.common.telemetry.internals.ClientTelemetryReporter
2025-12-06 08:19:15 INFO  o.a.kafka.common.metrics.Metrics - Metrics reporters closed
2025-12-06 08:19:15 INFO  o.a.kafka.common.utils.AppInfoParser - App info kafka.producer for producer-1 unregistered
2025-12-06 08:19:15 INFO  o.s.o.j.LocalContainerEntityManagerFactoryBean - Closing JPA EntityManagerFactory for persistence unit 'default'
2025-12-06 08:19:15 INFO  com.zaxxer.hikari.HikariDataSource - HikariPool-1 - Shutdown initiated...
2025-12-06 08:19:15 INFO  com.zaxxer.hikari.HikariDataSource - HikariPool-1 - Shutdown completed.
2025-12-06 08:19:18 INFO  c.P.U.recon.ReconServiceApplication - Starting ReconServiceApplication using Java 17.0.17 with PID 54 (/app/target/classes started by root in /app)
2025-12-06 08:19:18 INFO  c.P.U.recon.ReconServiceApplication - No active profile set, falling back to 1 default profile: "default"
2025-12-06 08:19:28 INFO  o.s.d.r.c.RepositoryConfigurationDelegate - Bootstrapping Spring Data JPA repositories in DEFAULT mode.
2025-12-06 08:19:29 INFO  o.s.d.r.c.RepositoryConfigurationDelegate - Finished Spring Data repository scanning in 490 ms. Found 2 JPA repository interfaces.
2025-12-06 08:19:31 INFO  o.s.b.w.e.tomcat.TomcatWebServer - Tomcat initialized with port 8084 (http)
2025-12-06 08:19:31 INFO  o.a.coyote.http11.Http11NioProtocol - Initializing ProtocolHandler ["http-nio-8084"]
2025-12-06 08:19:31 INFO  o.a.catalina.core.StandardService - Starting service [Tomcat]
2025-12-06 08:19:31 INFO  o.a.catalina.core.StandardEngine - Starting Servlet engine: [Apache Tomcat/10.1.42]
2025-12-06 08:19:32 INFO  o.a.c.c.C.[Tomcat].[localhost].[/] - Initializing Spring embedded WebApplicationContext
2025-12-06 08:19:32 INFO  o.s.b.w.s.c.ServletWebServerApplicationContext - Root WebApplicationContext: initialization completed in 13373 ms
2025-12-06 08:19:32 INFO  o.h.jpa.internal.util.LogHelper - HHH000204: Processing PersistenceUnitInfo [name: default]
2025-12-06 08:19:33 INFO  o.h.c.i.RegionFactoryInitiator - HHH000026: Second-level cache disabled
2025-12-06 08:19:33 INFO  o.s.o.j.p.SpringPersistenceUnitInfo - No LoadTimeWeaver setup: ignoring JPA class transformer
2025-12-06 08:19:33 INFO  com.zaxxer.hikari.HikariDataSource - HikariPool-2 - Starting...
2025-12-06 08:19:33 INFO  com.zaxxer.hikari.pool.HikariPool - HikariPool-2 - Added connection org.postgresql.jdbc.PgConnection@7467e92e
2025-12-06 08:19:33 INFO  com.zaxxer.hikari.HikariDataSource - HikariPool-2 - Start completed.
2025-12-06 08:19:33 WARN  org.hibernate.orm.deprecation - HHH90000025: PostgreSQLDialect does not need to be specified explicitly using 'hibernate.dialect' (remove the property setting and it will be selected by default)
2025-12-06 08:19:33 INFO  o.hibernate.orm.connections.pooling - HHH10001005: Database info:
	Database JDBC URL [Connecting through datasource 'HikariDataSource (HikariPool-2)']
	Database driver: undefined/unknown
	Database version: 15.13
	Autocommit mode: undefined/unknown
	Isolation level: undefined/unknown
	Minimum pool size: undefined/unknown
	Maximum pool size: undefined/unknown
2025-12-06 08:19:34 ERROR o.s.o.j.LocalContainerEntityManagerFactoryBean - Failed to initialize JPA EntityManagerFactory: [PersistenceUnit: default] Unable to build Hibernate SessionFactory; nested exception is org.hibernate.InstantiationException: Could not instantiate entity 'com.Project.UPIRecon.recon.entity.ReconciliationResult' due to: null
2025-12-06 08:19:34 WARN  o.s.b.w.s.c.AnnotationConfigServletWebServerApplicationContext - Exception encountered during context initialization - cancelling refresh attempt: org.springframework.beans.factory.BeanCreationException: Error creating bean with name 'entityManagerFactory' defined in class path resource [org/springframework/boot/autoconfigure/orm/jpa/HibernateJpaConfiguration.class]: [PersistenceUnit: default] Unable to build Hibernate SessionFactory; nested exception is org.hibernate.InstantiationException: Could not instantiate entity 'com.Project.UPIRecon.recon.entity.ReconciliationResult' due to: null
2025-12-06 08:19:34 INFO  com.zaxxer.hikari.HikariDataSource - HikariPool-2 - Shutdown initiated...
2025-12-06 08:19:34 INFO  com.zaxxer.hikari.HikariDataSource - HikariPool-2 - Shutdown completed.
2025-12-06 08:19:34 INFO  o.a.catalina.core.StandardService - Stopping service [Tomcat]
2025-12-06 08:19:34 INFO  o.s.b.a.l.ConditionEvaluationReportLogger - 

Error starting ApplicationContext. To display the condition evaluation report re-run your application with 'debug' enabled.
2025-12-06 08:19:35 ERROR o.s.boot.SpringApplication - Application run failed
org.springframework.beans.factory.BeanCreationException: Error creating bean with name 'entityManagerFactory' defined in class path resource [org/springframework/boot/autoconfigure/orm/jpa/HibernateJpaConfiguration.class]: [PersistenceUnit: default] Unable to build Hibernate SessionFactory; nested exception is org.hibernate.InstantiationException: Could not instantiate entity 'com.Project.UPIRecon.recon.entity.ReconciliationResult' due to: null
	at org.springframework.beans.factory.support.AbstractAutowireCapableBeanFactory.initializeBean(AbstractAutowireCapableBeanFactory.java:1826)
	at org.springframework.beans.factory.support.AbstractAutowireCapableBeanFactory.doCreateBean(AbstractAutowireCapableBeanFactory.java:607)
	at org.springframework.beans.factory.support.AbstractAutowireCapableBeanFactory.createBean(AbstractAutowireCapableBeanFactory.java:529)
	at org.springframework.beans.factory.support.AbstractBeanFactory.lambda$doGetBean$0(AbstractBeanFactory.java:339)
	at org.springframework.beans.factory.support.DefaultSingletonBeanRegistry.getSingleton(DefaultSingletonBeanRegistry.java:373)
	at org.springframework.beans.factory.support.AbstractBeanFactory.doGetBean(AbstractBeanFactory.java:337)
	at org.springframework.beans.factory.support.AbstractBeanFactory.getBean(AbstractBeanFactory.java:207)
	at org.springframework.context.support.AbstractApplicationContext.finishBeanFactoryInitialization(AbstractApplicationContext.java:970)
	at org.springframework.context.support.AbstractApplicationContext.refresh(AbstractApplicationContext.java:627)
	at org.springframework.boot.web.servlet.context.ServletWebServerApplicationContext.refresh(ServletWebServerApplicationContext.java:146)
	at org.springframework.boot.SpringApplication.refresh(SpringApplication.java:752)
	at org.springframework.boot.SpringApplication.refreshContext(SpringApplication.java:439)
	at org.springframework.boot.SpringApplication.run(SpringApplication.java:318)
	at org.springframework.boot.SpringApplication.run(SpringApplication.java:1361)
	at org.springframework.boot.SpringApplication.run(SpringApplication.java:1350)
	at com.Project.UPIRecon.recon.ReconServiceApplication.main(ReconServiceApplication.java:11)
	at java.base/jdk.internal.reflect.NativeMethodAccessorImpl.invoke0(Native Method)
	at java.base/jdk.internal.reflect.NativeMethodAccessorImpl.invoke(NativeMethodAccessorImpl.java:77)
	at java.base/jdk.internal.reflect.DelegatingMethodAccessorImpl.invoke(DelegatingMethodAccessorImpl.java:43)
	at java.base/java.lang.reflect.Method.invoke(Method.java:569)
	at org.springframework.boot.devtools.restart.RestartLauncher.run(RestartLauncher.java:50)
Caused by: jakarta.persistence.PersistenceException: [PersistenceUnit: default] Unable to build Hibernate SessionFactory; nested exception is org.hibernate.InstantiationException: Could not instantiate entity 'com.Project.UPIRecon.recon.entity.ReconciliationResult' due to: null
	at org.springframework.orm.jpa.AbstractEntityManagerFactoryBean.buildNativeEntityManagerFactory(AbstractEntityManagerFactoryBean.java:431)
	at org.springframework.orm.jpa.AbstractEntityManagerFactoryBean.afterPropertiesSet(AbstractEntityManagerFactoryBean.java:400)
	at org.springframework.orm.jpa.LocalContainerEntityManagerFactoryBean.afterPropertiesSet(LocalContainerEntityManagerFactoryBean.java:366)
	at org.springframework.beans.factory.support.AbstractAutowireCapableBeanFactory.invokeInitMethods(AbstractAutowireCapableBeanFactory.java:1873)
	at org.springframework.beans.factory.support.AbstractAutowireCapableBeanFactory.initializeBean(AbstractAutowireCapableBeanFactory.java:1822)
	... 20 common frames omitted
Caused by: org.hibernate.InstantiationException: Could not instantiate entity 'com.Project.UPIRecon.recon.entity.ReconciliationResult' due to: null
	at org.hibernate.metamodel.internal.EntityInstantiatorPojoStandard.instantiate(EntityInstantiatorPojoStandard.java:100)
	at org.hibernate.persister.entity.AbstractEntityPersister.lambda$prepareMappingModel$14(AbstractEntityPersister.java:5343)
	at org.hibernate.internal.util.LazyValue.getValue(LazyValue.java:30)
	at org.hibernate.engine.internal.UnsavedValueFactory.getUnsavedIdentifierValue(UnsavedValueFactory.java:49)
	at org.hibernate.metamodel.mapping.internal.BasicEntityIdentifierMappingImpl.<init>(BasicEntityIdentifierMappingImpl.java:119)
	at org.hibernate.persister.entity.AbstractEntityPersister.generateIdentifierMapping(AbstractEntityPersister.java:5712)
	at org.hibernate.persister.entity.AbstractEntityPersister.lambda$prepareMappingModel$15(AbstractEntityPersister.java:5348)
	at org.hibernate.metamodel.mapping.internal.MappingModelCreationProcess.processSubPart(MappingModelCreationProcess.java:163)
	at org.hibernate.persister.entity.AbstractEntityPersister.prepareMappingModel(AbstractEntityPersister.java:5346)
	at org.hibernate.persister.entity.AbstractEntityPersister.prepareMappingModel(AbstractEntityPersister.java:5192)
	at org.hibernate.metamodel.mapping.internal.MappingModelCreationProcess.execute(MappingModelCreationProcess.java:84)
	at org.hibernate.metamodel.mapping.internal.MappingModelCreationProcess.process(MappingModelCreationProcess.java:42)
	at org.hibernate.metamodel.model.domain.internal.MappingMetamodelImpl.finishInitialization(MappingMetamodelImpl.java:200)
	at org.hibernate.internal.SessionFactoryImpl.initializeMappingModel(SessionFactoryImpl.java:373)
	at org.hibernate.internal.SessionFactoryImpl.<init>(SessionFactoryImpl.java:302)
	at org.hibernate.boot.internal.SessionFactoryBuilderImpl.build(SessionFactoryBuilderImpl.java:463)
	at org.hibernate.jpa.boot.internal.EntityManagerFactoryBuilderImpl.build(EntityManagerFactoryBuilderImpl.java:1517)
	at org.springframework.orm.jpa.vendor.SpringHibernateJpaPersistenceProvider.createContainerEntityManagerFactory(SpringHibernateJpaPersistenceProvider.java:66)
	at org.springframework.orm.jpa.LocalContainerEntityManagerFactoryBean.createNativeEntityManagerFactory(LocalContainerEntityManagerFactoryBean.java:390)
	at org.springframework.orm.jpa.AbstractEntityManagerFactoryBean.buildNativeEntityManagerFactory(AbstractEntityManagerFactoryBean.java:419)
	... 24 common frames omitted
Caused by: java.lang.reflect.InvocationTargetException: null
	at java.base/jdk.internal.reflect.NativeConstructorAccessorImpl.newInstance0(Native Method)
	at java.base/jdk.internal.reflect.NativeConstructorAccessorImpl.newInstance(NativeConstructorAccessorImpl.java:77)
	at java.base/jdk.internal.reflect.DelegatingConstructorAccessorImpl.newInstance(DelegatingConstructorAccessorImpl.java:45)
	at java.base/java.lang.reflect.Constructor.newInstanceWithCaller(Constructor.java:500)
	at java.base/java.lang.reflect.Constructor.newInstance(Constructor.java:481)
	at org.hibernate.metamodel.internal.EntityInstantiatorPojoStandard.instantiate(EntityInstantiatorPojoStandard.java:97)
	... 43 common frames omitted
Caused by: java.lang.Error: Unresolved compilation problem: 
	Syntax error, insert ")" to complete Modifier

	at com.Project.UPIRecon.recon.entity.ReconciliationResult.<init>(ReconciliationResult.java:10)
	... 49 common frames omitted
2025-12-06 08:19:39 INFO  c.P.U.recon.ReconServiceApplication - Starting ReconServiceApplication using Java 17.0.17 with PID 54 (/app/target/classes started by root in /app)
2025-12-06 08:19:39 INFO  c.P.U.recon.ReconServiceApplication - No active profile set, falling back to 1 default profile: "default"
2025-12-06 08:19:41 INFO  o.s.d.r.c.RepositoryConfigurationDelegate - Bootstrapping Spring Data JPA repositories in DEFAULT mode.
2025-12-06 08:19:42 INFO  o.s.d.r.c.RepositoryConfigurationDelegate - Finished Spring Data repository scanning in 382 ms. Found 2 JPA repository interfaces.
2025-12-06 08:19:43 INFO  o.s.b.w.e.tomcat.TomcatWebServer - Tomcat initialized with port 8084 (http)
2025-12-06 08:19:43 INFO  o.a.coyote.http11.Http11NioProtocol - Initializing ProtocolHandler ["http-nio-8084"]
2025-12-06 08:19:43 INFO  o.a.catalina.core.StandardService - Starting service [Tomcat]
2025-12-06 08:19:43 INFO  o.a.catalina.core.StandardEngine - Starting Servlet engine: [Apache Tomcat/10.1.42]
2025-12-06 08:19:43 INFO  o.a.c.c.C.[Tomcat-1].[localhost].[/] - Initializing Spring embedded WebApplicationContext
2025-12-06 08:19:43 INFO  o.s.b.w.s.c.ServletWebServerApplicationContext - Root WebApplicationContext: initialization completed in 3718 ms
2025-12-06 08:19:43 INFO  o.h.jpa.internal.util.LogHelper - HHH000204: Processing PersistenceUnitInfo [name: default]
2025-12-06 08:19:43 INFO  o.h.c.i.RegionFactoryInitiator - HHH000026: Second-level cache disabled
2025-12-06 08:19:43 INFO  o.s.o.j.p.SpringPersistenceUnitInfo - No LoadTimeWeaver setup: ignoring JPA class transformer
2025-12-06 08:19:43 INFO  com.zaxxer.hikari.HikariDataSource - HikariPool-3 - Starting...
2025-12-06 08:19:43 INFO  com.zaxxer.hikari.pool.HikariPool - HikariPool-3 - Added connection org.postgresql.jdbc.PgConnection@22af2591
2025-12-06 08:19:43 INFO  com.zaxxer.hikari.HikariDataSource - HikariPool-3 - Start completed.
2025-12-06 08:19:43 WARN  org.hibernate.orm.deprecation - HHH90000025: PostgreSQLDialect does not need to be specified explicitly using 'hibernate.dialect' (remove the property setting and it will be selected by default)
2025-12-06 08:19:43 INFO  o.hibernate.orm.connections.pooling - HHH10001005: Database info:
	Database JDBC URL [Connecting through datasource 'HikariDataSource (HikariPool-3)']
	Database driver: undefined/unknown
	Database version: 15.13
	Autocommit mode: undefined/unknown
	Isolation level: undefined/unknown
	Minimum pool size: undefined/unknown
	Maximum pool size: undefined/unknown
2025-12-06 08:19:44 INFO  o.h.e.t.j.p.i.JtaPlatformInitiator - HHH000489: No JTA platform available (set 'hibernate.transaction.jta.platform' to enable JTA platform integration)
2025-12-06 08:19:44 WARN  o.h.e.jdbc.spi.SqlExceptionHelper - SQL Warning Code: 0, SQLState: 00000
2025-12-06 08:19:44 WARN  o.h.e.jdbc.spi.SqlExceptionHelper - constraint "ukeb8077lvn71rgi4we0uhw3w06" of relation "reconciliation_results" does not exist, skipping
2025-12-06 08:19:44 INFO  o.s.o.j.LocalContainerEntityManagerFactoryBean - Initialized JPA EntityManagerFactory for persistence unit 'default'
2025-12-06 08:19:45 WARN  o.s.b.a.o.j.JpaBaseConfiguration$JpaWebConfiguration - spring.jpa.open-in-view is enabled by default. Therefore, database queries may be performed during view rendering. Explicitly configure spring.jpa.open-in-view to disable this warning
2025-12-06 08:19:46 INFO  o.s.b.d.a.OptionalLiveReloadServer - LiveReload server is running on port 35729
2025-12-06 08:19:46 INFO  o.a.coyote.http11.Http11NioProtocol - Starting ProtocolHandler ["http-nio-8084"]
2025-12-06 08:19:46 INFO  o.s.b.w.e.tomcat.TomcatWebServer - Tomcat started on port 8084 (http) with context path '/'
2025-12-06 08:19:46 INFO  o.a.k.c.consumer.ConsumerConfig - ConsumerConfig values: 
	allow.auto.create.topics = true
	auto.commit.interval.ms = 5000
	auto.include.jmx.reporter = true
	auto.offset.reset = latest
	bootstrap.servers = [kafka:9092]
	check.crcs = true
	client.dns.lookup = use_all_dns_ips
	client.id = consumer-recon-group-2
	client.rack = 
	connections.max.idle.ms = 540000
	default.api.timeout.ms = 60000
	enable.auto.commit = false
	enable.metrics.push = true
	exclude.internal.topics = true
	fetch.max.bytes = 52428800
	fetch.max.wait.ms = 500
	fetch.min.bytes = 1
	group.id = recon-group
	group.instance.id = null
	group.protocol = classic
	group.remote.assignor = null
	heartbeat.interval.ms = 3000
	interceptor.classes = []
	internal.leave.group.on.close = true
	internal.throw.on.fetch.stable.offset.unsupported = false
	isolation.level = read_uncommitted
	key.deserializer = class org.apache.kafka.common.serialization.StringDeserializer
	max.partition.fetch.bytes = 1048576
	max.poll.interval.ms = 300000
	max.poll.records = 500
	metadata.max.age.ms = 300000
	metadata.recovery.strategy = none
	metric.reporters = []
	metrics.num.samples = 2
	metrics.recording.level = INFO
	metrics.sample.window.ms = 30000
	partition.assignment.strategy = [class org.apache.kafka.clients.consumer.RangeAssignor, class org.apache.kafka.clients.consumer.CooperativeStickyAssignor]
	receive.buffer.bytes = 65536
	reconnect.backoff.max.ms = 1000
	reconnect.backoff.ms = 50
	request.timeout.ms = 30000
	retry.backoff.max.ms = 1000
	retry.backoff.ms = 100
	sasl.client.callback.handler.class = null
	sasl.jaas.config = null
	sasl.kerberos.kinit.cmd = /usr/bin/kinit
	sasl.kerberos.min.time.before.relogin = 60000
	sasl.kerberos.service.name = null
	sasl.kerberos.ticket.renew.jitter = 0.05
	sasl.kerberos.ticket.renew.window.factor = 0.8
	sasl.login.callback.handler.class = null
	sasl.login.class = null
	sasl.login.connect.timeout.ms = null
	sasl.login.read.timeout.ms = null
	sasl.login.refresh.buffer.seconds = 300
	sasl.login.refresh.min.period.seconds = 60
	sasl.login.refresh.window.factor = 0.8
	sasl.login.refresh.window.jitter = 0.05
	sasl.login.retry.backoff.max.ms = 10000
	sasl.login.retry.backoff.ms = 100
	sasl.mechanism = GSSAPI
	sasl.oauthbearer.clock.skew.seconds = 30
	sasl.oauthbearer.expected.audience = null
	sasl.oauthbearer.expected.issuer = null
	sasl.oauthbearer.header.urlencode = false
	sasl.oauthbearer.jwks.endpoint.refresh.ms = 3600000
	sasl.oauthbearer.jwks.endpoint.retry.backoff.max.ms = 10000
	sasl.oauthbearer.jwks.endpoint.retry.backoff.ms = 100
	sasl.oauthbearer.jwks.endpoint.url = null
	sasl.oauthbearer.scope.claim.name = scope
	sasl.oauthbearer.sub.claim.name = sub
	sasl.oauthbearer.token.endpoint.url = null
	security.protocol = PLAINTEXT
	security.providers = null
	send.buffer.bytes = 131072
	session.timeout.ms = 45000
	socket.connection.setup.timeout.max.ms = 30000
	socket.connection.setup.timeout.ms = 10000
	ssl.cipher.suites = null
	ssl.enabled.protocols = [TLSv1.2, TLSv1.3]
	ssl.endpoint.identification.algorithm = https
	ssl.engine.factory.class = null
	ssl.key.password = null
	ssl.keymanager.algorithm = SunX509
	ssl.keystore.certificate.chain = null
	ssl.keystore.key = null
	ssl.keystore.location = null
	ssl.keystore.password = null
	ssl.keystore.type = JKS
	ssl.protocol = TLSv1.3
	ssl.provider = null
	ssl.secure.random.implementation = null
	ssl.trustmanager.algorithm = PKIX
	ssl.truststore.certificates = null
	ssl.truststore.location = null
	ssl.truststore.password = null
	ssl.truststore.type = JKS
	value.deserializer = class org.springframework.kafka.support.serializer.JsonDeserializer

2025-12-06 08:19:46 INFO  o.a.k.c.t.i.KafkaMetricsCollector - initializing Kafka metrics collector
2025-12-06 08:19:46 INFO  o.a.k.c.consumer.ConsumerConfig - These configurations '[spring.json.trusted.packages, spring.json.use.type.headers]' were supplied but are not used yet.
2025-12-06 08:19:46 INFO  o.a.kafka.common.utils.AppInfoParser - Kafka version: 3.9.1
2025-12-06 08:19:46 INFO  o.a.kafka.common.utils.AppInfoParser - Kafka commitId: f745dfdcee2b9851
2025-12-06 08:19:46 INFO  o.a.kafka.common.utils.AppInfoParser - Kafka startTimeMs: 1765009186791
2025-12-06 08:19:46 INFO  o.a.k.c.c.i.ClassicKafkaConsumer - [Consumer clientId=consumer-recon-group-2, groupId=recon-group] Subscribed to topic(s): normalized-transactions
2025-12-06 08:19:46 INFO  c.P.U.r.s.ReconciliationService - Starting reconciliation process
2025-12-06 08:19:46 INFO  c.P.U.recon.ReconServiceApplication - Started ReconServiceApplication in 7.64 seconds (process running for 1701.155)
2025-12-06 08:19:46 INFO  o.s.b.d.a.ConditionEvaluationDeltaLoggingListener - Condition evaluation unchanged
2025-12-06 08:19:46 INFO  org.apache.kafka.clients.Metadata - [Consumer clientId=consumer-recon-group-2, groupId=recon-group] Cluster ID: t2JrPBsJQV-sLgVp4mg6-g
2025-12-06 08:19:46 INFO  c.P.U.r.s.NormalizedTransactionService - Fetched 2 normalized transactions from DB
2025-12-06 08:19:46 INFO  c.P.U.r.s.ReconciliationService - Fetched 2 normalized transactions for reconciliation
2025-12-06 08:19:46 INFO  o.a.k.c.c.i.ConsumerCoordinator - [Consumer clientId=consumer-recon-group-2, groupId=recon-group] Discovered group coordinator kafka:9092 (id: 2147483646 rack: null)
2025-12-06 08:19:46 INFO  o.a.k.c.c.i.ConsumerCoordinator - [Consumer clientId=consumer-recon-group-2, groupId=recon-group] (Re-)joining group
2025-12-06 08:19:46 INFO  c.P.U.r.s.ReconciliationService - Saved reconciliation result to DB. normalizedKey=afif@upi|rahul@upi|100.00|2024-12-10T10:15:30, status=MATCHED
2025-12-06 08:19:46 INFO  c.P.U.r.s.ReconciliationService - Publishing: normalizedKey=afif@upi|rahul@upi|100.00|2024-12-10T10:15:30, amount=100.00, status=MATCHED
2025-12-06 08:19:46 INFO  o.a.k.c.producer.ProducerConfig - ProducerConfig values: 
	acks = -1
	auto.include.jmx.reporter = true
	batch.size = 16384
	bootstrap.servers = [kafka:9092]
	buffer.memory = 33554432
	client.dns.lookup = use_all_dns_ips
	client.id = producer-2
	compression.gzip.level = -1
	compression.lz4.level = 9
	compression.type = none
	compression.zstd.level = 3
	connections.max.idle.ms = 540000
	delivery.timeout.ms = 120000
	enable.idempotence = true
	enable.metrics.push = true
	interceptor.classes = []
	key.serializer = class org.apache.kafka.common.serialization.StringSerializer
	linger.ms = 0
	max.block.ms = 60000
	max.in.flight.requests.per.connection = 5
	max.request.size = 1048576
	metadata.max.age.ms = 300000
	metadata.max.idle.ms = 300000
	metadata.recovery.strategy = none
	metric.reporters = []
	metrics.num.samples = 2
	metrics.recording.level = INFO
	metrics.sample.window.ms = 30000
	partitioner.adaptive.partitioning.enable = true
	partitioner.availability.timeout.ms = 0
	partitioner.class = null
	partitioner.ignore.keys = false
	receive.buffer.bytes = 32768
	reconnect.backoff.max.ms = 1000
	reconnect.backoff.ms = 50
	request.timeout.ms = 30000
	retries = 2147483647
	retry.backoff.max.ms = 1000
	retry.backoff.ms = 100
	sasl.client.callback.handler.class = null
	sasl.jaas.config = null
	sasl.kerberos.kinit.cmd = /usr/bin/kinit
	sasl.kerberos.min.time.before.relogin = 60000
	sasl.kerberos.service.name = null
	sasl.kerberos.ticket.renew.jitter = 0.05
	sasl.kerberos.ticket.renew.window.factor = 0.8
	sasl.login.callback.handler.class = null
	sasl.login.class = null
	sasl.login.connect.timeout.ms = null
	sasl.login.read.timeout.ms = null
	sasl.login.refresh.buffer.seconds = 300
	sasl.login.refresh.min.period.seconds = 60
	sasl.login.refresh.window.factor = 0.8
	sasl.login.refresh.window.jitter = 0.05
	sasl.login.retry.backoff.max.ms = 10000
	sasl.login.retry.backoff.ms = 100
	sasl.mechanism = GSSAPI
	sasl.oauthbearer.clock.skew.seconds = 30
	sasl.oauthbearer.expected.audience = null
	sasl.oauthbearer.expected.issuer = null
	sasl.oauthbearer.header.urlencode = false
	sasl.oauthbearer.jwks.endpoint.refresh.ms = 3600000
	sasl.oauthbearer.jwks.endpoint.retry.backoff.max.ms = 10000
	sasl.oauthbearer.jwks.endpoint.retry.backoff.ms = 100
	sasl.oauthbearer.jwks.endpoint.url = null
	sasl.oauthbearer.scope.claim.name = scope
	sasl.oauthbearer.sub.claim.name = sub
	sasl.oauthbearer.token.endpoint.url = null
	security.protocol = PLAINTEXT
	security.providers = null
	send.buffer.bytes = 131072
	socket.connection.setup.timeout.max.ms = 30000
	socket.connection.setup.timeout.ms = 10000
	ssl.cipher.suites = null
	ssl.enabled.protocols = [TLSv1.2, TLSv1.3]
	ssl.endpoint.identification.algorithm = https
	ssl.engine.factory.class = null
	ssl.key.password = null
	ssl.keymanager.algorithm = SunX509
	ssl.keystore.certificate.chain = null
	ssl.keystore.key = null
	ssl.keystore.location = null
	ssl.keystore.password = null
	ssl.keystore.type = JKS
	ssl.protocol = TLSv1.3
	ssl.provider = null
	ssl.secure.random.implementation = null
	ssl.trustmanager.algorithm = PKIX
	ssl.truststore.certificates = null
	ssl.truststore.location = null
	ssl.truststore.password = null
	ssl.truststore.type = JKS
	transaction.timeout.ms = 60000
	transactional.id = null
	value.serializer = class org.springframework.kafka.support.serializer.JsonSerializer

2025-12-06 08:19:46 INFO  o.a.k.c.t.i.KafkaMetricsCollector - initializing Kafka metrics collector
2025-12-06 08:19:46 INFO  o.a.k.clients.producer.KafkaProducer - [Producer clientId=producer-2] Instantiated an idempotent producer.
2025-12-06 08:19:46 INFO  o.a.kafka.common.utils.AppInfoParser - Kafka version: 3.9.1
2025-12-06 08:19:46 INFO  o.a.kafka.common.utils.AppInfoParser - Kafka commitId: f745dfdcee2b9851
2025-12-06 08:19:46 INFO  o.a.k.c.c.i.ConsumerCoordinator - [Consumer clientId=consumer-recon-group-2, groupId=recon-group] Request joining group due to: need to re-join with the given member-id: consumer-recon-group-2-18ce093f-8270-4ba1-96ab-a83d0c60cd93
2025-12-06 08:19:46 INFO  o.a.kafka.common.utils.AppInfoParser - Kafka startTimeMs: 1765009186987
2025-12-06 08:19:47 INFO  org.apache.kafka.clients.Metadata - [Producer clientId=producer-2] Cluster ID: t2JrPBsJQV-sLgVp4mg6-g
2025-12-06 08:19:46 INFO  o.a.k.c.c.i.ConsumerCoordinator - [Consumer clientId=consumer-recon-group-2, groupId=recon-group] (Re-)joining group
2025-12-06 08:19:47 INFO  o.a.k.c.p.i.TransactionManager - [Producer clientId=producer-2] ProducerId set to 1003 with epoch 0
2025-12-06 08:19:47 INFO  c.P.U.r.s.ReconciliationService - Published reconciliation result to Kafka. normalizedKey=afif@upi|rahul@upi|100.00|2024-12-10T10:15:30
2025-12-06 08:19:47 INFO  c.P.U.r.s.ReconciliationService - Reconciliation process completed successfully
2025-12-06 08:19:50 INFO  o.a.k.c.c.i.ConsumerCoordinator - [Consumer clientId=consumer-recon-group-2, groupId=recon-group] Successfully joined group with generation Generation{generationId=5, memberId='consumer-recon-group-2-18ce093f-8270-4ba1-96ab-a83d0c60cd93', protocol='range'}
2025-12-06 08:19:50 INFO  o.a.k.c.c.i.ConsumerCoordinator - [Consumer clientId=consumer-recon-group-2, groupId=recon-group] Finished assignment for group at generation 5: {consumer-recon-group-2-18ce093f-8270-4ba1-96ab-a83d0c60cd93=Assignment(partitions=[normalized-transactions-0])}
2025-12-06 08:19:50 INFO  o.a.k.c.c.i.ConsumerCoordinator - [Consumer clientId=consumer-recon-group-2, groupId=recon-group] Successfully synced group in generation Generation{generationId=5, memberId='consumer-recon-group-2-18ce093f-8270-4ba1-96ab-a83d0c60cd93', protocol='range'}
2025-12-06 08:19:50 INFO  o.a.k.c.c.i.ConsumerCoordinator - [Consumer clientId=consumer-recon-group-2, groupId=recon-group] Notifying assignor about the new Assignment(partitions=[normalized-transactions-0])
2025-12-06 08:19:50 INFO  o.a.k.c.c.i.ConsumerRebalanceListenerInvoker - [Consumer clientId=consumer-recon-group-2, groupId=recon-group] Adding newly assigned partitions: normalized-transactions-0
2025-12-06 08:19:50 INFO  o.a.k.c.c.internals.ConsumerUtils - Setting offset for partition normalized-transactions-0 to the committed offset FetchPosition{offset=2, offsetEpoch=Optional.empty, currentLeader=LeaderAndEpoch{leader=Optional[kafka:9092 (id: 1 rack: null)], epoch=0}}
2025-12-06 08:19:50 INFO  o.s.k.l.KafkaMessageListenerContainer - recon-group: partitions assigned: [normalized-transactions-0]
2025-12-06 08:19:58 INFO  o.s.b.d.a.LocalDevToolsAutoConfiguration$RestartingClassPathChangeChangedEventListener - Restarting due to 1 class path change (0 additions, 0 deletions, 1 modification)
2025-12-06 08:19:58 INFO  o.a.k.c.c.i.ConsumerRebalanceListenerInvoker - [Consumer clientId=consumer-recon-group-2, groupId=recon-group] Revoke previously assigned partitions normalized-transactions-0
2025-12-06 08:19:58 INFO  o.s.k.l.KafkaMessageListenerContainer - recon-group: partitions revoked: [normalized-transactions-0]
2025-12-06 08:19:58 INFO  o.a.k.c.c.i.ConsumerCoordinator - [Consumer clientId=consumer-recon-group-2, groupId=recon-group] Member consumer-recon-group-2-18ce093f-8270-4ba1-96ab-a83d0c60cd93 sending LeaveGroup request to coordinator kafka:9092 (id: 2147483646 rack: null) due to the consumer unsubscribed from all topics
2025-12-06 08:19:58 INFO  o.a.k.c.c.i.ConsumerCoordinator - [Consumer clientId=consumer-recon-group-2, groupId=recon-group] Resetting generation and member id due to: consumer pro-actively leaving the group
2025-12-06 08:19:58 INFO  o.a.k.c.c.i.ConsumerCoordinator - [Consumer clientId=consumer-recon-group-2, groupId=recon-group] Request joining group due to: consumer pro-actively leaving the group
2025-12-06 08:19:58 INFO  o.a.k.c.c.i.ClassicKafkaConsumer - [Consumer clientId=consumer-recon-group-2, groupId=recon-group] Unsubscribed all topics or patterns and assigned partitions
2025-12-06 08:19:58 INFO  o.a.k.c.c.i.ConsumerCoordinator - [Consumer clientId=consumer-recon-group-2, groupId=recon-group] Resetting generation and member id due to: consumer pro-actively leaving the group
2025-12-06 08:19:58 INFO  o.a.k.c.c.i.ConsumerCoordinator - [Consumer clientId=consumer-recon-group-2, groupId=recon-group] Request joining group due to: consumer pro-actively leaving the group
2025-12-06 08:19:58 INFO  o.a.kafka.common.metrics.Metrics - Metrics scheduler closed
2025-12-06 08:19:58 INFO  o.a.kafka.common.metrics.Metrics - Closing reporter org.apache.kafka.common.metrics.JmxReporter
2025-12-06 08:19:58 INFO  o.a.kafka.common.metrics.Metrics - Closing reporter org.apache.kafka.common.telemetry.internals.ClientTelemetryReporter
2025-12-06 08:19:58 INFO  o.a.kafka.common.metrics.Metrics - Metrics reporters closed
2025-12-06 08:19:58 INFO  o.a.kafka.common.utils.AppInfoParser - App info kafka.consumer for consumer-recon-group-2 unregistered
2025-12-06 08:19:59 INFO  o.s.k.l.KafkaMessageListenerContainer - recon-group: Consumer stopped
2025-12-06 08:19:59 INFO  o.s.b.w.e.tomcat.GracefulShutdown - Commencing graceful shutdown. Waiting for active requests to complete
2025-12-06 08:19:59 INFO  o.a.coyote.http11.Http11NioProtocol - Pausing ProtocolHandler ["http-nio-8084"]
2025-12-06 08:19:59 INFO  o.s.b.w.e.tomcat.GracefulShutdown - Graceful shutdown complete
2025-12-06 08:19:59 INFO  o.a.coyote.http11.Http11NioProtocol - Stopping ProtocolHandler ["http-nio-8084"]
2025-12-06 08:19:59 INFO  o.a.k.clients.producer.KafkaProducer - [Producer clientId=producer-2] Closing the Kafka producer with timeoutMillis = 30000 ms.
2025-12-06 08:19:59 INFO  o.a.kafka.common.metrics.Metrics - Metrics scheduler closed
2025-12-06 08:19:59 INFO  o.a.kafka.common.metrics.Metrics - Closing reporter org.apache.kafka.common.metrics.JmxReporter
2025-12-06 08:19:59 INFO  o.a.kafka.common.metrics.Metrics - Closing reporter org.apache.kafka.common.telemetry.internals.ClientTelemetryReporter
2025-12-06 08:19:59 INFO  o.a.kafka.common.metrics.Metrics - Metrics reporters closed
2025-12-06 08:19:59 INFO  o.a.kafka.common.utils.AppInfoParser - App info kafka.producer for producer-2 unregistered
2025-12-06 08:19:59 INFO  o.s.o.j.LocalContainerEntityManagerFactoryBean - Closing JPA EntityManagerFactory for persistence unit 'default'
2025-12-06 08:19:59 INFO  com.zaxxer.hikari.HikariDataSource - HikariPool-3 - Shutdown initiated...
2025-12-06 08:19:59 INFO  com.zaxxer.hikari.HikariDataSource - HikariPool-3 - Shutdown completed.
2025-12-06 08:19:59 INFO  c.P.U.recon.ReconServiceApplication - Starting ReconServiceApplication using Java 17.0.17 with PID 54 (/app/target/classes started by root in /app)
2025-12-06 08:19:59 INFO  c.P.U.recon.ReconServiceApplication - No active profile set, falling back to 1 default profile: "default"
2025-12-06 08:20:05 INFO  o.s.d.r.c.RepositoryConfigurationDelegate - Bootstrapping Spring Data JPA repositories in DEFAULT mode.
2025-12-06 08:20:05 INFO  o.s.d.r.c.RepositoryConfigurationDelegate - Finished Spring Data repository scanning in 398 ms. Found 2 JPA repository interfaces.
2025-12-06 08:20:06 INFO  o.s.b.w.e.tomcat.TomcatWebServer - Tomcat initialized with port 8084 (http)
2025-12-06 08:20:06 INFO  o.a.coyote.http11.Http11NioProtocol - Initializing ProtocolHandler ["http-nio-8084"]
2025-12-06 08:20:06 INFO  o.a.catalina.core.StandardService - Starting service [Tomcat]
2025-12-06 08:20:06 INFO  o.a.catalina.core.StandardEngine - Starting Servlet engine: [Apache Tomcat/10.1.42]
2025-12-06 08:20:07 INFO  o.a.c.c.C.[Tomcat-1].[localhost].[/] - Initializing Spring embedded WebApplicationContext
2025-12-06 08:20:07 INFO  o.s.b.w.s.c.ServletWebServerApplicationContext - Root WebApplicationContext: initialization completed in 7607 ms
2025-12-06 08:20:07 INFO  o.h.jpa.internal.util.LogHelper - HHH000204: Processing PersistenceUnitInfo [name: default]
2025-12-06 08:20:07 INFO  o.h.c.i.RegionFactoryInitiator - HHH000026: Second-level cache disabled
2025-12-06 08:20:08 INFO  o.s.o.j.p.SpringPersistenceUnitInfo - No LoadTimeWeaver setup: ignoring JPA class transformer
2025-12-06 08:20:08 INFO  com.zaxxer.hikari.HikariDataSource - HikariPool-4 - Starting...
2025-12-06 08:20:08 INFO  com.zaxxer.hikari.pool.HikariPool - HikariPool-4 - Added connection org.postgresql.jdbc.PgConnection@2100837a
2025-12-06 08:20:08 INFO  com.zaxxer.hikari.HikariDataSource - HikariPool-4 - Start completed.
2025-12-06 08:20:08 WARN  org.hibernate.orm.deprecation - HHH90000025: PostgreSQLDialect does not need to be specified explicitly using 'hibernate.dialect' (remove the property setting and it will be selected by default)
2025-12-06 08:20:08 INFO  o.hibernate.orm.connections.pooling - HHH10001005: Database info:
	Database JDBC URL [Connecting through datasource 'HikariDataSource (HikariPool-4)']
	Database driver: undefined/unknown
	Database version: 15.13
	Autocommit mode: undefined/unknown
	Isolation level: undefined/unknown
	Minimum pool size: undefined/unknown
	Maximum pool size: undefined/unknown
2025-12-06 08:20:09 INFO  o.h.e.t.j.p.i.JtaPlatformInitiator - HHH000489: No JTA platform available (set 'hibernate.transaction.jta.platform' to enable JTA platform integration)
2025-12-06 08:20:09 WARN  o.h.e.jdbc.spi.SqlExceptionHelper - SQL Warning Code: 0, SQLState: 00000
2025-12-06 08:20:09 WARN  o.h.e.jdbc.spi.SqlExceptionHelper - constraint "ukeb8077lvn71rgi4we0uhw3w06" of relation "reconciliation_results" does not exist, skipping
2025-12-06 08:20:09 INFO  o.s.o.j.LocalContainerEntityManagerFactoryBean - Initialized JPA EntityManagerFactory for persistence unit 'default'
2025-12-06 08:20:09 WARN  o.s.b.a.o.j.JpaBaseConfiguration$JpaWebConfiguration - spring.jpa.open-in-view is enabled by default. Therefore, database queries may be performed during view rendering. Explicitly configure spring.jpa.open-in-view to disable this warning
2025-12-06 08:20:10 INFO  o.s.b.d.a.OptionalLiveReloadServer - LiveReload server is running on port 35729
2025-12-06 08:20:10 INFO  o.a.coyote.http11.Http11NioProtocol - Starting ProtocolHandler ["http-nio-8084"]
2025-12-06 08:20:10 INFO  o.s.b.w.e.tomcat.TomcatWebServer - Tomcat started on port 8084 (http) with context path '/'
2025-12-06 08:20:10 INFO  o.a.k.c.consumer.ConsumerConfig - ConsumerConfig values: 
	allow.auto.create.topics = true
	auto.commit.interval.ms = 5000
	auto.include.jmx.reporter = true
	auto.offset.reset = latest
	bootstrap.servers = [kafka:9092]
	check.crcs = true
	client.dns.lookup = use_all_dns_ips
	client.id = consumer-recon-group-3
	client.rack = 
	connections.max.idle.ms = 540000
	default.api.timeout.ms = 60000
	enable.auto.commit = false
	enable.metrics.push = true
	exclude.internal.topics = true
	fetch.max.bytes = 52428800
	fetch.max.wait.ms = 500
	fetch.min.bytes = 1
	group.id = recon-group
	group.instance.id = null
	group.protocol = classic
	group.remote.assignor = null
	heartbeat.interval.ms = 3000
	interceptor.classes = []
	internal.leave.group.on.close = true
	internal.throw.on.fetch.stable.offset.unsupported = false
	isolation.level = read_uncommitted
	key.deserializer = class org.apache.kafka.common.serialization.StringDeserializer
	max.partition.fetch.bytes = 1048576
	max.poll.interval.ms = 300000
	max.poll.records = 500
	metadata.max.age.ms = 300000
	metadata.recovery.strategy = none
	metric.reporters = []
	metrics.num.samples = 2
	metrics.recording.level = INFO
	metrics.sample.window.ms = 30000
	partition.assignment.strategy = [class org.apache.kafka.clients.consumer.RangeAssignor, class org.apache.kafka.clients.consumer.CooperativeStickyAssignor]
	receive.buffer.bytes = 65536
	reconnect.backoff.max.ms = 1000
	reconnect.backoff.ms = 50
	request.timeout.ms = 30000
	retry.backoff.max.ms = 1000
	retry.backoff.ms = 100
	sasl.client.callback.handler.class = null
	sasl.jaas.config = null
	sasl.kerberos.kinit.cmd = /usr/bin/kinit
	sasl.kerberos.min.time.before.relogin = 60000
	sasl.kerberos.service.name = null
	sasl.kerberos.ticket.renew.jitter = 0.05
	sasl.kerberos.ticket.renew.window.factor = 0.8
	sasl.login.callback.handler.class = null
	sasl.login.class = null
	sasl.login.connect.timeout.ms = null
	sasl.login.read.timeout.ms = null
	sasl.login.refresh.buffer.seconds = 300
	sasl.login.refresh.min.period.seconds = 60
	sasl.login.refresh.window.factor = 0.8
	sasl.login.refresh.window.jitter = 0.05
	sasl.login.retry.backoff.max.ms = 10000
	sasl.login.retry.backoff.ms = 100
	sasl.mechanism = GSSAPI
	sasl.oauthbearer.clock.skew.seconds = 30
	sasl.oauthbearer.expected.audience = null
	sasl.oauthbearer.expected.issuer = null
	sasl.oauthbearer.header.urlencode = false
	sasl.oauthbearer.jwks.endpoint.refresh.ms = 3600000
	sasl.oauthbearer.jwks.endpoint.retry.backoff.max.ms = 10000
	sasl.oauthbearer.jwks.endpoint.retry.backoff.ms = 100
	sasl.oauthbearer.jwks.endpoint.url = null
	sasl.oauthbearer.scope.claim.name = scope
	sasl.oauthbearer.sub.claim.name = sub
	sasl.oauthbearer.token.endpoint.url = null
	security.protocol = PLAINTEXT
	security.providers = null
	send.buffer.bytes = 131072
	session.timeout.ms = 45000
	socket.connection.setup.timeout.max.ms = 30000
	socket.connection.setup.timeout.ms = 10000
	ssl.cipher.suites = null
	ssl.enabled.protocols = [TLSv1.2, TLSv1.3]
	ssl.endpoint.identification.algorithm = https
	ssl.engine.factory.class = null
	ssl.key.password = null
	ssl.keymanager.algorithm = SunX509
	ssl.keystore.certificate.chain = null
	ssl.keystore.key = null
	ssl.keystore.location = null
	ssl.keystore.password = null
	ssl.keystore.type = JKS
	ssl.protocol = TLSv1.3
	ssl.provider = null
	ssl.secure.random.implementation = null
	ssl.trustmanager.algorithm = PKIX
	ssl.truststore.certificates = null
	ssl.truststore.location = null
	ssl.truststore.password = null
	ssl.truststore.type = JKS
	value.deserializer = class org.springframework.kafka.support.serializer.JsonDeserializer

2025-12-06 08:20:10 INFO  o.a.k.c.t.i.KafkaMetricsCollector - initializing Kafka metrics collector
2025-12-06 08:20:10 INFO  o.a.k.c.consumer.ConsumerConfig - These configurations '[spring.json.trusted.packages, spring.json.use.type.headers]' were supplied but are not used yet.
2025-12-06 08:20:10 INFO  o.a.kafka.common.utils.AppInfoParser - Kafka version: 3.9.1
2025-12-06 08:20:10 INFO  o.a.kafka.common.utils.AppInfoParser - Kafka commitId: f745dfdcee2b9851
2025-12-06 08:20:10 INFO  o.a.kafka.common.utils.AppInfoParser - Kafka startTimeMs: 1765009210112
2025-12-06 08:20:10 INFO  o.a.k.c.c.i.ClassicKafkaConsumer - [Consumer clientId=consumer-recon-group-3, groupId=recon-group] Subscribed to topic(s): normalized-transactions
2025-12-06 08:20:10 INFO  c.P.U.recon.ReconServiceApplication - Started ReconServiceApplication in 10.77 seconds (process running for 1724.455)
2025-12-06 08:20:10 INFO  org.apache.kafka.clients.Metadata - [Consumer clientId=consumer-recon-group-3, groupId=recon-group] Cluster ID: t2JrPBsJQV-sLgVp4mg6-g
2025-12-06 08:20:10 INFO  c.P.U.r.s.ReconciliationService - Starting reconciliation process
2025-12-06 08:20:10 INFO  o.a.k.c.c.i.ConsumerCoordinator - [Consumer clientId=consumer-recon-group-3, groupId=recon-group] Discovered group coordinator kafka:9092 (id: 2147483646 rack: null)
2025-12-06 08:20:10 INFO  o.s.b.d.a.ConditionEvaluationDeltaLoggingListener - Condition evaluation unchanged
2025-12-06 08:20:10 INFO  o.a.k.c.c.i.ConsumerCoordinator - [Consumer clientId=consumer-recon-group-3, groupId=recon-group] (Re-)joining group
2025-12-06 08:20:10 INFO  c.P.U.r.s.NormalizedTransactionService - Fetched 2 normalized transactions from DB
2025-12-06 08:20:10 INFO  o.a.k.c.c.i.ConsumerCoordinator - [Consumer clientId=consumer-recon-group-3, groupId=recon-group] Request joining group due to: need to re-join with the given member-id: consumer-recon-group-3-d1346a12-1443-48b3-9251-39311be12fb2
2025-12-06 08:20:10 INFO  c.P.U.r.s.ReconciliationService - Fetched 2 normalized transactions for reconciliation
2025-12-06 08:20:10 INFO  o.a.k.c.c.i.ConsumerCoordinator - [Consumer clientId=consumer-recon-group-3, groupId=recon-group] (Re-)joining group
2025-12-06 08:20:10 INFO  c.P.U.r.s.ReconciliationService - Saved reconciliation result to DB. normalizedKey=afif@upi|rahul@upi|100.00|2024-12-10T10:15:30, status=MATCHED
2025-12-06 08:20:10 INFO  c.P.U.r.s.ReconciliationService - Publishing: normalizedKey=afif@upi|rahul@upi|100.00|2024-12-10T10:15:30, amount=100.00, status=MATCHED
2025-12-06 08:20:10 INFO  o.a.k.c.producer.ProducerConfig - ProducerConfig values: 
	acks = -1
	auto.include.jmx.reporter = true
	batch.size = 16384
	bootstrap.servers = [kafka:9092]
	buffer.memory = 33554432
	client.dns.lookup = use_all_dns_ips
	client.id = producer-3
	compression.gzip.level = -1
	compression.lz4.level = 9
	compression.type = none
	compression.zstd.level = 3
	connections.max.idle.ms = 540000
	delivery.timeout.ms = 120000
	enable.idempotence = true
	enable.metrics.push = true
	interceptor.classes = []
	key.serializer = class org.apache.kafka.common.serialization.StringSerializer
	linger.ms = 0
	max.block.ms = 60000
	max.in.flight.requests.per.connection = 5
	max.request.size = 1048576
	metadata.max.age.ms = 300000
	metadata.max.idle.ms = 300000
	metadata.recovery.strategy = none
	metric.reporters = []
	metrics.num.samples = 2
	metrics.recording.level = INFO
	metrics.sample.window.ms = 30000
	partitioner.adaptive.partitioning.enable = true
	partitioner.availability.timeout.ms = 0
	partitioner.class = null
	partitioner.ignore.keys = false
	receive.buffer.bytes = 32768
	reconnect.backoff.max.ms = 1000
	reconnect.backoff.ms = 50
	request.timeout.ms = 30000
	retries = 2147483647
	retry.backoff.max.ms = 1000
	retry.backoff.ms = 100
	sasl.client.callback.handler.class = null
	sasl.jaas.config = null
	sasl.kerberos.kinit.cmd = /usr/bin/kinit
	sasl.kerberos.min.time.before.relogin = 60000
	sasl.kerberos.service.name = null
	sasl.kerberos.ticket.renew.jitter = 0.05
	sasl.kerberos.ticket.renew.window.factor = 0.8
	sasl.login.callback.handler.class = null
	sasl.login.class = null
	sasl.login.connect.timeout.ms = null
	sasl.login.read.timeout.ms = null
	sasl.login.refresh.buffer.seconds = 300
	sasl.login.refresh.min.period.seconds = 60
	sasl.login.refresh.window.factor = 0.8
	sasl.login.refresh.window.jitter = 0.05
	sasl.login.retry.backoff.max.ms = 10000
	sasl.login.retry.backoff.ms = 100
	sasl.mechanism = GSSAPI
	sasl.oauthbearer.clock.skew.seconds = 30
	sasl.oauthbearer.expected.audience = null
	sasl.oauthbearer.expected.issuer = null
	sasl.oauthbearer.header.urlencode = false
	sasl.oauthbearer.jwks.endpoint.refresh.ms = 3600000
	sasl.oauthbearer.jwks.endpoint.retry.backoff.max.ms = 10000
	sasl.oauthbearer.jwks.endpoint.retry.backoff.ms = 100
	sasl.oauthbearer.jwks.endpoint.url = null
	sasl.oauthbearer.scope.claim.name = scope
	sasl.oauthbearer.sub.claim.name = sub
	sasl.oauthbearer.token.endpoint.url = null
	security.protocol = PLAINTEXT
	security.providers = null
	send.buffer.bytes = 131072
	socket.connection.setup.timeout.max.ms = 30000
	socket.connection.setup.timeout.ms = 10000
	ssl.cipher.suites = null
	ssl.enabled.protocols = [TLSv1.2, TLSv1.3]
	ssl.endpoint.identification.algorithm = https
	ssl.engine.factory.class = null
	ssl.key.password = null
	ssl.keymanager.algorithm = SunX509
	ssl.keystore.certificate.chain = null
	ssl.keystore.key = null
	ssl.keystore.location = null
	ssl.keystore.password = null
	ssl.keystore.type = JKS
	ssl.protocol = TLSv1.3
	ssl.provider = null
	ssl.secure.random.implementation = null
	ssl.trustmanager.algorithm = PKIX
	ssl.truststore.certificates = null
	ssl.truststore.location = null
	ssl.truststore.password = null
	ssl.truststore.type = JKS
	transaction.timeout.ms = 60000
	transactional.id = null
	value.serializer = class org.springframework.kafka.support.serializer.JsonSerializer

2025-12-06 08:20:10 INFO  o.a.k.c.t.i.KafkaMetricsCollector - initializing Kafka metrics collector
2025-12-06 08:20:10 INFO  o.a.k.clients.producer.KafkaProducer - [Producer clientId=producer-3] Instantiated an idempotent producer.
2025-12-06 08:20:10 INFO  o.a.kafka.common.utils.AppInfoParser - Kafka version: 3.9.1
2025-12-06 08:20:10 INFO  o.a.kafka.common.utils.AppInfoParser - Kafka commitId: f745dfdcee2b9851
2025-12-06 08:20:10 INFO  o.a.kafka.common.utils.AppInfoParser - Kafka startTimeMs: 1765009210260
2025-12-06 08:20:10 INFO  org.apache.kafka.clients.Metadata - [Producer clientId=producer-3] Cluster ID: t2JrPBsJQV-sLgVp4mg6-g
2025-12-06 08:20:10 INFO  o.a.k.c.p.i.TransactionManager - [Producer clientId=producer-3] ProducerId set to 1004 with epoch 0
2025-12-06 08:20:10 INFO  c.P.U.r.s.ReconciliationService - Published reconciliation result to Kafka. normalizedKey=afif@upi|rahul@upi|100.00|2024-12-10T10:15:30
2025-12-06 08:20:10 INFO  c.P.U.r.s.ReconciliationService - Reconciliation process completed successfully
2025-12-06 08:20:13 INFO  o.a.k.c.c.i.ConsumerCoordinator - [Consumer clientId=consumer-recon-group-3, groupId=recon-group] Successfully joined group with generation Generation{generationId=7, memberId='consumer-recon-group-3-d1346a12-1443-48b3-9251-39311be12fb2', protocol='range'}
2025-12-06 08:20:13 INFO  o.a.k.c.c.i.ConsumerCoordinator - [Consumer clientId=consumer-recon-group-3, groupId=recon-group] Finished assignment for group at generation 7: {consumer-recon-group-3-d1346a12-1443-48b3-9251-39311be12fb2=Assignment(partitions=[normalized-transactions-0])}
2025-12-06 08:20:13 INFO  o.a.k.c.c.i.ConsumerCoordinator - [Consumer clientId=consumer-recon-group-3, groupId=recon-group] Successfully synced group in generation Generation{generationId=7, memberId='consumer-recon-group-3-d1346a12-1443-48b3-9251-39311be12fb2', protocol='range'}
2025-12-06 08:20:13 INFO  o.a.k.c.c.i.ConsumerCoordinator - [Consumer clientId=consumer-recon-group-3, groupId=recon-group] Notifying assignor about the new Assignment(partitions=[normalized-transactions-0])
2025-12-06 08:20:13 INFO  o.a.k.c.c.i.ConsumerRebalanceListenerInvoker - [Consumer clientId=consumer-recon-group-3, groupId=recon-group] Adding newly assigned partitions: normalized-transactions-0
2025-12-06 08:20:13 INFO  o.a.k.c.c.internals.ConsumerUtils - Setting offset for partition normalized-transactions-0 to the committed offset FetchPosition{offset=2, offsetEpoch=Optional.empty, currentLeader=LeaderAndEpoch{leader=Optional[kafka:9092 (id: 1 rack: null)], epoch=0}}
2025-12-06 08:20:13 INFO  o.s.k.l.KafkaMessageListenerContainer - recon-group: partitions assigned: [normalized-transactions-0]
2025-12-06 08:21:13 INFO  o.s.b.d.a.LocalDevToolsAutoConfiguration$RestartingClassPathChangeChangedEventListener - Restarting due to 1 class path change (0 additions, 0 deletions, 1 modification)
2025-12-06 08:21:13 INFO  o.a.k.c.c.i.ConsumerRebalanceListenerInvoker - [Consumer clientId=consumer-recon-group-3, groupId=recon-group] Revoke previously assigned partitions normalized-transactions-0
2025-12-06 08:21:13 INFO  o.s.k.l.KafkaMessageListenerContainer - recon-group: partitions revoked: [normalized-transactions-0]
2025-12-06 08:21:13 INFO  o.a.k.c.c.i.ConsumerCoordinator - [Consumer clientId=consumer-recon-group-3, groupId=recon-group] Member consumer-recon-group-3-d1346a12-1443-48b3-9251-39311be12fb2 sending LeaveGroup request to coordinator kafka:9092 (id: 2147483646 rack: null) due to the consumer unsubscribed from all topics
2025-12-06 08:21:13 INFO  o.a.k.c.c.i.ConsumerCoordinator - [Consumer clientId=consumer-recon-group-3, groupId=recon-group] Resetting generation and member id due to: consumer pro-actively leaving the group
2025-12-06 08:21:13 INFO  o.a.k.c.c.i.ConsumerCoordinator - [Consumer clientId=consumer-recon-group-3, groupId=recon-group] Request joining group due to: consumer pro-actively leaving the group
2025-12-06 08:21:13 INFO  o.a.k.c.c.i.ClassicKafkaConsumer - [Consumer clientId=consumer-recon-group-3, groupId=recon-group] Unsubscribed all topics or patterns and assigned partitions
2025-12-06 08:21:13 INFO  o.a.k.c.c.i.ConsumerCoordinator - [Consumer clientId=consumer-recon-group-3, groupId=recon-group] Resetting generation and member id due to: consumer pro-actively leaving the group
2025-12-06 08:21:13 INFO  o.a.k.c.c.i.ConsumerCoordinator - [Consumer clientId=consumer-recon-group-3, groupId=recon-group] Request joining group due to: consumer pro-actively leaving the group
2025-12-06 08:21:13 INFO  o.a.kafka.common.metrics.Metrics - Metrics scheduler closed
2025-12-06 08:21:13 INFO  o.a.kafka.common.metrics.Metrics - Closing reporter org.apache.kafka.common.metrics.JmxReporter
2025-12-06 08:21:13 INFO  o.a.kafka.common.metrics.Metrics - Closing reporter org.apache.kafka.common.telemetry.internals.ClientTelemetryReporter
2025-12-06 08:21:13 INFO  o.a.kafka.common.metrics.Metrics - Metrics reporters closed
2025-12-06 08:21:13 INFO  o.a.kafka.common.utils.AppInfoParser - App info kafka.consumer for consumer-recon-group-3 unregistered
2025-12-06 08:21:13 INFO  o.s.k.l.KafkaMessageListenerContainer - recon-group: Consumer stopped
2025-12-06 08:21:13 INFO  o.s.b.w.e.tomcat.GracefulShutdown - Commencing graceful shutdown. Waiting for active requests to complete
2025-12-06 08:21:13 INFO  o.a.coyote.http11.Http11NioProtocol - Pausing ProtocolHandler ["http-nio-8084"]
2025-12-06 08:21:13 INFO  o.s.b.w.e.tomcat.GracefulShutdown - Graceful shutdown complete
2025-12-06 08:21:13 INFO  o.a.coyote.http11.Http11NioProtocol - Stopping ProtocolHandler ["http-nio-8084"]
2025-12-06 08:21:13 INFO  o.a.k.clients.producer.KafkaProducer - [Producer clientId=producer-3] Closing the Kafka producer with timeoutMillis = 30000 ms.
2025-12-06 08:21:13 INFO  o.a.kafka.common.metrics.Metrics - Metrics scheduler closed
2025-12-06 08:21:13 INFO  o.a.kafka.common.metrics.Metrics - Closing reporter org.apache.kafka.common.metrics.JmxReporter
2025-12-06 08:21:13 INFO  o.a.kafka.common.metrics.Metrics - Closing reporter org.apache.kafka.common.telemetry.internals.ClientTelemetryReporter
2025-12-06 08:21:13 INFO  o.a.kafka.common.metrics.Metrics - Metrics reporters closed
2025-12-06 08:21:13 INFO  o.a.kafka.common.utils.AppInfoParser - App info kafka.producer for producer-3 unregistered
2025-12-06 08:21:13 INFO  o.s.o.j.LocalContainerEntityManagerFactoryBean - Closing JPA EntityManagerFactory for persistence unit 'default'
2025-12-06 08:21:13 INFO  com.zaxxer.hikari.HikariDataSource - HikariPool-4 - Shutdown initiated...
2025-12-06 08:21:13 INFO  com.zaxxer.hikari.HikariDataSource - HikariPool-4 - Shutdown completed.
2025-12-06 08:21:14 INFO  c.P.U.recon.ReconServiceApplication - Starting ReconServiceApplication using Java 17.0.17 with PID 54 (/app/target/classes started by root in /app)
2025-12-06 08:21:14 INFO  c.P.U.recon.ReconServiceApplication - No active profile set, falling back to 1 default profile: "default"
2025-12-06 08:21:21 INFO  o.s.d.r.c.RepositoryConfigurationDelegate - Bootstrapping Spring Data JPA repositories in DEFAULT mode.
2025-12-06 08:21:22 INFO  o.s.d.r.c.RepositoryConfigurationDelegate - Finished Spring Data repository scanning in 576 ms. Found 2 JPA repository interfaces.
2025-12-06 08:21:23 INFO  o.s.b.w.e.tomcat.TomcatWebServer - Tomcat initialized with port 8084 (http)
2025-12-06 08:21:23 INFO  o.a.coyote.http11.Http11NioProtocol - Initializing ProtocolHandler ["http-nio-8084"]
2025-12-06 08:21:23 INFO  o.a.catalina.core.StandardService - Starting service [Tomcat]
2025-12-06 08:21:23 INFO  o.a.catalina.core.StandardEngine - Starting Servlet engine: [Apache Tomcat/10.1.42]
2025-12-06 08:21:24 INFO  o.a.c.c.C.[Tomcat-1].[localhost].[/] - Initializing Spring embedded WebApplicationContext
2025-12-06 08:21:24 INFO  o.s.b.w.s.c.ServletWebServerApplicationContext - Root WebApplicationContext: initialization completed in 9713 ms
2025-12-06 08:21:24 INFO  o.h.jpa.internal.util.LogHelper - HHH000204: Processing PersistenceUnitInfo [name: default]
2025-12-06 08:21:24 INFO  o.h.c.i.RegionFactoryInitiator - HHH000026: Second-level cache disabled
2025-12-06 08:21:25 INFO  o.s.o.j.p.SpringPersistenceUnitInfo - No LoadTimeWeaver setup: ignoring JPA class transformer
2025-12-06 08:21:25 INFO  com.zaxxer.hikari.HikariDataSource - HikariPool-5 - Starting...
2025-12-06 08:21:25 INFO  com.zaxxer.hikari.pool.HikariPool - HikariPool-5 - Added connection org.postgresql.jdbc.PgConnection@2073ccd1
2025-12-06 08:21:25 INFO  com.zaxxer.hikari.HikariDataSource - HikariPool-5 - Start completed.
2025-12-06 08:21:25 WARN  org.hibernate.orm.deprecation - HHH90000025: PostgreSQLDialect does not need to be specified explicitly using 'hibernate.dialect' (remove the property setting and it will be selected by default)
2025-12-06 08:21:25 INFO  o.hibernate.orm.connections.pooling - HHH10001005: Database info:
	Database JDBC URL [Connecting through datasource 'HikariDataSource (HikariPool-5)']
	Database driver: undefined/unknown
	Database version: 15.13
	Autocommit mode: undefined/unknown
	Isolation level: undefined/unknown
	Minimum pool size: undefined/unknown
	Maximum pool size: undefined/unknown
2025-12-06 08:21:26 INFO  o.h.e.t.j.p.i.JtaPlatformInitiator - HHH000489: No JTA platform available (set 'hibernate.transaction.jta.platform' to enable JTA platform integration)
2025-12-06 08:21:26 WARN  o.h.e.jdbc.spi.SqlExceptionHelper - SQL Warning Code: 0, SQLState: 00000
2025-12-06 08:21:26 WARN  o.h.e.jdbc.spi.SqlExceptionHelper - constraint "ukeb8077lvn71rgi4we0uhw3w06" of relation "reconciliation_results" does not exist, skipping
2025-12-06 08:21:26 INFO  o.s.o.j.LocalContainerEntityManagerFactoryBean - Initialized JPA EntityManagerFactory for persistence unit 'default'
2025-12-06 08:21:27 WARN  o.s.b.a.o.j.JpaBaseConfiguration$JpaWebConfiguration - spring.jpa.open-in-view is enabled by default. Therefore, database queries may be performed during view rendering. Explicitly configure spring.jpa.open-in-view to disable this warning
2025-12-06 08:21:27 INFO  o.s.b.d.a.OptionalLiveReloadServer - LiveReload server is running on port 35729
2025-12-06 08:21:27 INFO  o.a.coyote.http11.Http11NioProtocol - Starting ProtocolHandler ["http-nio-8084"]
2025-12-06 08:21:28 INFO  o.s.b.w.e.tomcat.TomcatWebServer - Tomcat started on port 8084 (http) with context path '/'
2025-12-06 08:21:28 INFO  o.a.k.c.consumer.ConsumerConfig - ConsumerConfig values: 
	allow.auto.create.topics = true
	auto.commit.interval.ms = 5000
	auto.include.jmx.reporter = true
	auto.offset.reset = latest
	bootstrap.servers = [kafka:9092]
	check.crcs = true
	client.dns.lookup = use_all_dns_ips
	client.id = consumer-recon-group-4
	client.rack = 
	connections.max.idle.ms = 540000
	default.api.timeout.ms = 60000
	enable.auto.commit = false
	enable.metrics.push = true
	exclude.internal.topics = true
	fetch.max.bytes = 52428800
	fetch.max.wait.ms = 500
	fetch.min.bytes = 1
	group.id = recon-group
	group.instance.id = null
	group.protocol = classic
	group.remote.assignor = null
	heartbeat.interval.ms = 3000
	interceptor.classes = []
	internal.leave.group.on.close = true
	internal.throw.on.fetch.stable.offset.unsupported = false
	isolation.level = read_uncommitted
	key.deserializer = class org.apache.kafka.common.serialization.StringDeserializer
	max.partition.fetch.bytes = 1048576
	max.poll.interval.ms = 300000
	max.poll.records = 500
	metadata.max.age.ms = 300000
	metadata.recovery.strategy = none
	metric.reporters = []
	metrics.num.samples = 2
	metrics.recording.level = INFO
	metrics.sample.window.ms = 30000
	partition.assignment.strategy = [class org.apache.kafka.clients.consumer.RangeAssignor, class org.apache.kafka.clients.consumer.CooperativeStickyAssignor]
	receive.buffer.bytes = 65536
	reconnect.backoff.max.ms = 1000
	reconnect.backoff.ms = 50
	request.timeout.ms = 30000
	retry.backoff.max.ms = 1000
	retry.backoff.ms = 100
	sasl.client.callback.handler.class = null
	sasl.jaas.config = null
	sasl.kerberos.kinit.cmd = /usr/bin/kinit
	sasl.kerberos.min.time.before.relogin = 60000
	sasl.kerberos.service.name = null
	sasl.kerberos.ticket.renew.jitter = 0.05
	sasl.kerberos.ticket.renew.window.factor = 0.8
	sasl.login.callback.handler.class = null
	sasl.login.class = null
	sasl.login.connect.timeout.ms = null
	sasl.login.read.timeout.ms = null
	sasl.login.refresh.buffer.seconds = 300
	sasl.login.refresh.min.period.seconds = 60
	sasl.login.refresh.window.factor = 0.8
	sasl.login.refresh.window.jitter = 0.05
	sasl.login.retry.backoff.max.ms = 10000
	sasl.login.retry.backoff.ms = 100
	sasl.mechanism = GSSAPI
	sasl.oauthbearer.clock.skew.seconds = 30
	sasl.oauthbearer.expected.audience = null
	sasl.oauthbearer.expected.issuer = null
	sasl.oauthbearer.header.urlencode = false
	sasl.oauthbearer.jwks.endpoint.refresh.ms = 3600000
	sasl.oauthbearer.jwks.endpoint.retry.backoff.max.ms = 10000
	sasl.oauthbearer.jwks.endpoint.retry.backoff.ms = 100
	sasl.oauthbearer.jwks.endpoint.url = null
	sasl.oauthbearer.scope.claim.name = scope
	sasl.oauthbearer.sub.claim.name = sub
	sasl.oauthbearer.token.endpoint.url = null
	security.protocol = PLAINTEXT
	security.providers = null
	send.buffer.bytes = 131072
	session.timeout.ms = 45000
	socket.connection.setup.timeout.max.ms = 30000
	socket.connection.setup.timeout.ms = 10000
	ssl.cipher.suites = null
	ssl.enabled.protocols = [TLSv1.2, TLSv1.3]
	ssl.endpoint.identification.algorithm = https
	ssl.engine.factory.class = null
	ssl.key.password = null
	ssl.keymanager.algorithm = SunX509
	ssl.keystore.certificate.chain = null
	ssl.keystore.key = null
	ssl.keystore.location = null
	ssl.keystore.password = null
	ssl.keystore.type = JKS
	ssl.protocol = TLSv1.3
	ssl.provider = null
	ssl.secure.random.implementation = null
	ssl.trustmanager.algorithm = PKIX
	ssl.truststore.certificates = null
	ssl.truststore.location = null
	ssl.truststore.password = null
	ssl.truststore.type = JKS
	value.deserializer = class org.springframework.kafka.support.serializer.JsonDeserializer

2025-12-06 08:21:28 INFO  o.a.k.c.t.i.KafkaMetricsCollector - initializing Kafka metrics collector
2025-12-06 08:21:28 INFO  o.a.k.c.consumer.ConsumerConfig - These configurations '[spring.json.trusted.packages, spring.json.use.type.headers]' were supplied but are not used yet.
2025-12-06 08:21:28 INFO  o.a.kafka.common.utils.AppInfoParser - Kafka version: 3.9.1
2025-12-06 08:21:28 INFO  o.a.kafka.common.utils.AppInfoParser - Kafka commitId: f745dfdcee2b9851
2025-12-06 08:21:28 INFO  o.a.kafka.common.utils.AppInfoParser - Kafka startTimeMs: 1765009288043
2025-12-06 08:21:28 INFO  o.a.k.c.c.i.ClassicKafkaConsumer - [Consumer clientId=consumer-recon-group-4, groupId=recon-group] Subscribed to topic(s): normalized-transactions
2025-12-06 08:21:28 INFO  c.P.U.r.s.ReconciliationService - Starting reconciliation process
2025-12-06 08:21:28 INFO  c.P.U.recon.ReconServiceApplication - Started ReconServiceApplication in 14.001 seconds (process running for 1802.397)
2025-12-06 08:21:28 INFO  o.s.b.d.a.ConditionEvaluationDeltaLoggingListener - Condition evaluation unchanged
2025-12-06 08:21:28 INFO  c.P.U.r.s.NormalizedTransactionService - Fetched 2 normalized transactions from DB
2025-12-06 08:21:28 INFO  c.P.U.r.s.ReconciliationService - Fetched 2 normalized transactions for reconciliation
2025-12-06 08:21:28 INFO  org.apache.kafka.clients.Metadata - [Consumer clientId=consumer-recon-group-4, groupId=recon-group] Cluster ID: t2JrPBsJQV-sLgVp4mg6-g
2025-12-06 08:21:28 INFO  o.a.k.c.c.i.ConsumerCoordinator - [Consumer clientId=consumer-recon-group-4, groupId=recon-group] Discovered group coordinator kafka:9092 (id: 2147483646 rack: null)
2025-12-06 08:21:28 INFO  o.a.k.c.c.i.ConsumerCoordinator - [Consumer clientId=consumer-recon-group-4, groupId=recon-group] (Re-)joining group
2025-12-06 08:21:28 INFO  c.P.U.r.s.ReconciliationService - Saved reconciliation result to DB. normalizedKey=afif@upi|rahul@upi|100.00|2024-12-10T10:15:30, status=MATCHED
2025-12-06 08:21:28 INFO  c.P.U.r.s.ReconciliationService - Publishing: normalizedKey=afif@upi|rahul@upi|100.00|2024-12-10T10:15:30, amount=100.00, status=MATCHED
2025-12-06 08:21:28 INFO  o.a.k.c.producer.ProducerConfig - ProducerConfig values: 
	acks = -1
	auto.include.jmx.reporter = true
	batch.size = 16384
	bootstrap.servers = [kafka:9092]
	buffer.memory = 33554432
	client.dns.lookup = use_all_dns_ips
	client.id = producer-4
	compression.gzip.level = -1
	compression.lz4.level = 9
	compression.type = none
	compression.zstd.level = 3
	connections.max.idle.ms = 540000
	delivery.timeout.ms = 120000
	enable.idempotence = true
	enable.metrics.push = true
	interceptor.classes = []
	key.serializer = class org.apache.kafka.common.serialization.StringSerializer
	linger.ms = 0
	max.block.ms = 60000
	max.in.flight.requests.per.connection = 5
	max.request.size = 1048576
	metadata.max.age.ms = 300000
	metadata.max.idle.ms = 300000
	metadata.recovery.strategy = none
	metric.reporters = []
	metrics.num.samples = 2
	metrics.recording.level = INFO
	metrics.sample.window.ms = 30000
	partitioner.adaptive.partitioning.enable = true
	partitioner.availability.timeout.ms = 0
	partitioner.class = null
	partitioner.ignore.keys = false
	receive.buffer.bytes = 32768
	reconnect.backoff.max.ms = 1000
	reconnect.backoff.ms = 50
	request.timeout.ms = 30000
	retries = 2147483647
	retry.backoff.max.ms = 1000
	retry.backoff.ms = 100
	sasl.client.callback.handler.class = null
	sasl.jaas.config = null
	sasl.kerberos.kinit.cmd = /usr/bin/kinit
	sasl.kerberos.min.time.before.relogin = 60000
	sasl.kerberos.service.name = null
	sasl.kerberos.ticket.renew.jitter = 0.05
	sasl.kerberos.ticket.renew.window.factor = 0.8
	sasl.login.callback.handler.class = null
	sasl.login.class = null
	sasl.login.connect.timeout.ms = null
	sasl.login.read.timeout.ms = null
	sasl.login.refresh.buffer.seconds = 300
	sasl.login.refresh.min.period.seconds = 60
	sasl.login.refresh.window.factor = 0.8
	sasl.login.refresh.window.jitter = 0.05
	sasl.login.retry.backoff.max.ms = 10000
	sasl.login.retry.backoff.ms = 100
	sasl.mechanism = GSSAPI
	sasl.oauthbearer.clock.skew.seconds = 30
	sasl.oauthbearer.expected.audience = null
	sasl.oauthbearer.expected.issuer = null
	sasl.oauthbearer.header.urlencode = false
	sasl.oauthbearer.jwks.endpoint.refresh.ms = 3600000
	sasl.oauthbearer.jwks.endpoint.retry.backoff.max.ms = 10000
	sasl.oauthbearer.jwks.endpoint.retry.backoff.ms = 100
	sasl.oauthbearer.jwks.endpoint.url = null
	sasl.oauthbearer.scope.claim.name = scope
	sasl.oauthbearer.sub.claim.name = sub
	sasl.oauthbearer.token.endpoint.url = null
	security.protocol = PLAINTEXT
	security.providers = null
	send.buffer.bytes = 131072
	socket.connection.setup.timeout.max.ms = 30000
	socket.connection.setup.timeout.ms = 10000
	ssl.cipher.suites = null
	ssl.enabled.protocols = [TLSv1.2, TLSv1.3]
	ssl.endpoint.identification.algorithm = https
	ssl.engine.factory.class = null
	ssl.key.password = null
	ssl.keymanager.algorithm = SunX509
	ssl.keystore.certificate.chain = null
	ssl.keystore.key = null
	ssl.keystore.location = null
	ssl.keystore.password = null
	ssl.keystore.type = JKS
	ssl.protocol = TLSv1.3
	ssl.provider = null
	ssl.secure.random.implementation = null
	ssl.trustmanager.algorithm = PKIX
	ssl.truststore.certificates = null
	ssl.truststore.location = null
	ssl.truststore.password = null
	ssl.truststore.type = JKS
	transaction.timeout.ms = 60000
	transactional.id = null
	value.serializer = class org.springframework.kafka.support.serializer.JsonSerializer

2025-12-06 08:21:28 INFO  o.a.k.c.t.i.KafkaMetricsCollector - initializing Kafka metrics collector
2025-12-06 08:21:28 INFO  o.a.k.clients.producer.KafkaProducer - [Producer clientId=producer-4] Instantiated an idempotent producer.
2025-12-06 08:21:28 INFO  o.a.kafka.common.utils.AppInfoParser - Kafka version: 3.9.1
2025-12-06 08:21:28 INFO  o.a.kafka.common.utils.AppInfoParser - Kafka commitId: f745dfdcee2b9851
2025-12-06 08:21:28 INFO  o.a.kafka.common.utils.AppInfoParser - Kafka startTimeMs: 1765009288241
2025-12-06 08:21:28 INFO  o.a.k.c.c.i.ConsumerCoordinator - [Consumer clientId=consumer-recon-group-4, groupId=recon-group] Request joining group due to: need to re-join with the given member-id: consumer-recon-group-4-f367d0a2-9255-49bc-b59b-045b84bebc0e
2025-12-06 08:21:28 INFO  o.a.k.c.c.i.ConsumerCoordinator - [Consumer clientId=consumer-recon-group-4, groupId=recon-group] (Re-)joining group
2025-12-06 08:21:28 INFO  org.apache.kafka.clients.Metadata - [Producer clientId=producer-4] Cluster ID: t2JrPBsJQV-sLgVp4mg6-g
2025-12-06 08:21:28 INFO  o.a.k.c.p.i.TransactionManager - [Producer clientId=producer-4] ProducerId set to 1005 with epoch 0
2025-12-06 08:21:28 INFO  c.P.U.r.s.ReconciliationService - Published reconciliation result to Kafka. normalizedKey=afif@upi|rahul@upi|100.00|2024-12-10T10:15:30
2025-12-06 08:21:28 INFO  c.P.U.r.s.ReconciliationService - Reconciliation process completed successfully
2025-12-06 08:21:31 INFO  o.a.k.c.c.i.ConsumerCoordinator - [Consumer clientId=consumer-recon-group-4, groupId=recon-group] Successfully joined group with generation Generation{generationId=9, memberId='consumer-recon-group-4-f367d0a2-9255-49bc-b59b-045b84bebc0e', protocol='range'}
2025-12-06 08:21:31 INFO  o.a.k.c.c.i.ConsumerCoordinator - [Consumer clientId=consumer-recon-group-4, groupId=recon-group] Finished assignment for group at generation 9: {consumer-recon-group-4-f367d0a2-9255-49bc-b59b-045b84bebc0e=Assignment(partitions=[normalized-transactions-0])}
2025-12-06 08:21:31 INFO  o.a.k.c.c.i.ConsumerCoordinator - [Consumer clientId=consumer-recon-group-4, groupId=recon-group] Successfully synced group in generation Generation{generationId=9, memberId='consumer-recon-group-4-f367d0a2-9255-49bc-b59b-045b84bebc0e', protocol='range'}
2025-12-06 08:21:31 INFO  o.a.k.c.c.i.ConsumerCoordinator - [Consumer clientId=consumer-recon-group-4, groupId=recon-group] Notifying assignor about the new Assignment(partitions=[normalized-transactions-0])
2025-12-06 08:21:31 INFO  o.a.k.c.c.i.ConsumerRebalanceListenerInvoker - [Consumer clientId=consumer-recon-group-4, groupId=recon-group] Adding newly assigned partitions: normalized-transactions-0
2025-12-06 08:21:31 INFO  o.a.k.c.c.internals.ConsumerUtils - Setting offset for partition normalized-transactions-0 to the committed offset FetchPosition{offset=2, offsetEpoch=Optional.empty, currentLeader=LeaderAndEpoch{leader=Optional[kafka:9092 (id: 1 rack: null)], epoch=0}}
2025-12-06 08:21:31 INFO  o.s.k.l.KafkaMessageListenerContainer - recon-group: partitions assigned: [normalized-transactions-0]
2025-12-06 08:26:20 INFO  o.s.b.d.a.LocalDevToolsAutoConfiguration$RestartingClassPathChangeChangedEventListener - Restarting due to 1 class path change (0 additions, 0 deletions, 1 modification)
2025-12-06 08:26:21 INFO  o.a.k.c.c.i.ConsumerRebalanceListenerInvoker - [Consumer clientId=consumer-recon-group-4, groupId=recon-group] Revoke previously assigned partitions normalized-transactions-0
2025-12-06 08:26:21 INFO  o.s.k.l.KafkaMessageListenerContainer - recon-group: partitions revoked: [normalized-transactions-0]
2025-12-06 08:26:21 INFO  o.a.k.c.c.i.ConsumerCoordinator - [Consumer clientId=consumer-recon-group-4, groupId=recon-group] Member consumer-recon-group-4-f367d0a2-9255-49bc-b59b-045b84bebc0e sending LeaveGroup request to coordinator kafka:9092 (id: 2147483646 rack: null) due to the consumer unsubscribed from all topics
2025-12-06 08:26:21 INFO  o.a.k.c.c.i.ConsumerCoordinator - [Consumer clientId=consumer-recon-group-4, groupId=recon-group] Resetting generation and member id due to: consumer pro-actively leaving the group
2025-12-06 08:26:21 INFO  o.a.k.c.c.i.ConsumerCoordinator - [Consumer clientId=consumer-recon-group-4, groupId=recon-group] Request joining group due to: consumer pro-actively leaving the group
2025-12-06 08:26:21 INFO  o.a.k.c.c.i.ClassicKafkaConsumer - [Consumer clientId=consumer-recon-group-4, groupId=recon-group] Unsubscribed all topics or patterns and assigned partitions
2025-12-06 08:26:21 INFO  o.a.k.c.c.i.ConsumerCoordinator - [Consumer clientId=consumer-recon-group-4, groupId=recon-group] Resetting generation and member id due to: consumer pro-actively leaving the group
2025-12-06 08:26:21 INFO  o.a.k.c.c.i.ConsumerCoordinator - [Consumer clientId=consumer-recon-group-4, groupId=recon-group] Request joining group due to: consumer pro-actively leaving the group
2025-12-06 08:26:21 INFO  o.a.kafka.common.metrics.Metrics - Metrics scheduler closed
2025-12-06 08:26:21 INFO  o.a.kafka.common.metrics.Metrics - Closing reporter org.apache.kafka.common.metrics.JmxReporter
2025-12-06 08:26:21 INFO  o.a.kafka.common.metrics.Metrics - Closing reporter org.apache.kafka.common.telemetry.internals.ClientTelemetryReporter
2025-12-06 08:26:21 INFO  o.a.kafka.common.metrics.Metrics - Metrics reporters closed
2025-12-06 08:26:21 INFO  o.a.kafka.common.utils.AppInfoParser - App info kafka.consumer for consumer-recon-group-4 unregistered
2025-12-06 08:26:21 INFO  o.s.k.l.KafkaMessageListenerContainer - recon-group: Consumer stopped
2025-12-06 08:26:21 INFO  o.s.b.w.e.tomcat.GracefulShutdown - Commencing graceful shutdown. Waiting for active requests to complete
2025-12-06 08:26:21 INFO  o.a.coyote.http11.Http11NioProtocol - Pausing ProtocolHandler ["http-nio-8084"]
2025-12-06 08:26:21 INFO  o.s.b.w.e.tomcat.GracefulShutdown - Graceful shutdown complete
2025-12-06 08:26:21 INFO  o.a.coyote.http11.Http11NioProtocol - Stopping ProtocolHandler ["http-nio-8084"]
2025-12-06 08:26:21 INFO  o.a.k.clients.producer.KafkaProducer - [Producer clientId=producer-4] Closing the Kafka producer with timeoutMillis = 30000 ms.
2025-12-06 08:26:21 INFO  o.a.kafka.common.metrics.Metrics - Metrics scheduler closed
2025-12-06 08:26:21 INFO  o.a.kafka.common.metrics.Metrics - Closing reporter org.apache.kafka.common.metrics.JmxReporter
2025-12-06 08:26:21 INFO  o.a.kafka.common.metrics.Metrics - Closing reporter org.apache.kafka.common.telemetry.internals.ClientTelemetryReporter
2025-12-06 08:26:21 INFO  o.a.kafka.common.metrics.Metrics - Metrics reporters closed
2025-12-06 08:26:21 INFO  o.a.kafka.common.utils.AppInfoParser - App info kafka.producer for producer-4 unregistered
2025-12-06 08:26:21 INFO  o.s.o.j.LocalContainerEntityManagerFactoryBean - Closing JPA EntityManagerFactory for persistence unit 'default'
2025-12-06 08:26:21 INFO  com.zaxxer.hikari.HikariDataSource - HikariPool-5 - Shutdown initiated...
2025-12-06 08:26:21 INFO  com.zaxxer.hikari.HikariDataSource - HikariPool-5 - Shutdown completed.
2025-12-06 08:26:23 INFO  c.P.U.recon.ReconServiceApplication - Starting ReconServiceApplication using Java 17.0.17 with PID 54 (/app/target/classes started by root in /app)
2025-12-06 08:26:23 INFO  c.P.U.recon.ReconServiceApplication - No active profile set, falling back to 1 default profile: "default"
2025-12-06 08:26:27 INFO  o.s.d.r.c.RepositoryConfigurationDelegate - Bootstrapping Spring Data JPA repositories in DEFAULT mode.
2025-12-06 08:26:28 INFO  o.s.d.r.c.RepositoryConfigurationDelegate - Finished Spring Data repository scanning in 577 ms. Found 2 JPA repository interfaces.
2025-12-06 08:26:29 INFO  o.s.b.w.e.tomcat.TomcatWebServer - Tomcat initialized with port 8084 (http)
2025-12-06 08:26:29 INFO  o.a.coyote.http11.Http11NioProtocol - Initializing ProtocolHandler ["http-nio-8084"]
2025-12-06 08:26:29 INFO  o.a.catalina.core.StandardService - Starting service [Tomcat]
2025-12-06 08:26:29 INFO  o.a.catalina.core.StandardEngine - Starting Servlet engine: [Apache Tomcat/10.1.42]
2025-12-06 08:26:29 INFO  o.a.c.c.C.[Tomcat-1].[localhost].[/] - Initializing Spring embedded WebApplicationContext
2025-12-06 08:26:29 INFO  o.s.b.w.s.c.ServletWebServerApplicationContext - Root WebApplicationContext: initialization completed in 6658 ms
2025-12-06 08:26:30 INFO  o.h.jpa.internal.util.LogHelper - HHH000204: Processing PersistenceUnitInfo [name: default]
2025-12-06 08:26:30 INFO  o.h.c.i.RegionFactoryInitiator - HHH000026: Second-level cache disabled
2025-12-06 08:26:30 INFO  o.s.o.j.p.SpringPersistenceUnitInfo - No LoadTimeWeaver setup: ignoring JPA class transformer
2025-12-06 08:26:30 INFO  com.zaxxer.hikari.HikariDataSource - HikariPool-6 - Starting...
2025-12-06 08:26:30 INFO  com.zaxxer.hikari.pool.HikariPool - HikariPool-6 - Added connection org.postgresql.jdbc.PgConnection@62e2b9d
2025-12-06 08:26:30 INFO  com.zaxxer.hikari.HikariDataSource - HikariPool-6 - Start completed.
2025-12-06 08:26:30 WARN  org.hibernate.orm.deprecation - HHH90000025: PostgreSQLDialect does not need to be specified explicitly using 'hibernate.dialect' (remove the property setting and it will be selected by default)
2025-12-06 08:26:30 INFO  o.hibernate.orm.connections.pooling - HHH10001005: Database info:
	Database JDBC URL [Connecting through datasource 'HikariDataSource (HikariPool-6)']
	Database driver: undefined/unknown
	Database version: 15.13
	Autocommit mode: undefined/unknown
	Isolation level: undefined/unknown
	Minimum pool size: undefined/unknown
	Maximum pool size: undefined/unknown
2025-12-06 08:26:32 INFO  o.h.e.t.j.p.i.JtaPlatformInitiator - HHH000489: No JTA platform available (set 'hibernate.transaction.jta.platform' to enable JTA platform integration)
2025-12-06 08:26:32 WARN  o.h.e.jdbc.spi.SqlExceptionHelper - SQL Warning Code: 0, SQLState: 00000
2025-12-06 08:26:32 WARN  o.h.e.jdbc.spi.SqlExceptionHelper - constraint "ukeb8077lvn71rgi4we0uhw3w06" of relation "reconciliation_results" does not exist, skipping
2025-12-06 08:26:32 INFO  o.s.o.j.LocalContainerEntityManagerFactoryBean - Initialized JPA EntityManagerFactory for persistence unit 'default'
2025-12-06 08:26:33 WARN  o.s.b.a.o.j.JpaBaseConfiguration$JpaWebConfiguration - spring.jpa.open-in-view is enabled by default. Therefore, database queries may be performed during view rendering. Explicitly configure spring.jpa.open-in-view to disable this warning
2025-12-06 08:26:34 INFO  o.s.b.d.a.OptionalLiveReloadServer - LiveReload server is running on port 35729
2025-12-06 08:26:34 INFO  o.a.coyote.http11.Http11NioProtocol - Starting ProtocolHandler ["http-nio-8084"]
2025-12-06 08:26:34 INFO  o.s.b.w.e.tomcat.TomcatWebServer - Tomcat started on port 8084 (http) with context path '/'
2025-12-06 08:26:34 INFO  o.a.k.c.consumer.ConsumerConfig - ConsumerConfig values: 
	allow.auto.create.topics = true
	auto.commit.interval.ms = 5000
	auto.include.jmx.reporter = true
	auto.offset.reset = latest
	bootstrap.servers = [kafka:9092]
	check.crcs = true
	client.dns.lookup = use_all_dns_ips
	client.id = consumer-recon-group-5
	client.rack = 
	connections.max.idle.ms = 540000
	default.api.timeout.ms = 60000
	enable.auto.commit = false
	enable.metrics.push = true
	exclude.internal.topics = true
	fetch.max.bytes = 52428800
	fetch.max.wait.ms = 500
	fetch.min.bytes = 1
	group.id = recon-group
	group.instance.id = null
	group.protocol = classic
	group.remote.assignor = null
	heartbeat.interval.ms = 3000
	interceptor.classes = []
	internal.leave.group.on.close = true
	internal.throw.on.fetch.stable.offset.unsupported = false
	isolation.level = read_uncommitted
	key.deserializer = class org.apache.kafka.common.serialization.StringDeserializer
	max.partition.fetch.bytes = 1048576
	max.poll.interval.ms = 300000
	max.poll.records = 500
	metadata.max.age.ms = 300000
	metadata.recovery.strategy = none
	metric.reporters = []
	metrics.num.samples = 2
	metrics.recording.level = INFO
	metrics.sample.window.ms = 30000
	partition.assignment.strategy = [class org.apache.kafka.clients.consumer.RangeAssignor, class org.apache.kafka.clients.consumer.CooperativeStickyAssignor]
	receive.buffer.bytes = 65536
	reconnect.backoff.max.ms = 1000
	reconnect.backoff.ms = 50
	request.timeout.ms = 30000
	retry.backoff.max.ms = 1000
	retry.backoff.ms = 100
	sasl.client.callback.handler.class = null
	sasl.jaas.config = null
	sasl.kerberos.kinit.cmd = /usr/bin/kinit
	sasl.kerberos.min.time.before.relogin = 60000
	sasl.kerberos.service.name = null
	sasl.kerberos.ticket.renew.jitter = 0.05
	sasl.kerberos.ticket.renew.window.factor = 0.8
	sasl.login.callback.handler.class = null
	sasl.login.class = null
	sasl.login.connect.timeout.ms = null
	sasl.login.read.timeout.ms = null
	sasl.login.refresh.buffer.seconds = 300
	sasl.login.refresh.min.period.seconds = 60
	sasl.login.refresh.window.factor = 0.8
	sasl.login.refresh.window.jitter = 0.05
	sasl.login.retry.backoff.max.ms = 10000
	sasl.login.retry.backoff.ms = 100
	sasl.mechanism = GSSAPI
	sasl.oauthbearer.clock.skew.seconds = 30
	sasl.oauthbearer.expected.audience = null
	sasl.oauthbearer.expected.issuer = null
	sasl.oauthbearer.header.urlencode = false
	sasl.oauthbearer.jwks.endpoint.refresh.ms = 3600000
	sasl.oauthbearer.jwks.endpoint.retry.backoff.max.ms = 10000
	sasl.oauthbearer.jwks.endpoint.retry.backoff.ms = 100
	sasl.oauthbearer.jwks.endpoint.url = null
	sasl.oauthbearer.scope.claim.name = scope
	sasl.oauthbearer.sub.claim.name = sub
	sasl.oauthbearer.token.endpoint.url = null
	security.protocol = PLAINTEXT
	security.providers = null
	send.buffer.bytes = 131072
	session.timeout.ms = 45000
	socket.connection.setup.timeout.max.ms = 30000
	socket.connection.setup.timeout.ms = 10000
	ssl.cipher.suites = null
	ssl.enabled.protocols = [TLSv1.2, TLSv1.3]
	ssl.endpoint.identification.algorithm = https
	ssl.engine.factory.class = null
	ssl.key.password = null
	ssl.keymanager.algorithm = SunX509
	ssl.keystore.certificate.chain = null
	ssl.keystore.key = null
	ssl.keystore.location = null
	ssl.keystore.password = null
	ssl.keystore.type = JKS
	ssl.protocol = TLSv1.3
	ssl.provider = null
	ssl.secure.random.implementation = null
	ssl.trustmanager.algorithm = PKIX
	ssl.truststore.certificates = null
	ssl.truststore.location = null
	ssl.truststore.password = null
	ssl.truststore.type = JKS
	value.deserializer = class org.springframework.kafka.support.serializer.JsonDeserializer

2025-12-06 08:26:34 INFO  o.a.k.c.t.i.KafkaMetricsCollector - initializing Kafka metrics collector
2025-12-06 08:26:34 INFO  o.a.k.c.consumer.ConsumerConfig - These configurations '[spring.json.trusted.packages, spring.json.use.type.headers]' were supplied but are not used yet.
2025-12-06 08:26:34 INFO  o.a.kafka.common.utils.AppInfoParser - Kafka version: 3.9.1
2025-12-06 08:26:34 INFO  o.a.kafka.common.utils.AppInfoParser - Kafka commitId: f745dfdcee2b9851
2025-12-06 08:26:34 INFO  o.a.kafka.common.utils.AppInfoParser - Kafka startTimeMs: 1765009594204
2025-12-06 08:26:34 INFO  o.a.k.c.c.i.ClassicKafkaConsumer - [Consumer clientId=consumer-recon-group-5, groupId=recon-group] Subscribed to topic(s): normalized-transactions
2025-12-06 08:26:34 INFO  c.P.U.r.s.ReconciliationService - Starting reconciliation process
2025-12-06 08:26:34 INFO  c.P.U.recon.ReconServiceApplication - Started ReconServiceApplication in 11.478 seconds (process running for 2108.621)
2025-12-06 08:26:34 INFO  o.s.b.d.a.ConditionEvaluationDeltaLoggingListener - Condition evaluation unchanged
2025-12-06 08:26:34 INFO  c.P.U.r.s.NormalizedTransactionService - Fetched 2 normalized transactions from DB
2025-12-06 08:26:34 INFO  c.P.U.r.s.ReconciliationService - Fetched 2 normalized transactions for reconciliation
2025-12-06 08:26:34 INFO  org.apache.kafka.clients.Metadata - [Consumer clientId=consumer-recon-group-5, groupId=recon-group] Cluster ID: t2JrPBsJQV-sLgVp4mg6-g
2025-12-06 08:26:34 INFO  o.a.k.c.c.i.ConsumerCoordinator - [Consumer clientId=consumer-recon-group-5, groupId=recon-group] Discovered group coordinator kafka:9092 (id: 2147483646 rack: null)
2025-12-06 08:26:34 INFO  o.a.k.c.c.i.ConsumerCoordinator - [Consumer clientId=consumer-recon-group-5, groupId=recon-group] (Re-)joining group
2025-12-06 08:26:34 INFO  o.a.k.c.c.i.ConsumerCoordinator - [Consumer clientId=consumer-recon-group-5, groupId=recon-group] Request joining group due to: need to re-join with the given member-id: consumer-recon-group-5-3317c2ec-7083-4f87-981b-be773257b2d6
2025-12-06 08:26:34 INFO  o.a.k.c.c.i.ConsumerCoordinator - [Consumer clientId=consumer-recon-group-5, groupId=recon-group] (Re-)joining group
2025-12-06 08:26:34 INFO  c.P.U.r.s.ReconciliationService - Saved reconciliation result to DB. normalizedKey=afif@upi|rahul@upi|100.00|2024-12-10T10:15:30, status=MATCHED
2025-12-06 08:26:34 INFO  c.P.U.r.s.ReconciliationService - Publishing: normalizedKey=afif@upi|rahul@upi|100.00|2024-12-10T10:15:30, amount=100.00, status=MATCHED
2025-12-06 08:26:34 INFO  o.a.k.c.producer.ProducerConfig - ProducerConfig values: 
	acks = -1
	auto.include.jmx.reporter = true
	batch.size = 16384
	bootstrap.servers = [kafka:9092]
	buffer.memory = 33554432
	client.dns.lookup = use_all_dns_ips
	client.id = producer-5
	compression.gzip.level = -1
	compression.lz4.level = 9
	compression.type = none
	compression.zstd.level = 3
	connections.max.idle.ms = 540000
	delivery.timeout.ms = 120000
	enable.idempotence = true
	enable.metrics.push = true
	interceptor.classes = []
	key.serializer = class org.apache.kafka.common.serialization.StringSerializer
	linger.ms = 0
	max.block.ms = 60000
	max.in.flight.requests.per.connection = 5
	max.request.size = 1048576
	metadata.max.age.ms = 300000
	metadata.max.idle.ms = 300000
	metadata.recovery.strategy = none
	metric.reporters = []
	metrics.num.samples = 2
	metrics.recording.level = INFO
	metrics.sample.window.ms = 30000
	partitioner.adaptive.partitioning.enable = true
	partitioner.availability.timeout.ms = 0
	partitioner.class = null
	partitioner.ignore.keys = false
	receive.buffer.bytes = 32768
	reconnect.backoff.max.ms = 1000
	reconnect.backoff.ms = 50
	request.timeout.ms = 30000
	retries = 2147483647
	retry.backoff.max.ms = 1000
	retry.backoff.ms = 100
	sasl.client.callback.handler.class = null
	sasl.jaas.config = null
	sasl.kerberos.kinit.cmd = /usr/bin/kinit
	sasl.kerberos.min.time.before.relogin = 60000
	sasl.kerberos.service.name = null
	sasl.kerberos.ticket.renew.jitter = 0.05
	sasl.kerberos.ticket.renew.window.factor = 0.8
	sasl.login.callback.handler.class = null
	sasl.login.class = null
	sasl.login.connect.timeout.ms = null
	sasl.login.read.timeout.ms = null
	sasl.login.refresh.buffer.seconds = 300
	sasl.login.refresh.min.period.seconds = 60
	sasl.login.refresh.window.factor = 0.8
	sasl.login.refresh.window.jitter = 0.05
	sasl.login.retry.backoff.max.ms = 10000
	sasl.login.retry.backoff.ms = 100
	sasl.mechanism = GSSAPI
	sasl.oauthbearer.clock.skew.seconds = 30
	sasl.oauthbearer.expected.audience = null
	sasl.oauthbearer.expected.issuer = null
	sasl.oauthbearer.header.urlencode = false
	sasl.oauthbearer.jwks.endpoint.refresh.ms = 3600000
	sasl.oauthbearer.jwks.endpoint.retry.backoff.max.ms = 10000
	sasl.oauthbearer.jwks.endpoint.retry.backoff.ms = 100
	sasl.oauthbearer.jwks.endpoint.url = null
	sasl.oauthbearer.scope.claim.name = scope
	sasl.oauthbearer.sub.claim.name = sub
	sasl.oauthbearer.token.endpoint.url = null
	security.protocol = PLAINTEXT
	security.providers = null
	send.buffer.bytes = 131072
	socket.connection.setup.timeout.max.ms = 30000
	socket.connection.setup.timeout.ms = 10000
	ssl.cipher.suites = null
	ssl.enabled.protocols = [TLSv1.2, TLSv1.3]
	ssl.endpoint.identification.algorithm = https
	ssl.engine.factory.class = null
	ssl.key.password = null
	ssl.keymanager.algorithm = SunX509
	ssl.keystore.certificate.chain = null
	ssl.keystore.key = null
	ssl.keystore.location = null
	ssl.keystore.password = null
	ssl.keystore.type = JKS
	ssl.protocol = TLSv1.3
	ssl.provider = null
	ssl.secure.random.implementation = null
	ssl.trustmanager.algorithm = PKIX
	ssl.truststore.certificates = null
	ssl.truststore.location = null
	ssl.truststore.password = null
	ssl.truststore.type = JKS
	transaction.timeout.ms = 60000
	transactional.id = null
	value.serializer = class org.springframework.kafka.support.serializer.JsonSerializer

2025-12-06 08:26:34 INFO  o.a.k.c.t.i.KafkaMetricsCollector - initializing Kafka metrics collector
2025-12-06 08:26:34 INFO  o.a.k.clients.producer.KafkaProducer - [Producer clientId=producer-5] Instantiated an idempotent producer.
2025-12-06 08:26:34 INFO  o.a.kafka.common.utils.AppInfoParser - Kafka version: 3.9.1
2025-12-06 08:26:34 INFO  o.a.kafka.common.utils.AppInfoParser - Kafka commitId: f745dfdcee2b9851
2025-12-06 08:26:34 INFO  o.a.kafka.common.utils.AppInfoParser - Kafka startTimeMs: 1765009594578
2025-12-06 08:26:34 INFO  org.apache.kafka.clients.Metadata - [Producer clientId=producer-5] Cluster ID: t2JrPBsJQV-sLgVp4mg6-g
2025-12-06 08:26:34 INFO  o.a.k.c.p.i.TransactionManager - [Producer clientId=producer-5] ProducerId set to 1006 with epoch 0
2025-12-06 08:26:34 INFO  c.P.U.r.s.ReconciliationService - Published reconciliation result to Kafka. normalizedKey=afif@upi|rahul@upi|100.00|2024-12-10T10:15:30
2025-12-06 08:26:34 INFO  c.P.U.r.s.ReconciliationService - Reconciliation process completed successfully
2025-12-06 08:26:37 INFO  o.a.k.c.c.i.ConsumerCoordinator - [Consumer clientId=consumer-recon-group-5, groupId=recon-group] Successfully joined group with generation Generation{generationId=11, memberId='consumer-recon-group-5-3317c2ec-7083-4f87-981b-be773257b2d6', protocol='range'}
2025-12-06 08:26:37 INFO  o.a.k.c.c.i.ConsumerCoordinator - [Consumer clientId=consumer-recon-group-5, groupId=recon-group] Finished assignment for group at generation 11: {consumer-recon-group-5-3317c2ec-7083-4f87-981b-be773257b2d6=Assignment(partitions=[normalized-transactions-0])}
2025-12-06 08:26:37 INFO  o.a.k.c.c.i.ConsumerCoordinator - [Consumer clientId=consumer-recon-group-5, groupId=recon-group] Successfully synced group in generation Generation{generationId=11, memberId='consumer-recon-group-5-3317c2ec-7083-4f87-981b-be773257b2d6', protocol='range'}
2025-12-06 08:26:37 INFO  o.a.k.c.c.i.ConsumerCoordinator - [Consumer clientId=consumer-recon-group-5, groupId=recon-group] Notifying assignor about the new Assignment(partitions=[normalized-transactions-0])
2025-12-06 08:26:37 INFO  o.a.k.c.c.i.ConsumerRebalanceListenerInvoker - [Consumer clientId=consumer-recon-group-5, groupId=recon-group] Adding newly assigned partitions: normalized-transactions-0
2025-12-06 08:26:37 INFO  o.a.k.c.c.internals.ConsumerUtils - Setting offset for partition normalized-transactions-0 to the committed offset FetchPosition{offset=2, offsetEpoch=Optional.empty, currentLeader=LeaderAndEpoch{leader=Optional[kafka:9092 (id: 1 rack: null)], epoch=0}}
2025-12-06 08:26:37 INFO  o.s.k.l.KafkaMessageListenerContainer - recon-group: partitions assigned: [normalized-transactions-0]
2025-12-06 08:26:43 INFO  o.s.b.d.a.LocalDevToolsAutoConfiguration$RestartingClassPathChangeChangedEventListener - Restarting due to 1 class path change (0 additions, 0 deletions, 1 modification)
2025-12-06 08:26:43 INFO  o.a.k.c.c.i.ConsumerRebalanceListenerInvoker - [Consumer clientId=consumer-recon-group-5, groupId=recon-group] Revoke previously assigned partitions normalized-transactions-0
2025-12-06 08:26:43 INFO  o.s.k.l.KafkaMessageListenerContainer - recon-group: partitions revoked: [normalized-transactions-0]
2025-12-06 08:26:43 INFO  o.a.k.c.c.i.ConsumerCoordinator - [Consumer clientId=consumer-recon-group-5, groupId=recon-group] Member consumer-recon-group-5-3317c2ec-7083-4f87-981b-be773257b2d6 sending LeaveGroup request to coordinator kafka:9092 (id: 2147483646 rack: null) due to the consumer unsubscribed from all topics
2025-12-06 08:26:43 INFO  o.a.k.c.c.i.ConsumerCoordinator - [Consumer clientId=consumer-recon-group-5, groupId=recon-group] Resetting generation and member id due to: consumer pro-actively leaving the group
2025-12-06 08:26:43 INFO  o.a.k.c.c.i.ConsumerCoordinator - [Consumer clientId=consumer-recon-group-5, groupId=recon-group] Request joining group due to: consumer pro-actively leaving the group
2025-12-06 08:26:43 INFO  o.a.k.c.c.i.ClassicKafkaConsumer - [Consumer clientId=consumer-recon-group-5, groupId=recon-group] Unsubscribed all topics or patterns and assigned partitions
2025-12-06 08:26:43 INFO  o.a.k.c.c.i.ConsumerCoordinator - [Consumer clientId=consumer-recon-group-5, groupId=recon-group] Resetting generation and member id due to: consumer pro-actively leaving the group
2025-12-06 08:26:43 INFO  o.a.k.c.c.i.ConsumerCoordinator - [Consumer clientId=consumer-recon-group-5, groupId=recon-group] Request joining group due to: consumer pro-actively leaving the group
2025-12-06 08:26:44 INFO  o.a.kafka.common.metrics.Metrics - Metrics scheduler closed
2025-12-06 08:26:44 INFO  o.a.kafka.common.metrics.Metrics - Closing reporter org.apache.kafka.common.metrics.JmxReporter
2025-12-06 08:26:44 INFO  o.a.kafka.common.metrics.Metrics - Closing reporter org.apache.kafka.common.telemetry.internals.ClientTelemetryReporter
2025-12-06 08:26:44 INFO  o.a.kafka.common.metrics.Metrics - Metrics reporters closed
2025-12-06 08:26:44 INFO  o.a.kafka.common.utils.AppInfoParser - App info kafka.consumer for consumer-recon-group-5 unregistered
2025-12-06 08:26:44 INFO  o.s.k.l.KafkaMessageListenerContainer - recon-group: Consumer stopped
2025-12-06 08:26:44 INFO  o.s.b.w.e.tomcat.GracefulShutdown - Commencing graceful shutdown. Waiting for active requests to complete
2025-12-06 08:26:44 INFO  o.a.coyote.http11.Http11NioProtocol - Pausing ProtocolHandler ["http-nio-8084"]
2025-12-06 08:26:44 INFO  o.s.b.w.e.tomcat.GracefulShutdown - Graceful shutdown complete
2025-12-06 08:26:44 INFO  o.a.coyote.http11.Http11NioProtocol - Stopping ProtocolHandler ["http-nio-8084"]
2025-12-06 08:26:44 INFO  o.a.k.clients.producer.KafkaProducer - [Producer clientId=producer-5] Closing the Kafka producer with timeoutMillis = 30000 ms.
2025-12-06 08:26:44 INFO  o.a.kafka.common.metrics.Metrics - Metrics scheduler closed
2025-12-06 08:26:44 INFO  o.a.kafka.common.metrics.Metrics - Closing reporter org.apache.kafka.common.metrics.JmxReporter
2025-12-06 08:26:44 INFO  o.a.kafka.common.metrics.Metrics - Closing reporter org.apache.kafka.common.telemetry.internals.ClientTelemetryReporter
2025-12-06 08:26:44 INFO  o.a.kafka.common.metrics.Metrics - Metrics reporters closed
2025-12-06 08:26:44 INFO  o.a.kafka.common.utils.AppInfoParser - App info kafka.producer for producer-5 unregistered
2025-12-06 08:26:44 INFO  o.s.o.j.LocalContainerEntityManagerFactoryBean - Closing JPA EntityManagerFactory for persistence unit 'default'
2025-12-06 08:26:44 INFO  com.zaxxer.hikari.HikariDataSource - HikariPool-6 - Shutdown initiated...
2025-12-06 08:26:44 INFO  com.zaxxer.hikari.HikariDataSource - HikariPool-6 - Shutdown completed.
